crack_depth_mm,internal_pressure_mpa,ki_over_kic
1.000,2.000,0.000501
1.250,2.000,0.000560
1.500,2.000,0.000614
1.750,2.000,0.000663
2.000,2.000,0.000708
2.250,2.000,0.000751
2.500,2.000,0.000792
2.750,2.000,0.000831
3.000,2.000,0.000868
3.250,2.000,0.000903
3.500,2.000,0.000937
3.750,2.000,0.000970
4.000,2.000,0.001002
4.250,2.000,0.001033
4.500,2.000,0.001063
4.750,2.000,0.001092
5.000,2.000,0.001120
5.250,2.000,0.001148
5.500,2.000,0.001175
5.750,2.000,0.001201
6.000,2.000,0.001227
6.250,2.000,0.001252
6.500,2.000,0.001277
6.750,2.000,0.001302
7.000,2.000,0.001325
7.250,2.000,0.001349
7.500,2.000,0.001372
7.750,2.000,0.001395
8.000,2.000,0.001417
8.250,2.000,0.001439
8.500,2.000,0.001461
8.750,2.000,0.001482
9.000,2.000,0.001503
9.250,2.000,0.001524
9.500,2.000,0.001544
9.750,2.000,0.001564
10.000,2.000,0.001584
10.250,2.000,0.001604
10.500,2.000,0.001623
10.750,2.000,0.001642
11.000,2.000,0.001661
11.250,2.000,0.001680
11.500,2.000,0.001699
11.750,2.000,0.001717
12.000,2.000,0.001735
12.250,2.000,0.001753
12.500,2.000,0.001771
12.750,2.000,0.001789
13.000,2.000,0.001806
13.250,2.000,0.001823
13.500,2.000,0.001841
13.750,2.000,0.001858
14.000,2.000,0.001874
14.250,2.000,0.001891
14.500,2.000,0.001908
14.750,2.000,0.001924
15.000,2.000,0.001940
15.250,2.000,0.001956
15.500,2.000,0.001972
15.750,2.000,0.001988
16.000,2.000,0.002004
16.250,2.000,0.002019
16.500,2.000,0.002035
16.750,2.000,0.002050
17.000,2.000,0.002065
17.250,2.000,0.002081
17.500,2.000,0.002096
17.750,2.000,0.002111
18.000,2.000,0.002125
18.250,2.000,0.002140
18.500,2.000,0.002155
18.750,2.000,0.002169
19.000,2.000,0.002184
19.250,2.000,0.002198
19.500,2.000,0.002212
19.750,2.000,0.002226
20.000,2.000,0.002240
20.250,2.000,0.002254
20.500,2.000,0.002268
20.750,2.000,0.002282
21.000,2.000,0.002296
21.250,2.000,0.002309
21.500,2.000,0.002323
21.750,2.000,0.002336
22.000,2.000,0.002350
22.250,2.000,0.002363
22.500,2.000,0.002376
22.750,2.000,0.002389
23.000,2.000,0.002402
23.250,2.000,0.002416
23.500,2.000,0.002428
23.750,2.000,0.002441
24.000,2.000,0.002454
24.250,2.000,0.002467
24.500,2.000,0.002480
24.750,2.000,0.002492
25.000,2.000,0.002505
25.250,2.000,0.002517
25.500,2.000,0.002530
25.750,2.000,0.002542
26.000,2.000,0.002554
26.250,2.000,0.002567
26.500,2.000,0.002579
26.750,2.000,0.002591
27.000,2.000,0.002603
27.250,2.000,0.002615
27.500,2.000,0.002627
27.750,2.000,0.002639
28.000,2.000,0.002651
28.250,2.000,0.002663
28.500,2.000,0.002674
28.750,2.000,0.002686
29.000,2.000,0.002698
29.250,2.000,0.002709
29.500,2.000,0.002721
29.750,2.000,0.002732
30.000,2.000,0.002744
30.250,2.000,0.002755
30.500,2.000,0.002767
30.750,2.000,0.002778
31.000,2.000,0.002789
31.250,2.000,0.002800
31.500,2.000,0.002812
31.750,2.000,0.002823
32.000,2.000,0.002834
32.250,2.000,0.002845
32.500,2.000,0.002856
32.750,2.000,0.002867
33.000,2.000,0.002878
33.250,2.000,0.002889
33.500,2.000,0.002899
33.750,2.000,0.002910
34.000,2.000,0.002921
34.250,2.000,0.002932
34.500,2.000,0.002942
34.750,2.000,0.002953
35.000,2.000,0.002964
35.250,2.000,0.002974
35.500,2.000,0.002985
35.750,2.000,0.002995
36.000,2.000,0.003006
36.250,2.000,0.003016
36.500,2.000,0.003027
36.750,2.000,0.003037
37.000,2.000,0.003047
37.250,2.000,0.003057
37.500,2.000,0.003068
37.750,2.000,0.003078
38.000,2.000,0.003088
38.250,2.000,0.003098
38.500,2.000,0.003108
38.750,2.000,0.003118
39.000,2.000,0.003128
39.250,2.000,0.003138
39.500,2.000,0.003148
39.750,2.000,0.003158
40.000,2.000,0.003168
40.250,2.000,0.003178
40.500,2.000,0.003188
40.750,2.000,0.003198
41.000,2.000,0.003208
41.250,2.000,0.003217
41.500,2.000,0.003227
41.750,2.000,0.003237
42.000,2.000,0.003247
42.250,2.000,0.003256
42.500,2.000,0.003266
42.750,2.000,0.003275
43.000,2.000,0.003285
43.250,2.000,0.003294
43.500,2.000,0.003304
43.750,2.000,0.003313
44.000,2.000,0.003323
44.250,2.000,0.003332
44.500,2.000,0.003342
44.750,2.000,0.003351
45.000,2.000,0.003360
1.000,2.125,0.002149
1.250,2.125,0.002402
1.500,2.125,0.002632
1.750,2.125,0.002843
2.000,2.125,0.003039
2.250,2.125,0.003223
2.500,2.125,0.003398
2.750,2.125,0.003563
3.000,2.125,0.003722
3.250,2.125,0.003874
3.500,2.125,0.004020
3.750,2.125,0.004161
4.000,2.125,0.004298
4.250,2.125,0.004430
4.500,2.125,0.004558
4.750,2.125,0.004683
5.000,2.125,0.004805
5.250,2.125,0.004924
5.500,2.125,0.005039
5.750,2.125,0.005153
6.000,2.125,0.005264
6.250,2.125,0.005372
6.500,2.125,0.005478
6.750,2.125,0.005583
7.000,2.125,0.005685
7.250,2.125,0.005786
7.500,2.125,0.005885
7.750,2.125,0.005982
8.000,2.125,0.006078
8.250,2.125,0.006172
8.500,2.125,0.006265
8.750,2.125,0.006356
9.000,2.125,0.006446
9.250,2.125,0.006535
9.500,2.125,0.006623
9.750,2.125,0.006710
10.000,2.125,0.006795
10.250,2.125,0.006880
10.500,2.125,0.006963
10.750,2.125,0.007045
11.000,2.125,0.007127
11.250,2.125,0.007207
11.500,2.125,0.007287
11.750,2.125,0.007366
12.000,2.125,0.007444
12.250,2.125,0.007521
12.500,2.125,0.007597
12.750,2.125,0.007673
13.000,2.125,0.007748
13.250,2.125,0.007822
13.500,2.125,0.007895
13.750,2.125,0.007968
14.000,2.125,0.008040
14.250,2.125,0.008112
14.500,2.125,0.008182
14.750,2.125,0.008253
15.000,2.125,0.008322
15.250,2.125,0.008391
15.500,2.125,0.008460
15.750,2.125,0.008528
16.000,2.125,0.008595
16.250,2.125,0.008662
16.500,2.125,0.008729
16.750,2.125,0.008794
17.000,2.125,0.008860
17.250,2.125,0.008925
17.500,2.125,0.008989
17.750,2.125,0.009053
18.000,2.125,0.009117
18.250,2.125,0.009180
18.500,2.125,0.009242
18.750,2.125,0.009305
19.000,2.125,0.009366
19.250,2.125,0.009428
19.500,2.125,0.009489
19.750,2.125,0.009550
20.000,2.125,0.009610
20.250,2.125,0.009670
20.500,2.125,0.009729
20.750,2.125,0.009788
21.000,2.125,0.009847
21.250,2.125,0.009906
21.500,2.125,0.009964
21.750,2.125,0.010021
22.000,2.125,0.010079
22.250,2.125,0.010136
22.500,2.125,0.010193
22.750,2.125,0.010249
23.000,2.125,0.010305
23.250,2.125,0.010361
23.500,2.125,0.010417
23.750,2.125,0.010472
24.000,2.125,0.010527
24.250,2.125,0.010582
24.500,2.125,0.010636
24.750,2.125,0.010690
25.000,2.125,0.010744
25.250,2.125,0.010798
25.500,2.125,0.010851
25.750,2.125,0.010904
26.000,2.125,0.010957
26.250,2.125,0.011009
26.500,2.125,0.011062
26.750,2.125,0.011114
27.000,2.125,0.011166
27.250,2.125,0.011217
27.500,2.125,0.011269
27.750,2.125,0.011320
28.000,2.125,0.011370
28.250,2.125,0.011421
28.500,2.125,0.011472
28.750,2.125,0.011522
29.000,2.125,0.011572
29.250,2.125,0.011622
29.500,2.125,0.011671
29.750,2.125,0.011720
30.000,2.125,0.011770
30.250,2.125,0.011819
30.500,2.125,0.011867
30.750,2.125,0.011916
31.000,2.125,0.011964
31.250,2.125,0.012012
31.500,2.125,0.012060
31.750,2.125,0.012108
32.000,2.125,0.012156
32.250,2.125,0.012203
32.500,2.125,0.012250
32.750,2.125,0.012297
33.000,2.125,0.012344
33.250,2.125,0.012391
33.500,2.125,0.012437
33.750,2.125,0.012484
34.000,2.125,0.012530
34.250,2.125,0.012576
34.500,2.125,0.012621
34.750,2.125,0.012667
35.000,2.125,0.012713
35.250,2.125,0.012758
35.500,2.125,0.012803
35.750,2.125,0.012848
36.000,2.125,0.012893
36.250,2.125,0.012938
36.500,2.125,0.012982
36.750,2.125,0.013027
37.000,2.125,0.013071
37.250,2.125,0.013115
37.500,2.125,0.013159
37.750,2.125,0.013203
38.000,2.125,0.013246
38.250,2.125,0.013290
38.500,2.125,0.013333
38.750,2.125,0.013376
39.000,2.125,0.013419
39.250,2.125,0.013462
39.500,2.125,0.013505
39.750,2.125,0.013548
40.000,2.125,0.013590
40.250,2.125,0.013633
40.500,2.125,0.013675
40.750,2.125,0.013717
41.000,2.125,0.013759
41.250,2.125,0.013801
41.500,2.125,0.013843
41.750,2.125,0.013884
42.000,2.125,0.013926
42.250,2.125,0.013967
42.500,2.125,0.014009
42.750,2.125,0.014050
43.000,2.125,0.014091
43.250,2.125,0.014132
43.500,2.125,0.014172
43.750,2.125,0.014213
44.000,2.125,0.014254
44.250,2.125,0.014294
44.500,2.125,0.014334
44.750,2.125,0.014375
45.000,2.125,0.014415
1.000,2.250,0.003797
1.250,2.250,0.004245
1.500,2.250,0.004650
1.750,2.250,0.005023
2.000,2.250,0.005369
2.250,2.250,0.005695
2.500,2.250,0.006003
2.750,2.250,0.006296
3.000,2.250,0.006576
3.250,2.250,0.006845
3.500,2.250,0.007103
3.750,2.250,0.007352
4.000,2.250,0.007593
4.250,2.250,0.007827
4.500,2.250,0.008054
4.750,2.250,0.008275
5.000,2.250,0.008490
5.250,2.250,0.008699
5.500,2.250,0.008904
5.750,2.250,0.009104
6.000,2.250,0.009300
6.250,2.250,0.009492
6.500,2.250,0.009680
6.750,2.250,0.009864
7.000,2.250,0.010045
7.250,2.250,0.010223
7.500,2.250,0.010398
7.750,2.250,0.010570
8.000,2.250,0.010739
8.250,2.250,0.010905
8.500,2.250,0.011069
8.750,2.250,0.011231
9.000,2.250,0.011390
9.250,2.250,0.011547
9.500,2.250,0.011702
9.750,2.250,0.011855
10.000,2.250,0.012006
10.250,2.250,0.012155
10.500,2.250,0.012303
10.750,2.250,0.012448
11.000,2.250,0.012592
11.250,2.250,0.012734
11.500,2.250,0.012875
11.750,2.250,0.013014
12.000,2.250,0.013152
12.250,2.250,0.013288
12.500,2.250,0.013423
12.750,2.250,0.013557
13.000,2.250,0.013689
13.250,2.250,0.013820
13.500,2.250,0.013950
13.750,2.250,0.014078
14.000,2.250,0.014206
14.250,2.250,0.014332
14.500,2.250,0.014457
14.750,2.250,0.014581
15.000,2.250,0.014705
15.250,2.250,0.014827
15.500,2.250,0.014948
15.750,2.250,0.015068
16.000,2.250,0.015187
16.250,2.250,0.015305
16.500,2.250,0.015422
16.750,2.250,0.015539
17.000,2.250,0.015654
17.250,2.250,0.015769
17.500,2.250,0.015883
17.750,2.250,0.015996
18.000,2.250,0.016108
18.250,2.250,0.016219
18.500,2.250,0.016330
18.750,2.250,0.016440
19.000,2.250,0.016549
19.250,2.250,0.016658
19.500,2.250,0.016766
19.750,2.250,0.016873
20.000,2.250,0.016979
20.250,2.250,0.017085
20.500,2.250,0.017190
20.750,2.250,0.017295
21.000,2.250,0.017399
21.250,2.250,0.017502
21.500,2.250,0.017605
21.750,2.250,0.017707
22.000,2.250,0.017808
22.250,2.250,0.017909
22.500,2.250,0.018009
22.750,2.250,0.018109
23.000,2.250,0.018208
23.250,2.250,0.018307
23.500,2.250,0.018405
23.750,2.250,0.018503
24.000,2.250,0.018600
24.250,2.250,0.018697
24.500,2.250,0.018793
24.750,2.250,0.018888
25.000,2.250,0.018983
25.250,2.250,0.019078
25.500,2.250,0.019172
25.750,2.250,0.019266
26.000,2.250,0.019359
26.250,2.250,0.019452
26.500,2.250,0.019545
26.750,2.250,0.019637
27.000,2.250,0.019728
27.250,2.250,0.019819
27.500,2.250,0.019910
27.750,2.250,0.020000
28.000,2.250,0.020090
28.250,2.250,0.020180
28.500,2.250,0.020269
28.750,2.250,0.020357
29.000,2.250,0.020446
29.250,2.250,0.020534
29.500,2.250,0.020621
29.750,2.250,0.020708
30.000,2.250,0.020795
30.250,2.250,0.020882
30.500,2.250,0.020968
30.750,2.250,0.021054
31.000,2.250,0.021139
31.250,2.250,0.021224
31.500,2.250,0.021309
31.750,2.250,0.021393
32.000,2.250,0.021477
32.250,2.250,0.021561
32.500,2.250,0.021644
32.750,2.250,0.021728
33.000,2.250,0.021810
33.250,2.250,0.021893
33.500,2.250,0.021975
33.750,2.250,0.022057
34.000,2.250,0.022138
34.250,2.250,0.022220
34.500,2.250,0.022300
34.750,2.250,0.022381
35.000,2.250,0.022462
35.250,2.250,0.022542
35.500,2.250,0.022621
35.750,2.250,0.022701
36.000,2.250,0.022780
36.250,2.250,0.022859
36.500,2.250,0.022938
36.750,2.250,0.023016
37.000,2.250,0.023094
37.250,2.250,0.023172
37.500,2.250,0.023250
37.750,2.250,0.023327
38.000,2.250,0.023404
38.250,2.250,0.023481
38.500,2.250,0.023558
38.750,2.250,0.023634
39.000,2.250,0.023710
39.250,2.250,0.023786
39.500,2.250,0.023862
39.750,2.250,0.023937
40.000,2.250,0.024012
40.250,2.250,0.024087
40.500,2.250,0.024162
40.750,2.250,0.024236
41.000,2.250,0.024311
41.250,2.250,0.024385
41.500,2.250,0.024458
41.750,2.250,0.024532
42.000,2.250,0.024605
42.250,2.250,0.024678
42.500,2.250,0.024751
42.750,2.250,0.024824
43.000,2.250,0.024897
43.250,2.250,0.024969
43.500,2.250,0.025041
43.750,2.250,0.025113
44.000,2.250,0.025184
44.250,2.250,0.025256
44.500,2.250,0.025327
44.750,2.250,0.025398
45.000,2.250,0.025469
1.000,2.375,0.005445
1.250,2.375,0.006087
1.500,2.375,0.006668
1.750,2.375,0.007202
2.000,2.375,0.007700
2.250,2.375,0.008167
2.500,2.375,0.008609
2.750,2.375,0.009029
3.000,2.375,0.009430
3.250,2.375,0.009815
3.500,2.375,0.010186
3.750,2.375,0.010543
4.000,2.375,0.010889
4.250,2.375,0.011224
4.500,2.375,0.011550
4.750,2.375,0.011866
5.000,2.375,0.012174
5.250,2.375,0.012475
5.500,2.375,0.012769
5.750,2.375,0.013056
6.000,2.375,0.013336
6.250,2.375,0.013611
6.500,2.375,0.013881
6.750,2.375,0.014145
7.000,2.375,0.014405
7.250,2.375,0.014660
7.500,2.375,0.014911
7.750,2.375,0.015157
8.000,2.375,0.015400
8.250,2.375,0.015638
8.500,2.375,0.015873
8.750,2.375,0.016105
9.000,2.375,0.016334
9.250,2.375,0.016559
9.500,2.375,0.016781
9.750,2.375,0.017001
10.000,2.375,0.017217
10.250,2.375,0.017431
10.500,2.375,0.017642
10.750,2.375,0.017851
11.000,2.375,0.018058
11.250,2.375,0.018262
11.500,2.375,0.018463
11.750,2.375,0.018663
12.000,2.375,0.018860
12.250,2.375,0.019056
12.500,2.375,0.019249
12.750,2.375,0.019441
13.000,2.375,0.019631
13.250,2.375,0.019818
13.500,2.375,0.020005
13.750,2.375,0.020189
14.000,2.375,0.020372
14.250,2.375,0.020553
14.500,2.375,0.020732
14.750,2.375,0.020910
15.000,2.375,0.021087
15.250,2.375,0.021262
15.500,2.375,0.021435
15.750,2.375,0.021607
16.000,2.375,0.021778
16.250,2.375,0.021948
16.500,2.375,0.022116
16.750,2.375,0.022283
17.000,2.375,0.022448
17.250,2.375,0.022613
17.500,2.375,0.022776
17.750,2.375,0.022938
18.000,2.375,0.023099
18.250,2.375,0.023259
18.500,2.375,0.023418
18.750,2.375,0.023576
19.000,2.375,0.023732
19.250,2.375,0.023888
19.500,2.375,0.024042
19.750,2.375,0.024196
20.000,2.375,0.024349
20.250,2.375,0.024500
20.500,2.375,0.024651
20.750,2.375,0.024801
21.000,2.375,0.024950
21.250,2.375,0.025098
21.500,2.375,0.025245
21.750,2.375,0.025392
22.000,2.375,0.025537
22.250,2.375,0.025682
22.500,2.375,0.025826
22.750,2.375,0.025969
23.000,2.375,0.026111
23.250,2.375,0.026253
23.500,2.375,0.026393
23.750,2.375,0.026533
24.000,2.375,0.026673
24.250,2.375,0.026811
24.500,2.375,0.026949
24.750,2.375,0.027086
25.000,2.375,0.027223
25.250,2.375,0.027359
25.500,2.375,0.027494
25.750,2.375,0.027628
26.000,2.375,0.027762
26.250,2.375,0.027895
26.500,2.375,0.028028
26.750,2.375,0.028159
27.000,2.375,0.028291
27.250,2.375,0.028421
27.500,2.375,0.028551
27.750,2.375,0.028681
28.000,2.375,0.028810
28.250,2.375,0.028938
28.500,2.375,0.029066
28.750,2.375,0.029193
29.000,2.375,0.029320
29.250,2.375,0.029446
29.500,2.375,0.029571
29.750,2.375,0.029697
30.000,2.375,0.029821
30.250,2.375,0.029945
30.500,2.375,0.030069
30.750,2.375,0.030192
31.000,2.375,0.030314
31.250,2.375,0.030436
31.500,2.375,0.030557
31.750,2.375,0.030679
32.000,2.375,0.030799
32.250,2.375,0.030919
32.500,2.375,0.031039
32.750,2.375,0.031158
33.000,2.375,0.031277
33.250,2.375,0.031395
33.500,2.375,0.031513
33.750,2.375,0.031630
34.000,2.375,0.031747
34.250,2.375,0.031863
34.500,2.375,0.031980
34.750,2.375,0.032095
35.000,2.375,0.032210
35.250,2.375,0.032325
35.500,2.375,0.032440
35.750,2.375,0.032554
36.000,2.375,0.032667
36.250,2.375,0.032781
36.500,2.375,0.032893
36.750,2.375,0.033006
37.000,2.375,0.033118
37.250,2.375,0.033230
37.500,2.375,0.033341
37.750,2.375,0.033452
38.000,2.375,0.033562
38.250,2.375,0.033673
38.500,2.375,0.033783
38.750,2.375,0.033892
39.000,2.375,0.034001
39.250,2.375,0.034110
39.500,2.375,0.034218
39.750,2.375,0.034327
40.000,2.375,0.034434
40.250,2.375,0.034542
40.500,2.375,0.034649
40.750,2.375,0.034756
41.000,2.375,0.034862
41.250,2.375,0.034968
41.500,2.375,0.035074
41.750,2.375,0.035180
42.000,2.375,0.035285
42.250,2.375,0.035390
42.500,2.375,0.035494
42.750,2.375,0.035598
43.000,2.375,0.035702
43.250,2.375,0.035806
43.500,2.375,0.035909
43.750,2.375,0.036012
44.000,2.375,0.036115
44.250,2.375,0.036218
44.500,2.375,0.036320
44.750,2.375,0.036422
45.000,2.375,0.036523
1.000,2.500,0.007092
1.250,2.500,0.007930
1.500,2.500,0.008686
1.750,2.500,0.009382
2.000,2.500,0.010030
2.250,2.500,0.010639
2.500,2.500,0.011214
2.750,2.500,0.011761
3.000,2.500,0.012284
3.250,2.500,0.012786
3.500,2.500,0.013269
3.750,2.500,0.013734
4.000,2.500,0.014185
4.250,2.500,0.014621
4.500,2.500,0.015045
4.750,2.500,0.015458
5.000,2.500,0.015859
5.250,2.500,0.016251
5.500,2.500,0.016633
5.750,2.500,0.017007
6.000,2.500,0.017373
6.250,2.500,0.017731
6.500,2.500,0.018082
6.750,2.500,0.018427
7.000,2.500,0.018765
7.250,2.500,0.019097
7.500,2.500,0.019423
7.750,2.500,0.019744
8.000,2.500,0.020060
8.250,2.500,0.020371
8.500,2.500,0.020678
8.750,2.500,0.020980
9.000,2.500,0.021277
9.250,2.500,0.021571
9.500,2.500,0.021860
9.750,2.500,0.022146
10.000,2.500,0.022428
10.250,2.500,0.022707
10.500,2.500,0.022982
10.750,2.500,0.023254
11.000,2.500,0.023523
11.250,2.500,0.023789
11.500,2.500,0.024052
11.750,2.500,0.024312
12.000,2.500,0.024569
12.250,2.500,0.024823
12.500,2.500,0.025075
12.750,2.500,0.025325
13.000,2.500,0.025572
13.250,2.500,0.025817
13.500,2.500,0.026059
13.750,2.500,0.026299
14.000,2.500,0.026537
14.250,2.500,0.026773
14.500,2.500,0.027007
14.750,2.500,0.027239
15.000,2.500,0.027469
15.250,2.500,0.027697
15.500,2.500,0.027923
15.750,2.500,0.028147
16.000,2.500,0.028370
16.250,2.500,0.028590
16.500,2.500,0.028810
16.750,2.500,0.029027
17.000,2.500,0.029243
17.250,2.500,0.029457
17.500,2.500,0.029670
17.750,2.500,0.029881
18.000,2.500,0.030091
18.250,2.500,0.030299
18.500,2.500,0.030506
18.750,2.500,0.030711
19.000,2.500,0.030915
19.250,2.500,0.031118
19.500,2.500,0.031319
19.750,2.500,0.031519
20.000,2.500,0.031718
20.250,2.500,0.031916
20.500,2.500,0.032112
20.750,2.500,0.032308
21.000,2.500,0.032502
21.250,2.500,0.032694
21.500,2.500,0.032886
21.750,2.500,0.033077
22.000,2.500,0.033266
22.250,2.500,0.033455
22.500,2.500,0.033642
22.750,2.500,0.033829
23.000,2.500,0.034014
23.250,2.500,0.034198
23.500,2.500,0.034382
23.750,2.500,0.034564
24.000,2.500,0.034746
24.250,2.500,0.034926
24.500,2.500,0.035106
24.750,2.500,0.035284
25.000,2.500,0.035462
25.250,2.500,0.035639
25.500,2.500,0.035815
25.750,2.500,0.035990
26.000,2.500,0.036164
26.250,2.500,0.036338
26.500,2.500,0.036510
26.750,2.500,0.036682
27.000,2.500,0.036853
27.250,2.500,0.037024
27.500,2.500,0.037193
27.750,2.500,0.037362
28.000,2.500,0.037530
28.250,2.500,0.037697
28.500,2.500,0.037863
28.750,2.500,0.038029
29.000,2.500,0.038194
29.250,2.500,0.038358
29.500,2.500,0.038522
29.750,2.500,0.038685
30.000,2.500,0.038847
30.250,2.500,0.039008
30.500,2.500,0.039169
30.750,2.500,0.039329
31.000,2.500,0.039489
31.250,2.500,0.039648
31.500,2.500,0.039806
31.750,2.500,0.039964
32.000,2.500,0.040121
32.250,2.500,0.040277
32.500,2.500,0.040433
32.750,2.500,0.040588
33.000,2.500,0.040743
33.250,2.500,0.040897
33.500,2.500,0.041050
33.750,2.500,0.041203
34.000,2.500,0.041356
34.250,2.500,0.041507
34.500,2.500,0.041659
34.750,2.500,0.041809
35.000,2.500,0.041959
35.250,2.500,0.042109
35.500,2.500,0.042258
35.750,2.500,0.042407
36.000,2.500,0.042555
36.250,2.500,0.042702
36.500,2.500,0.042849
36.750,2.500,0.042996
37.000,2.500,0.043142
37.250,2.500,0.043287
37.500,2.500,0.043432
37.750,2.500,0.043577
38.000,2.500,0.043721
38.250,2.500,0.043864
38.500,2.500,0.044007
38.750,2.500,0.044150
39.000,2.500,0.044292
39.250,2.500,0.044434
39.500,2.500,0.044575
39.750,2.500,0.044716
40.000,2.500,0.044856
40.250,2.500,0.044996
40.500,2.500,0.045136
40.750,2.500,0.045275
41.000,2.500,0.045414
41.250,2.500,0.045552
41.500,2.500,0.045690
41.750,2.500,0.045827
42.000,2.500,0.045964
42.250,2.500,0.046101
42.500,2.500,0.046237
42.750,2.500,0.046373
43.000,2.500,0.046508
43.250,2.500,0.046643
43.500,2.500,0.046778
43.750,2.500,0.046912
44.000,2.500,0.047046
44.250,2.500,0.047179
44.500,2.500,0.047312
44.750,2.500,0.047445
45.000,2.500,0.047577
1.000,2.625,0.008740
1.250,2.625,0.009772
1.500,2.625,0.010705
1.750,2.625,0.011562
2.000,2.625,0.012361
2.250,2.625,0.013110
2.500,2.625,0.013820
2.750,2.625,0.014494
3.000,2.625,0.015139
3.250,2.625,0.015757
3.500,2.625,0.016352
3.750,2.625,0.016925
4.000,2.625,0.017481
4.250,2.625,0.018019
4.500,2.625,0.018541
4.750,2.625,0.019049
5.000,2.625,0.019544
5.250,2.625,0.020027
5.500,2.625,0.020498
5.750,2.625,0.020958
6.000,2.625,0.021409
6.250,2.625,0.021851
6.500,2.625,0.022283
6.750,2.625,0.022708
7.000,2.625,0.023125
7.250,2.625,0.023534
7.500,2.625,0.023936
7.750,2.625,0.024332
8.000,2.625,0.024721
8.250,2.625,0.025105
8.500,2.625,0.025482
8.750,2.625,0.025854
9.000,2.625,0.026221
9.250,2.625,0.026583
9.500,2.625,0.026939
9.750,2.625,0.027292
10.000,2.625,0.027639
10.250,2.625,0.027983
10.500,2.625,0.028322
10.750,2.625,0.028657
11.000,2.625,0.028988
11.250,2.625,0.029316
11.500,2.625,0.029640
11.750,2.625,0.029960
12.000,2.625,0.030277
12.250,2.625,0.030591
12.500,2.625,0.030902
12.750,2.625,0.031209
13.000,2.625,0.031514
13.250,2.625,0.031815
13.500,2.625,0.032114
13.750,2.625,0.032410
14.000,2.625,0.032703
14.250,2.625,0.032994
14.500,2.625,0.033282
14.750,2.625,0.033568
15.000,2.625,0.033851
15.250,2.625,0.034132
15.500,2.625,0.034411
15.750,2.625,0.034687
16.000,2.625,0.034961
16.250,2.625,0.035233
16.500,2.625,0.035503
16.750,2.625,0.035771
17.000,2.625,0.036037
17.250,2.625,0.036301
17.500,2.625,0.036563
17.750,2.625,0.036823
18.000,2.625,0.037082
18.250,2.625,0.037339
18.500,2.625,0.037593
18.750,2.625,0.037847
19.000,2.625,0.038098
19.250,2.625,0.038348
19.500,2.625,0.038596
19.750,2.625,0.038843
20.000,2.625,0.039088
20.250,2.625,0.039331
20.500,2.625,0.039573
20.750,2.625,0.039814
21.000,2.625,0.040053
21.250,2.625,0.040291
21.500,2.625,0.040527
21.750,2.625,0.040762
22.000,2.625,0.040996
22.250,2.625,0.041228
22.500,2.625,0.041459
22.750,2.625,0.041689
23.000,2.625,0.041917
23.250,2.625,0.042144
23.500,2.625,0.042370
23.750,2.625,0.042595
24.000,2.625,0.042818
24.250,2.625,0.043041
24.500,2.625,0.043262
24.750,2.625,0.043482
25.000,2.625,0.043701
25.250,2.625,0.043919
25.500,2.625,0.044136
25.750,2.625,0.044352
26.000,2.625,0.044567
26.250,2.625,0.044781
26.500,2.625,0.044993
26.750,2.625,0.045205
27.000,2.625,0.045416
27.250,2.625,0.045626
27.500,2.625,0.045834
27.750,2.625,0.046042
28.000,2.625,0.046249
28.250,2.625,0.046455
28.500,2.625,0.046660
28.750,2.625,0.046865
29.000,2.625,0.047068
29.250,2.625,0.047270
29.500,2.625,0.047472
29.750,2.625,0.047673
30.000,2.625,0.047873
30.250,2.625,0.048072
30.500,2.625,0.048270
30.750,2.625,0.048467
31.000,2.625,0.048664
31.250,2.625,0.048860
31.500,2.625,0.049055
31.750,2.625,0.049249
32.000,2.625,0.049443
32.250,2.625,0.049635
32.500,2.625,0.049827
32.750,2.625,0.050019
33.000,2.625,0.050209
33.250,2.625,0.050399
33.500,2.625,0.050588
33.750,2.625,0.050776
34.000,2.625,0.050964
34.250,2.625,0.051151
34.500,2.625,0.051338
34.750,2.625,0.051523
35.000,2.625,0.051708
35.250,2.625,0.051893
35.500,2.625,0.052076
35.750,2.625,0.052259
36.000,2.625,0.052442
36.250,2.625,0.052624
36.500,2.625,0.052805
36.750,2.625,0.052985
37.000,2.625,0.053165
37.250,2.625,0.053344
37.500,2.625,0.053523
37.750,2.625,0.053701
38.000,2.625,0.053879
38.250,2.625,0.054056
38.500,2.625,0.054232
38.750,2.625,0.054408
39.000,2.625,0.054583
39.250,2.625,0.054758
39.500,2.625,0.054932
39.750,2.625,0.055105
40.000,2.625,0.055278
40.250,2.625,0.055451
40.500,2.625,0.055623
40.750,2.625,0.055794
41.000,2.625,0.055965
41.250,2.625,0.056136
41.500,2.625,0.056305
41.750,2.625,0.056475
42.000,2.625,0.056644
42.250,2.625,0.056812
42.500,2.625,0.056980
42.750,2.625,0.057147
43.000,2.625,0.057314
43.250,2.625,0.057480
43.500,2.625,0.057646
43.750,2.625,0.057812
44.000,2.625,0.057977
44.250,2.625,0.058141
44.500,2.625,0.058305
44.750,2.625,0.058469
45.000,2.625,0.058632
1.000,2.750,0.010388
1.250,2.750,0.011614
1.500,2.750,0.012723
1.750,2.750,0.013742
2.000,2.750,0.014691
2.250,2.750,0.015582
2.500,2.750,0.016425
2.750,2.750,0.017227
3.000,2.750,0.017993
3.250,2.750,0.018728
3.500,2.750,0.019434
3.750,2.750,0.020117
4.000,2.750,0.020776
4.250,2.750,0.021416
4.500,2.750,0.022037
4.750,2.750,0.022640
5.000,2.750,0.023229
5.250,2.750,0.023802
5.500,2.750,0.024362
5.750,2.750,0.024910
6.000,2.750,0.025446
6.250,2.750,0.025970
6.500,2.750,0.026485
6.750,2.750,0.026989
7.000,2.750,0.027484
7.250,2.750,0.027971
7.500,2.750,0.028449
7.750,2.750,0.028919
8.000,2.750,0.029382
8.250,2.750,0.029838
8.500,2.750,0.030286
8.750,2.750,0.030729
9.000,2.750,0.031164
9.250,2.750,0.031594
9.500,2.750,0.032018
9.750,2.750,0.032437
10.000,2.750,0.032850
10.250,2.750,0.033258
10.500,2.750,0.033661
10.750,2.750,0.034060
11.000,2.750,0.034454
11.250,2.750,0.034843
11.500,2.750,0.035228
11.750,2.750,0.035609
12.000,2.750,0.035986
12.250,2.750,0.036359
12.500,2.750,0.036728
12.750,2.750,0.037093
13.000,2.750,0.037455
13.250,2.750,0.037813
13.500,2.750,0.038169
13.750,2.750,0.038520
14.000,2.750,0.038869
14.250,2.750,0.039214
14.500,2.750,0.039557
14.750,2.750,0.039896
15.000,2.750,0.040233
15.250,2.750,0.040567
15.500,2.750,0.040898
15.750,2.750,0.041227
16.000,2.750,0.041553
16.250,2.750,0.041876
16.500,2.750,0.042197
16.750,2.750,0.042515
17.000,2.750,0.042831
17.250,2.750,0.043145
17.500,2.750,0.043457
17.750,2.750,0.043766
18.000,2.750,0.044073
18.250,2.750,0.044378
18.500,2.750,0.044681
18.750,2.750,0.044982
19.000,2.750,0.045281
19.250,2.750,0.045578
19.500,2.750,0.045873
19.750,2.750,0.046166
20.000,2.750,0.046457
20.250,2.750,0.046747
20.500,2.750,0.047034
20.750,2.750,0.047320
21.000,2.750,0.047605
21.250,2.750,0.047887
21.500,2.750,0.048168
21.750,2.750,0.048447
22.000,2.750,0.048725
22.250,2.750,0.049001
22.500,2.750,0.049275
22.750,2.750,0.049548
23.000,2.750,0.049820
23.250,2.750,0.050090
23.500,2.750,0.050358
23.750,2.750,0.050626
24.000,2.750,0.050891
24.250,2.750,0.051156
24.500,2.750,0.051419
24.750,2.750,0.051680
25.000,2.750,0.051941
25.250,2.750,0.052200
25.500,2.750,0.052458
25.750,2.750,0.052714
26.000,2.750,0.052969
26.250,2.750,0.053223
26.500,2.750,0.053476
26.750,2.750,0.053728
27.000,2.750,0.053978
27.250,2.750,0.054228
27.500,2.750,0.054476
27.750,2.750,0.054723
28.000,2.750,0.054969
28.250,2.750,0.055214
28.500,2.750,0.055458
28.750,2.750,0.055700
29.000,2.750,0.055942
29.250,2.750,0.056183
29.500,2.750,0.056422
29.750,2.750,0.056661
30.000,2.750,0.056898
30.250,2.750,0.057135
30.500,2.750,0.057370
30.750,2.750,0.057605
31.000,2.750,0.057839
31.250,2.750,0.058072
31.500,2.750,0.058303
31.750,2.750,0.058534
32.000,2.750,0.058764
32.250,2.750,0.058993
32.500,2.750,0.059222
32.750,2.750,0.059449
33.000,2.750,0.059675
33.250,2.750,0.059901
33.500,2.750,0.060126
33.750,2.750,0.060350
34.000,2.750,0.060573
34.250,2.750,0.060795
34.500,2.750,0.061017
34.750,2.750,0.061237
35.000,2.750,0.061457
35.250,2.750,0.061676
35.500,2.750,0.061895
35.750,2.750,0.062112
36.000,2.750,0.062329
36.250,2.750,0.062545
36.500,2.750,0.062760
36.750,2.750,0.062975
37.000,2.750,0.063189
37.250,2.750,0.063402
37.500,2.750,0.063614
37.750,2.750,0.063826
38.000,2.750,0.064037
38.250,2.750,0.064247
38.500,2.750,0.064457
38.750,2.750,0.064666
39.000,2.750,0.064874
39.250,2.750,0.065082
39.500,2.750,0.065289
39.750,2.750,0.065495
40.000,2.750,0.065700
40.250,2.750,0.065905
40.500,2.750,0.066110
40.750,2.750,0.066314
41.000,2.750,0.066517
41.250,2.750,0.066719
41.500,2.750,0.066921
41.750,2.750,0.067122
42.000,2.750,0.067323
42.250,2.750,0.067523
42.500,2.750,0.067722
42.750,2.750,0.067921
43.000,2.750,0.068120
43.250,2.750,0.068317
43.500,2.750,0.068515
43.750,2.750,0.068711
44.000,2.750,0.068907
44.250,2.750,0.069103
44.500,2.750,0.069298
44.750,2.750,0.069492
45.000,2.750,0.069686
1.000,2.875,0.012036
1.250,2.875,0.013457
1.500,2.875,0.014741
1.750,2.875,0.015922
2.000,2.875,0.017022
2.250,2.875,0.018054
2.500,2.875,0.019031
2.750,2.875,0.019959
3.000,2.875,0.020847
3.250,2.875,0.021698
3.500,2.875,0.022517
3.750,2.875,0.023308
4.000,2.875,0.024072
4.250,2.875,0.024813
4.500,2.875,0.025532
4.750,2.875,0.026232
5.000,2.875,0.026913
5.250,2.875,0.027578
5.500,2.875,0.028227
5.750,2.875,0.028861
6.000,2.875,0.029482
6.250,2.875,0.030090
6.500,2.875,0.030686
6.750,2.875,0.031271
7.000,2.875,0.031844
7.250,2.875,0.032408
7.500,2.875,0.032962
7.750,2.875,0.033507
8.000,2.875,0.034043
8.250,2.875,0.034571
8.500,2.875,0.035091
8.750,2.875,0.035603
9.000,2.875,0.036108
9.250,2.875,0.036606
9.500,2.875,0.037098
9.750,2.875,0.037582
10.000,2.875,0.038061
10.250,2.875,0.038534
10.500,2.875,0.039001
10.750,2.875,0.039463
11.000,2.875,0.039919
11.250,2.875,0.040370
11.500,2.875,0.040816
11.750,2.875,0.041257
12.000,2.875,0.041694
12.250,2.875,0.042126
12.500,2.875,0.042554
12.750,2.875,0.042977
13.000,2.875,0.043397
13.250,2.875,0.043812
13.500,2.875,0.044223
13.750,2.875,0.044631
14.000,2.875,0.045035
14.250,2.875,0.045435
14.500,2.875,0.045832
14.750,2.875,0.046225
15.000,2.875,0.046615
15.250,2.875,0.047002
15.500,2.875,0.047386
15.750,2.875,0.047766
16.000,2.875,0.048144
16.250,2.875,0.048519
16.500,2.875,0.048891
16.750,2.875,0.049260
17.000,2.875,0.049626
17.250,2.875,0.049989
17.500,2.875,0.050350
17.750,2.875,0.050709
18.000,2.875,0.051065
18.250,2.875,0.051418
18.500,2.875,0.051769
18.750,2.875,0.052118
19.000,2.875,0.052464
19.250,2.875,0.052808
19.500,2.875,0.053150
19.750,2.875,0.053489
20.000,2.875,0.053827
20.250,2.875,0.054162
20.500,2.875,0.054495
20.750,2.875,0.054827
21.000,2.875,0.055156
21.250,2.875,0.055483
21.500,2.875,0.055809
21.750,2.875,0.056132
22.000,2.875,0.056454
22.250,2.875,0.056774
22.500,2.875,0.057092
22.750,2.875,0.057408
23.000,2.875,0.057723
23.250,2.875,0.058036
23.500,2.875,0.058347
23.750,2.875,0.058656
24.000,2.875,0.058964
24.250,2.875,0.059271
24.500,2.875,0.059575
24.750,2.875,0.059878
25.000,2.875,0.060180
25.250,2.875,0.060480
25.500,2.875,0.060779
25.750,2.875,0.061076
26.000,2.875,0.061372
26.250,2.875,0.061666
26.500,2.875,0.061959
26.750,2.875,0.062251
27.000,2.875,0.062541
27.250,2.875,0.062830
27.500,2.875,0.063117
27.750,2.875,0.063404
28.000,2.875,0.063689
28.250,2.875,0.063972
28.500,2.875,0.064255
28.750,2.875,0.064536
29.000,2.875,0.064816
29.250,2.875,0.065095
29.500,2.875,0.065372
29.750,2.875,0.065649
30.000,2.875,0.065924
30.250,2.875,0.066198
30.500,2.875,0.066471
30.750,2.875,0.066743
31.000,2.875,0.067014
31.250,2.875,0.067283
31.500,2.875,0.067552
31.750,2.875,0.067820
32.000,2.875,0.068086
32.250,2.875,0.068351
32.500,2.875,0.068616
32.750,2.875,0.068879
33.000,2.875,0.069142
33.250,2.875,0.069403
33.500,2.875,0.069664
33.750,2.875,0.069923
34.000,2.875,0.070181
34.250,2.875,0.070439
34.500,2.875,0.070696
34.750,2.875,0.070951
35.000,2.875,0.071206
35.250,2.875,0.071460
35.500,2.875,0.071713
35.750,2.875,0.071965
36.000,2.875,0.072216
36.250,2.875,0.072466
36.500,2.875,0.072716
36.750,2.875,0.072965
37.000,2.875,0.073212
37.250,2.875,0.073459
37.500,2.875,0.073705
37.750,2.875,0.073951
38.000,2.875,0.074195
38.250,2.875,0.074439
38.500,2.875,0.074682
38.750,2.875,0.074924
39.000,2.875,0.075165
39.250,2.875,0.075405
39.500,2.875,0.075645
39.750,2.875,0.075884
40.000,2.875,0.076122
40.250,2.875,0.076360
40.500,2.875,0.076597
40.750,2.875,0.076833
41.000,2.875,0.077068
41.250,2.875,0.077303
41.500,2.875,0.077537
41.750,2.875,0.077770
42.000,2.875,0.078002
42.250,2.875,0.078234
42.500,2.875,0.078465
42.750,2.875,0.078696
43.000,2.875,0.078925
43.250,2.875,0.079155
43.500,2.875,0.079383
43.750,2.875,0.079611
44.000,2.875,0.079838
44.250,2.875,0.080064
44.500,2.875,0.080290
44.750,2.875,0.080516
45.000,2.875,0.080740
1.000,3.000,0.013684
1.250,3.000,0.015299
1.500,3.000,0.016759
1.750,3.000,0.018102
2.000,3.000,0.019352
2.250,3.000,0.020526
2.500,3.000,0.021636
2.750,3.000,0.022692
3.000,3.000,0.023701
3.250,3.000,0.024669
3.500,3.000,0.025600
3.750,3.000,0.026499
4.000,3.000,0.027368
4.250,3.000,0.028210
4.500,3.000,0.029028
4.750,3.000,0.029823
5.000,3.000,0.030598
5.250,3.000,0.031354
5.500,3.000,0.032092
5.750,3.000,0.032813
6.000,3.000,0.033519
6.250,3.000,0.034210
6.500,3.000,0.034887
6.750,3.000,0.035552
7.000,3.000,0.036204
7.250,3.000,0.036845
7.500,3.000,0.037475
7.750,3.000,0.038094
8.000,3.000,0.038704
8.250,3.000,0.039304
8.500,3.000,0.039895
8.750,3.000,0.040477
9.000,3.000,0.041052
9.250,3.000,0.041618
9.500,3.000,0.042177
9.750,3.000,0.042728
10.000,3.000,0.043272
10.250,3.000,0.043810
10.500,3.000,0.044341
10.750,3.000,0.044866
11.000,3.000,0.045384
11.250,3.000,0.045897
11.500,3.000,0.046404
11.750,3.000,0.046906
12.000,3.000,0.047402
12.250,3.000,0.047894
12.500,3.000,0.048380
12.750,3.000,0.048861
13.000,3.000,0.049338
13.250,3.000,0.049810
13.500,3.000,0.050278
13.750,3.000,0.050741
14.000,3.000,0.051200
14.250,3.000,0.051656
14.500,3.000,0.052107
14.750,3.000,0.052554
15.000,3.000,0.052997
15.250,3.000,0.053437
15.500,3.000,0.053874
15.750,3.000,0.054306
16.000,3.000,0.054736
16.250,3.000,0.055162
16.500,3.000,0.055584
16.750,3.000,0.056004
17.000,3.000,0.056420
17.250,3.000,0.056833
17.500,3.000,0.057244
17.750,3.000,0.057651
18.000,3.000,0.058056
18.250,3.000,0.058458
18.500,3.000,0.058857
18.750,3.000,0.059253
19.000,3.000,0.059647
19.250,3.000,0.060038
19.500,3.000,0.060426
19.750,3.000,0.060813
20.000,3.000,0.061196
20.250,3.000,0.061578
20.500,3.000,0.061956
20.750,3.000,0.062333
21.000,3.000,0.062707
21.250,3.000,0.063080
21.500,3.000,0.063450
21.750,3.000,0.063817
22.000,3.000,0.064183
22.250,3.000,0.064547
22.500,3.000,0.064908
22.750,3.000,0.065268
23.000,3.000,0.065626
23.250,3.000,0.065981
23.500,3.000,0.066335
23.750,3.000,0.066687
24.000,3.000,0.067037
24.250,3.000,0.067385
24.500,3.000,0.067732
24.750,3.000,0.068076
25.000,3.000,0.068419
25.250,3.000,0.068761
25.500,3.000,0.069100
25.750,3.000,0.069438
26.000,3.000,0.069774
26.250,3.000,0.070109
26.500,3.000,0.070442
26.750,3.000,0.070774
27.000,3.000,0.071104
27.250,3.000,0.071432
27.500,3.000,0.071759
27.750,3.000,0.072084
28.000,3.000,0.072408
28.250,3.000,0.072731
28.500,3.000,0.073052
28.750,3.000,0.073372
29.000,3.000,0.073690
29.250,3.000,0.074007
29.500,3.000,0.074323
29.750,3.000,0.074637
30.000,3.000,0.074950
30.250,3.000,0.075261
30.500,3.000,0.075572
30.750,3.000,0.075881
31.000,3.000,0.076189
31.250,3.000,0.076495
31.500,3.000,0.076801
31.750,3.000,0.077105
32.000,3.000,0.077408
32.250,3.000,0.077710
32.500,3.000,0.078010
32.750,3.000,0.078310
33.000,3.000,0.078608
33.250,3.000,0.078905
33.500,3.000,0.079201
33.750,3.000,0.079496
34.000,3.000,0.079790
34.250,3.000,0.080083
34.500,3.000,0.080375
34.750,3.000,0.080665
35.000,3.000,0.080955
35.250,3.000,0.081244
35.500,3.000,0.081531
35.750,3.000,0.081818
36.000,3.000,0.082103
36.250,3.000,0.082388
36.500,3.000,0.082672
36.750,3.000,0.082954
37.000,3.000,0.083236
37.250,3.000,0.083517
37.500,3.000,0.083796
37.750,3.000,0.084075
38.000,3.000,0.084353
38.250,3.000,0.084630
38.500,3.000,0.084906
38.750,3.000,0.085182
39.000,3.000,0.085456
39.250,3.000,0.085729
39.500,3.000,0.086002
39.750,3.000,0.086274
40.000,3.000,0.086545
40.250,3.000,0.086815
40.500,3.000,0.087084
40.750,3.000,0.087352
41.000,3.000,0.087620
41.250,3.000,0.087886
41.500,3.000,0.088152
41.750,3.000,0.088417
42.000,3.000,0.088682
42.250,3.000,0.088945
42.500,3.000,0.089208
42.750,3.000,0.089470
43.000,3.000,0.089731
43.250,3.000,0.089992
43.500,3.000,0.090251
43.750,3.000,0.090510
44.000,3.000,0.090769
44.250,3.000,0.091026
44.500,3.000,0.091283
44.750,3.000,0.091539
45.000,3.000,0.091794
1.000,3.125,0.015332
1.250,3.125,0.017141
1.500,3.125,0.018777
1.750,3.125,0.020282
2.000,3.125,0.021682
2.250,3.125,0.022998
2.500,3.125,0.024242
2.750,3.125,0.025425
3.000,3.125,0.026555
3.250,3.125,0.027640
3.500,3.125,0.028683
3.750,3.125,0.029690
4.000,3.125,0.030664
4.250,3.125,0.031607
4.500,3.125,0.032524
4.750,3.125,0.033415
5.000,3.125,0.034283
5.250,3.125,0.035129
5.500,3.125,0.035956
5.750,3.125,0.036764
6.000,3.125,0.037555
6.250,3.125,0.038329
6.500,3.125,0.039088
6.750,3.125,0.039833
7.000,3.125,0.040564
7.250,3.125,0.041282
7.500,3.125,0.041988
7.750,3.125,0.042682
8.000,3.125,0.043365
8.250,3.125,0.044037
8.500,3.125,0.044699
8.750,3.125,0.045352
9.000,3.125,0.045995
9.250,3.125,0.046630
9.500,3.125,0.047256
9.750,3.125,0.047873
10.000,3.125,0.048483
10.250,3.125,0.049086
10.500,3.125,0.049681
10.750,3.125,0.050269
11.000,3.125,0.050850
11.250,3.125,0.051424
11.500,3.125,0.051993
11.750,3.125,0.052555
12.000,3.125,0.053111
12.250,3.125,0.053661
12.500,3.125,0.054206
12.750,3.125,0.054745
13.000,3.125,0.055279
13.250,3.125,0.055808
13.500,3.125,0.056332
13.750,3.125,0.056852
14.000,3.125,0.057366
14.250,3.125,0.057876
14.500,3.125,0.058382
14.750,3.125,0.058883
15.000,3.125,0.059380
15.250,3.125,0.059872
15.500,3.125,0.060361
15.750,3.125,0.060846
16.000,3.125,0.061327
16.250,3.125,0.061804
16.500,3.125,0.062278
16.750,3.125,0.062748
17.000,3.125,0.063214
17.250,3.125,0.063678
17.500,3.125,0.064137
17.750,3.125,0.064594
18.000,3.125,0.065047
18.250,3.125,0.065497
18.500,3.125,0.065944
18.750,3.125,0.066388
19.000,3.125,0.066830
19.250,3.125,0.067268
19.500,3.125,0.067703
19.750,3.125,0.068136
20.000,3.125,0.068566
20.250,3.125,0.068993
20.500,3.125,0.069417
20.750,3.125,0.069839
21.000,3.125,0.070259
21.250,3.125,0.070676
21.500,3.125,0.071090
21.750,3.125,0.071503
22.000,3.125,0.071912
22.250,3.125,0.072320
22.500,3.125,0.072725
22.750,3.125,0.073128
23.000,3.125,0.073529
23.250,3.125,0.073927
23.500,3.125,0.074323
23.750,3.125,0.074718
24.000,3.125,0.075110
24.250,3.125,0.075500
24.500,3.125,0.075888
24.750,3.125,0.076275
25.000,3.125,0.076659
25.250,3.125,0.077041
25.500,3.125,0.077422
25.750,3.125,0.077800
26.000,3.125,0.078177
26.250,3.125,0.078552
26.500,3.125,0.078925
26.750,3.125,0.079296
27.000,3.125,0.079666
27.250,3.125,0.080034
27.500,3.125,0.080400
27.750,3.125,0.080765
28.000,3.125,0.081128
28.250,3.125,0.081489
28.500,3.125,0.081849
28.750,3.125,0.082207
29.000,3.125,0.082564
29.250,3.125,0.082919
29.500,3.125,0.083273
29.750,3.125,0.083625
30.000,3.125,0.083975
30.250,3.125,0.084325
30.500,3.125,0.084672
30.750,3.125,0.085019
31.000,3.125,0.085364
31.250,3.125,0.085707
31.500,3.125,0.086049
31.750,3.125,0.086390
32.000,3.125,0.086730
32.250,3.125,0.087068
32.500,3.125,0.087404
32.750,3.125,0.087740
33.000,3.125,0.088074
33.250,3.125,0.088407
33.500,3.125,0.088739
33.750,3.125,0.089069
34.000,3.125,0.089399
34.250,3.125,0.089727
34.500,3.125,0.090054
34.750,3.125,0.090379
35.000,3.125,0.090704
35.250,3.125,0.091027
35.500,3.125,0.091349
35.750,3.125,0.091671
36.000,3.125,0.091991
36.250,3.125,0.092309
36.500,3.125,0.092627
36.750,3.125,0.092944
37.000,3.125,0.093259
37.250,3.125,0.093574
37.500,3.125,0.093887
37.750,3.125,0.094200
38.000,3.125,0.094511
38.250,3.125,0.094822
38.500,3.125,0.095131
38.750,3.125,0.095439
39.000,3.125,0.095747
39.250,3.125,0.096053
39.500,3.125,0.096359
39.750,3.125,0.096663
40.000,3.125,0.096967
40.250,3.125,0.097269
40.500,3.125,0.097571
40.750,3.125,0.097871
41.000,3.125,0.098171
41.250,3.125,0.098470
41.500,3.125,0.098768
41.750,3.125,0.099065
42.000,3.125,0.099361
42.250,3.125,0.099656
42.500,3.125,0.099951
42.750,3.125,0.100244
43.000,3.125,0.100537
43.250,3.125,0.100829
43.500,3.125,0.101120
43.750,3.125,0.101410
44.000,3.125,0.101699
44.250,3.125,0.101988
44.500,3.125,0.102276
44.750,3.125,0.102562
45.000,3.125,0.102849
1.000,3.250,0.016980
1.250,3.250,0.018984
1.500,3.250,0.020796
1.750,3.250,0.022462
2.000,3.250,0.024013
2.250,3.250,0.025469
2.500,3.250,0.026847
2.750,3.250,0.028158
3.000,3.250,0.029410
3.250,3.250,0.030610
3.500,3.250,0.031766
3.750,3.250,0.032881
4.000,3.250,0.033959
4.250,3.250,0.035004
4.500,3.250,0.036019
4.750,3.250,0.037006
5.000,3.250,0.037968
5.250,3.250,0.038905
5.500,3.250,0.039821
5.750,3.250,0.040716
6.000,3.250,0.041591
6.250,3.250,0.042449
6.500,3.250,0.043290
6.750,3.250,0.044114
7.000,3.250,0.044924
7.250,3.250,0.045719
7.500,3.250,0.046501
7.750,3.250,0.047269
8.000,3.250,0.048026
8.250,3.250,0.048770
8.500,3.250,0.049504
8.750,3.250,0.050226
9.000,3.250,0.050939
9.250,3.250,0.051642
9.500,3.250,0.052335
9.750,3.250,0.053019
10.000,3.250,0.053694
10.250,3.250,0.054361
10.500,3.250,0.055020
10.750,3.250,0.055671
11.000,3.250,0.056315
11.250,3.250,0.056951
11.500,3.250,0.057581
11.750,3.250,0.058203
12.000,3.250,0.058819
12.250,3.250,0.059429
12.500,3.250,0.060032
12.750,3.250,0.060629
13.000,3.250,0.061221
13.250,3.250,0.061807
13.500,3.250,0.062387
13.750,3.250,0.062962
14.000,3.250,0.063532
14.250,3.250,0.064097
14.500,3.250,0.064656
14.750,3.250,0.065211
15.000,3.250,0.065762
15.250,3.250,0.066308
15.500,3.250,0.066849
15.750,3.250,0.067386
16.000,3.250,0.067919
16.250,3.250,0.068447
16.500,3.250,0.068972
16.750,3.250,0.069492
17.000,3.250,0.070009
17.250,3.250,0.070522
17.500,3.250,0.071031
17.750,3.250,0.071536
18.000,3.250,0.072038
18.250,3.250,0.072537
18.500,3.250,0.073032
18.750,3.250,0.073524
19.000,3.250,0.074012
19.250,3.250,0.074498
19.500,3.250,0.074980
19.750,3.250,0.075459
20.000,3.250,0.075935
20.250,3.250,0.076408
20.500,3.250,0.076879
20.750,3.250,0.077346
21.000,3.250,0.077810
21.250,3.250,0.078272
21.500,3.250,0.078731
21.750,3.250,0.079188
22.000,3.250,0.079642
22.250,3.250,0.080093
22.500,3.250,0.080541
22.750,3.250,0.080988
23.000,3.250,0.081431
23.250,3.250,0.081873
23.500,3.250,0.082312
23.750,3.250,0.082748
24.000,3.250,0.083183
24.250,3.250,0.083615
24.500,3.250,0.084045
24.750,3.250,0.084473
25.000,3.250,0.084898
25.250,3.250,0.085322
25.500,3.250,0.085743
25.750,3.250,0.086162
26.000,3.250,0.086579
26.250,3.250,0.086995
26.500,3.250,0.087408
26.750,3.250,0.087819
27.000,3.250,0.088229
27.250,3.250,0.088636
27.500,3.250,0.089042
27.750,3.250,0.089446
28.000,3.250,0.089848
28.250,3.250,0.090248
28.500,3.250,0.090646
28.750,3.250,0.091043
29.000,3.250,0.091438
29.250,3.250,0.091831
29.500,3.250,0.092223
29.750,3.250,0.092613
30.000,3.250,0.093001
30.250,3.250,0.093388
30.500,3.250,0.093773
30.750,3.250,0.094157
31.000,3.250,0.094539
31.250,3.250,0.094919
31.500,3.250,0.095298
31.750,3.250,0.095675
32.000,3.250,0.096051
32.250,3.250,0.096426
32.500,3.250,0.096799
32.750,3.250,0.097170
33.000,3.250,0.097541
33.250,3.250,0.097909
33.500,3.250,0.098277
33.750,3.250,0.098643
34.000,3.250,0.099007
34.250,3.250,0.099371
34.500,3.250,0.099733
34.750,3.250,0.100093
35.000,3.250,0.100453
35.250,3.250,0.100811
35.500,3.250,0.101168
35.750,3.250,0.101523
36.000,3.250,0.101878
36.250,3.250,0.102231
36.500,3.250,0.102583
36.750,3.250,0.102934
37.000,3.250,0.103283
37.250,3.250,0.103631
37.500,3.250,0.103979
37.750,3.250,0.104325
38.000,3.250,0.104669
38.250,3.250,0.105013
38.500,3.250,0.105356
38.750,3.250,0.105697
39.000,3.250,0.106038
39.250,3.250,0.106377
39.500,3.250,0.106715
39.750,3.250,0.107052
40.000,3.250,0.107389
40.250,3.250,0.107724
40.500,3.250,0.108058
40.750,3.250,0.108391
41.000,3.250,0.108723
41.250,3.250,0.109054
41.500,3.250,0.109384
41.750,3.250,0.109713
42.000,3.250,0.110041
42.250,3.250,0.110368
42.500,3.250,0.110694
42.750,3.250,0.111019
43.000,3.250,0.111343
43.250,3.250,0.111666
43.500,3.250,0.111988
43.750,3.250,0.112310
44.000,3.250,0.112630
44.250,3.250,0.112950
44.500,3.250,0.113268
44.750,3.250,0.113586
45.000,3.250,0.113903
1.000,3.375,0.018627
1.250,3.375,0.020826
1.500,3.375,0.022814
1.750,3.375,0.024642
2.000,3.375,0.026343
2.250,3.375,0.027941
2.500,3.375,0.029453
2.750,3.375,0.030890
3.000,3.375,0.032264
3.250,3.375,0.033581
3.500,3.375,0.034849
3.750,3.375,0.036072
4.000,3.375,0.037255
4.250,3.375,0.038402
4.500,3.375,0.039515
4.750,3.375,0.040598
5.000,3.375,0.041652
5.250,3.375,0.042681
5.500,3.375,0.043685
5.750,3.375,0.044667
6.000,3.375,0.045628
6.250,3.375,0.046569
6.500,3.375,0.047491
6.750,3.375,0.048396
7.000,3.375,0.049284
7.250,3.375,0.050156
7.500,3.375,0.051013
7.750,3.375,0.051857
8.000,3.375,0.052687
8.250,3.375,0.053503
8.500,3.375,0.054308
8.750,3.375,0.055101
9.000,3.375,0.055882
9.250,3.375,0.056653
9.500,3.375,0.057414
9.750,3.375,0.058164
10.000,3.375,0.058905
10.250,3.375,0.059637
10.500,3.375,0.060360
10.750,3.375,0.061074
11.000,3.375,0.061780
11.250,3.375,0.062479
11.500,3.375,0.063169
11.750,3.375,0.063852
12.000,3.375,0.064528
12.250,3.375,0.065196
12.500,3.375,0.065858
12.750,3.375,0.066513
13.000,3.375,0.067162
13.250,3.375,0.067805
13.500,3.375,0.068442
13.750,3.375,0.069073
14.000,3.375,0.069698
14.250,3.375,0.070317
14.500,3.375,0.070931
14.750,3.375,0.071540
15.000,3.375,0.072144
15.250,3.375,0.072743
15.500,3.375,0.073337
15.750,3.375,0.073926
16.000,3.375,0.074510
16.250,3.375,0.075090
16.500,3.375,0.075665
16.750,3.375,0.076236
17.000,3.375,0.076803
17.250,3.375,0.077366
17.500,3.375,0.077924
17.750,3.375,0.078479
18.000,3.375,0.079030
18.250,3.375,0.079577
18.500,3.375,0.080120
18.750,3.375,0.080659
19.000,3.375,0.081195
19.250,3.375,0.081728
19.500,3.375,0.082257
19.750,3.375,0.082782
20.000,3.375,0.083305
20.250,3.375,0.083824
20.500,3.375,0.084340
20.750,3.375,0.084852
21.000,3.375,0.085362
21.250,3.375,0.085869
21.500,3.375,0.086372
21.750,3.375,0.086873
22.000,3.375,0.087371
22.250,3.375,0.087866
22.500,3.375,0.088358
22.750,3.375,0.088847
23.000,3.375,0.089334
23.250,3.375,0.089819
23.500,3.375,0.090300
23.750,3.375,0.090779
24.000,3.375,0.091256
24.250,3.375,0.091730
24.500,3.375,0.092201
24.750,3.375,0.092671
25.000,3.375,0.093137
25.250,3.375,0.093602
25.500,3.375,0.094064
25.750,3.375,0.094524
26.000,3.375,0.094982
26.250,3.375,0.095438
26.500,3.375,0.095891
26.750,3.375,0.096342
27.000,3.375,0.096791
27.250,3.375,0.097238
27.500,3.375,0.097683
27.750,3.375,0.098126
28.000,3.375,0.098567
28.250,3.375,0.099006
28.500,3.375,0.099444
28.750,3.375,0.099879
29.000,3.375,0.100312
29.250,3.375,0.100744
29.500,3.375,0.101173
29.750,3.375,0.101601
30.000,3.375,0.102027
30.250,3.375,0.102451
30.500,3.375,0.102874
30.750,3.375,0.103294
31.000,3.375,0.103713
31.250,3.375,0.104131
31.500,3.375,0.104547
31.750,3.375,0.104961
32.000,3.375,0.105373
32.250,3.375,0.105784
32.500,3.375,0.106193
32.750,3.375,0.106601
33.000,3.375,0.107007
33.250,3.375,0.107411
33.500,3.375,0.107814
33.750,3.375,0.108216
34.000,3.375,0.108616
34.250,3.375,0.109015
34.500,3.375,0.109412
34.750,3.375,0.109807
35.000,3.375,0.110202
35.250,3.375,0.110595
35.500,3.375,0.110986
35.750,3.375,0.111376
36.000,3.375,0.111765
36.250,3.375,0.112152
36.500,3.375,0.112538
36.750,3.375,0.112923
37.000,3.375,0.113307
37.250,3.375,0.113689
37.500,3.375,0.114070
37.750,3.375,0.114449
38.000,3.375,0.114828
38.250,3.375,0.115205
38.500,3.375,0.115581
38.750,3.375,0.115955
39.000,3.375,0.116329
39.250,3.375,0.116701
39.500,3.375,0.117072
39.750,3.375,0.117442
40.000,3.375,0.117811
40.250,3.375,0.118178
40.500,3.375,0.118545
40.750,3.375,0.118910
41.000,3.375,0.119274
41.250,3.375,0.119637
41.500,3.375,0.119999
41.750,3.375,0.120360
42.000,3.375,0.120720
42.250,3.375,0.121079
42.500,3.375,0.121436
42.750,3.375,0.121793
43.000,3.375,0.122149
43.250,3.375,0.122503
43.500,3.375,0.122857
43.750,3.375,0.123209
44.000,3.375,0.123561
44.250,3.375,0.123911
44.500,3.375,0.124261
44.750,3.375,0.124609
45.000,3.375,0.124957
1.000,3.500,0.020275
1.250,3.500,0.022669
1.500,3.500,0.024832
1.750,3.500,0.026822
2.000,3.500,0.028674
2.250,3.500,0.030413
2.500,3.500,0.032058
2.750,3.500,0.033623
3.000,3.500,0.035118
3.250,3.500,0.036552
3.500,3.500,0.037932
3.750,3.500,0.039263
4.000,3.500,0.040551
4.250,3.500,0.041799
4.500,3.500,0.043011
4.750,3.500,0.044189
5.000,3.500,0.045337
5.250,3.500,0.046457
5.500,3.500,0.047550
5.750,3.500,0.048619
6.000,3.500,0.049664
6.250,3.500,0.050688
6.500,3.500,0.051692
6.750,3.500,0.052677
7.000,3.500,0.053644
7.250,3.500,0.054593
7.500,3.500,0.055526
7.750,3.500,0.056444
8.000,3.500,0.057347
8.250,3.500,0.058237
8.500,3.500,0.059112
8.750,3.500,0.059975
9.000,3.500,0.060826
9.250,3.500,0.061665
9.500,3.500,0.062493
9.750,3.500,0.063310
10.000,3.500,0.064116
10.250,3.500,0.064913
10.500,3.500,0.065700
10.750,3.500,0.066477
11.000,3.500,0.067246
11.250,3.500,0.068006
11.500,3.500,0.068757
11.750,3.500,0.069500
12.000,3.500,0.070236
12.250,3.500,0.070964
12.500,3.500,0.071684
12.750,3.500,0.072398
13.000,3.500,0.073104
13.250,3.500,0.073803
13.500,3.500,0.074496
13.750,3.500,0.075183
14.000,3.500,0.075863
14.250,3.500,0.076538
14.500,3.500,0.077206
14.750,3.500,0.077869
15.000,3.500,0.078526
15.250,3.500,0.079178
15.500,3.500,0.079824
15.750,3.500,0.080465
16.000,3.500,0.081101
16.250,3.500,0.081733
16.500,3.500,0.082359
16.750,3.500,0.082980
17.000,3.500,0.083597
17.250,3.500,0.084210
17.500,3.500,0.084818
17.750,3.500,0.085422
18.000,3.500,0.086021
18.250,3.500,0.086616
18.500,3.500,0.087208
18.750,3.500,0.087795
19.000,3.500,0.088378
19.250,3.500,0.088958
19.500,3.500,0.089534
19.750,3.500,0.090106
20.000,3.500,0.090674
20.250,3.500,0.091239
20.500,3.500,0.091801
20.750,3.500,0.092359
21.000,3.500,0.092913
21.250,3.500,0.093465
21.500,3.500,0.094013
21.750,3.500,0.094558
22.000,3.500,0.095100
22.250,3.500,0.095639
22.500,3.500,0.096174
22.750,3.500,0.096707
23.000,3.500,0.097237
23.250,3.500,0.097764
23.500,3.500,0.098288
23.750,3.500,0.098810
24.000,3.500,0.099329
24.250,3.500,0.099845
24.500,3.500,0.100358
24.750,3.500,0.100869
25.000,3.500,0.101377
25.250,3.500,0.101882
25.500,3.500,0.102386
25.750,3.500,0.102886
26.000,3.500,0.103384
26.250,3.500,0.103880
26.500,3.500,0.104374
26.750,3.500,0.104865
27.000,3.500,0.105354
27.250,3.500,0.105840
27.500,3.500,0.106325
27.750,3.500,0.106807
28.000,3.500,0.107287
28.250,3.500,0.107765
28.500,3.500,0.108241
28.750,3.500,0.108715
29.000,3.500,0.109186
29.250,3.500,0.109656
29.500,3.500,0.110123
29.750,3.500,0.110589
30.000,3.500,0.111053
30.250,3.500,0.111514
30.500,3.500,0.111974
30.750,3.500,0.112432
31.000,3.500,0.112888
31.250,3.500,0.113343
31.500,3.500,0.113795
31.750,3.500,0.114246
32.000,3.500,0.114695
32.250,3.500,0.115142
32.500,3.500,0.115587
32.750,3.500,0.116031
33.000,3.500,0.116473
33.250,3.500,0.116913
33.500,3.500,0.117352
33.750,3.500,0.117789
34.000,3.500,0.118225
34.250,3.500,0.118659
34.500,3.500,0.119091
34.750,3.500,0.119521
35.000,3.500,0.119951
35.250,3.500,0.120378
35.500,3.500,0.120804
35.750,3.500,0.121229
36.000,3.500,0.121652
36.250,3.500,0.122074
36.500,3.500,0.122494
36.750,3.500,0.122913
37.000,3.500,0.123330
37.250,3.500,0.123746
37.500,3.500,0.124161
37.750,3.500,0.124574
38.000,3.500,0.124986
38.250,3.500,0.125396
38.500,3.500,0.125805
38.750,3.500,0.126213
39.000,3.500,0.126620
39.250,3.500,0.127025
39.500,3.500,0.127429
39.750,3.500,0.127831
40.000,3.500,0.128233
40.250,3.500,0.128633
40.500,3.500,0.129032
40.750,3.500,0.129429
41.000,3.500,0.129826
41.250,3.500,0.130221
41.500,3.500,0.130615
41.750,3.500,0.131008
42.000,3.500,0.131399
42.250,3.500,0.131790
42.500,3.500,0.132179
42.750,3.500,0.132567
43.000,3.500,0.132954
43.250,3.500,0.133340
43.500,3.500,0.133725
43.750,3.500,0.134109
44.000,3.500,0.134492
44.250,3.500,0.134873
44.500,3.500,0.135254
44.750,3.500,0.135633
45.000,3.500,0.136011
1.000,3.625,0.021923
1.250,3.625,0.024511
1.500,3.625,0.026850
1.750,3.625,0.029002
2.000,3.625,0.031004
2.250,3.625,0.032885
2.500,3.625,0.034664
2.750,3.625,0.036356
3.000,3.625,0.037972
3.250,3.625,0.039523
3.500,3.625,0.041015
3.750,3.625,0.042454
4.000,3.625,0.043846
4.250,3.625,0.045196
4.500,3.625,0.046506
4.750,3.625,0.047781
5.000,3.625,0.049022
5.250,3.625,0.050232
5.500,3.625,0.051415
5.750,3.625,0.052570
6.000,3.625,0.053701
6.250,3.625,0.054808
6.500,3.625,0.055893
6.750,3.625,0.056958
7.000,3.625,0.058003
7.250,3.625,0.059030
7.500,3.625,0.060039
7.750,3.625,0.061032
8.000,3.625,0.062008
8.250,3.625,0.062970
8.500,3.625,0.063917
8.750,3.625,0.064850
9.000,3.625,0.065770
9.250,3.625,0.066677
9.500,3.625,0.067572
9.750,3.625,0.068455
10.000,3.625,0.069327
10.250,3.625,0.070189
10.500,3.625,0.071039
10.750,3.625,0.071880
11.000,3.625,0.072711
11.250,3.625,0.073533
11.500,3.625,0.074345
11.750,3.625,0.075149
12.000,3.625,0.075944
12.250,3.625,0.076731
12.500,3.625,0.077510
12.750,3.625,0.078282
13.000,3.625,0.079045
13.250,3.625,0.079802
13.500,3.625,0.080551
13.750,3.625,0.081294
14.000,3.625,0.082029
14.250,3.625,0.082758
14.500,3.625,0.083481
14.750,3.625,0.084198
15.000,3.625,0.084908
15.250,3.625,0.085613
15.500,3.625,0.086312
15.750,3.625,0.087005
16.000,3.625,0.087693
16.250,3.625,0.088375
16.500,3.625,0.089053
16.750,3.625,0.089725
17.000,3.625,0.090392
17.250,3.625,0.091054
17.500,3.625,0.091711
17.750,3.625,0.092364
18.000,3.625,0.093012
18.250,3.625,0.093656
18.500,3.625,0.094295
18.750,3.625,0.094930
19.000,3.625,0.095561
19.250,3.625,0.096188
19.500,3.625,0.096810
19.750,3.625,0.097429
20.000,3.625,0.098044
20.250,3.625,0.098655
20.500,3.625,0.099262
20.750,3.625,0.099865
21.000,3.625,0.100465
21.250,3.625,0.101061
21.500,3.625,0.101654
21.750,3.625,0.102243
22.000,3.625,0.102829
22.250,3.625,0.103412
22.500,3.625,0.103991
22.750,3.625,0.104567
23.000,3.625,0.105140
23.250,3.625,0.105710
23.500,3.625,0.106277
23.750,3.625,0.106841
24.000,3.625,0.107401
24.250,3.625,0.107959
24.500,3.625,0.108514
24.750,3.625,0.109067
25.000,3.625,0.109616
25.250,3.625,0.110163
25.500,3.625,0.110707
25.750,3.625,0.111248
26.000,3.625,0.111787
26.250,3.625,0.112323
26.500,3.625,0.112857
26.750,3.625,0.113388
27.000,3.625,0.113916
27.250,3.625,0.114443
27.500,3.625,0.114966
27.750,3.625,0.115488
28.000,3.625,0.116007
28.250,3.625,0.116524
28.500,3.625,0.117038
28.750,3.625,0.117550
29.000,3.625,0.118060
29.250,3.625,0.118568
29.500,3.625,0.119074
29.750,3.625,0.119577
30.000,3.625,0.120078
30.250,3.625,0.120578
30.500,3.625,0.121075
30.750,3.625,0.121570
31.000,3.625,0.122063
31.250,3.625,0.122555
31.500,3.625,0.123044
31.750,3.625,0.123531
32.000,3.625,0.124017
32.250,3.625,0.124500
32.500,3.625,0.124982
32.750,3.625,0.125461
33.000,3.625,0.125939
33.250,3.625,0.126416
33.500,3.625,0.126890
33.750,3.625,0.127362
34.000,3.625,0.127833
34.250,3.625,0.128302
34.500,3.625,0.128770
34.750,3.625,0.129236
35.000,3.625,0.129700
35.250,3.625,0.130162
35.500,3.625,0.130623
35.750,3.625,0.131082
36.000,3.625,0.131539
36.250,3.625,0.131995
36.500,3.625,0.132450
36.750,3.625,0.132903
37.000,3.625,0.133354
37.250,3.625,0.133804
37.500,3.625,0.134252
37.750,3.625,0.134699
38.000,3.625,0.135144
38.250,3.625,0.135588
38.500,3.625,0.136030
38.750,3.625,0.136471
39.000,3.625,0.136911
39.250,3.625,0.137349
39.500,3.625,0.137785
39.750,3.625,0.138221
40.000,3.625,0.138655
40.250,3.625,0.139087
40.500,3.625,0.139519
40.750,3.625,0.139949
41.000,3.625,0.140377
41.250,3.625,0.140804
41.500,3.625,0.141231
41.750,3.625,0.141655
42.000,3.625,0.142079
42.250,3.625,0.142501
42.500,3.625,0.142922
42.750,3.625,0.143342
43.000,3.625,0.143760
43.250,3.625,0.144178
43.500,3.625,0.144594
43.750,3.625,0.145009
44.000,3.625,0.145422
44.250,3.625,0.145835
44.500,3.625,0.146246
44.750,3.625,0.146656
45.000,3.625,0.147065
1.000,3.750,0.023571
1.250,3.750,0.026353
1.500,3.750,0.028869
1.750,3.750,0.031182
2.000,3.750,0.033335
2.250,3.750,0.035357
2.500,3.750,0.037269
2.750,3.750,0.039088
3.000,3.750,0.040826
3.250,3.750,0.042493
3.500,3.750,0.044097
3.750,3.750,0.045645
4.000,3.750,0.047142
4.250,3.750,0.048593
4.500,3.750,0.050002
4.750,3.750,0.051372
5.000,3.750,0.052707
5.250,3.750,0.054008
5.500,3.750,0.055279
5.750,3.750,0.056522
6.000,3.750,0.057737
6.250,3.750,0.058928
6.500,3.750,0.060095
6.750,3.750,0.061240
7.000,3.750,0.062363
7.250,3.750,0.063467
7.500,3.750,0.064552
7.750,3.750,0.065619
8.000,3.750,0.066669
8.250,3.750,0.067703
8.500,3.750,0.068721
8.750,3.750,0.069724
9.000,3.750,0.070713
9.250,3.750,0.071689
9.500,3.750,0.072651
9.750,3.750,0.073601
10.000,3.750,0.074538
10.250,3.750,0.075464
10.500,3.750,0.076379
10.750,3.750,0.077283
11.000,3.750,0.078176
11.250,3.750,0.079060
11.500,3.750,0.079933
11.750,3.750,0.080798
12.000,3.750,0.081653
12.250,3.750,0.082499
12.500,3.750,0.083336
12.750,3.750,0.084166
13.000,3.750,0.084987
13.250,3.750,0.085800
13.500,3.750,0.086606
13.750,3.750,0.087404
14.000,3.750,0.088195
14.250,3.750,0.088979
14.500,3.750,0.089756
14.750,3.750,0.090527
15.000,3.750,0.091290
15.250,3.750,0.092048
15.500,3.750,0.092799
15.750,3.750,0.093545
16.000,3.750,0.094284
16.250,3.750,0.095018
16.500,3.750,0.095746
16.750,3.750,0.096469
17.000,3.750,0.097186
17.250,3.750,0.097898
17.500,3.750,0.098605
17.750,3.750,0.099307
18.000,3.750,0.100004
18.250,3.750,0.100696
18.500,3.750,0.101383
18.750,3.750,0.102066
19.000,3.750,0.102744
19.250,3.750,0.103418
19.500,3.750,0.104087
19.750,3.750,0.104752
20.000,3.750,0.105413
20.250,3.750,0.106070
20.500,3.750,0.106723
20.750,3.750,0.107371
21.000,3.750,0.108016
21.250,3.750,0.108657
21.500,3.750,0.109295
21.750,3.750,0.109928
22.000,3.750,0.110558
22.250,3.750,0.111185
22.500,3.750,0.111808
22.750,3.750,0.112427
23.000,3.750,0.113043
23.250,3.750,0.113656
23.500,3.750,0.114265
23.750,3.750,0.114871
24.000,3.750,0.115474
24.250,3.750,0.116074
24.500,3.750,0.116671
24.750,3.750,0.117265
25.000,3.750,0.117855
25.250,3.750,0.118443
25.500,3.750,0.119028
25.750,3.750,0.119610
26.000,3.750,0.120189
26.250,3.750,0.120766
26.500,3.750,0.121340
26.750,3.750,0.121911
27.000,3.750,0.122479
27.250,3.750,0.123045
27.500,3.750,0.123608
27.750,3.750,0.124168
28.000,3.750,0.124727
28.250,3.750,0.125282
28.500,3.750,0.125835
28.750,3.750,0.126386
29.000,3.750,0.126934
29.250,3.750,0.127480
29.500,3.750,0.128024
29.750,3.750,0.128565
30.000,3.750,0.129104
30.250,3.750,0.129641
30.500,3.750,0.130176
30.750,3.750,0.130708
31.000,3.750,0.131238
31.250,3.750,0.131766
31.500,3.750,0.132292
31.750,3.750,0.132816
32.000,3.750,0.133338
32.250,3.750,0.133858
32.500,3.750,0.134376
32.750,3.750,0.134892
33.000,3.750,0.135406
33.250,3.750,0.135918
33.500,3.750,0.136428
33.750,3.750,0.136936
34.000,3.750,0.137442
34.250,3.750,0.137946
34.500,3.750,0.138449
34.750,3.750,0.138950
35.000,3.750,0.139448
35.250,3.750,0.139946
35.500,3.750,0.140441
35.750,3.750,0.140935
36.000,3.750,0.141427
36.250,3.750,0.141917
36.500,3.750,0.142405
36.750,3.750,0.142892
37.000,3.750,0.143377
37.250,3.750,0.143861
37.500,3.750,0.144343
37.750,3.750,0.144823
38.000,3.750,0.145302
38.250,3.750,0.145779
38.500,3.750,0.146255
38.750,3.750,0.146729
39.000,3.750,0.147201
39.250,3.750,0.147672
39.500,3.750,0.148142
39.750,3.750,0.148610
40.000,3.750,0.149077
40.250,3.750,0.149542
40.500,3.750,0.150006
40.750,3.750,0.150468
41.000,3.750,0.150929
41.250,3.750,0.151388
41.500,3.750,0.151846
41.750,3.750,0.152303
42.000,3.750,0.152758
42.250,3.750,0.153212
42.500,3.750,0.153665
42.750,3.750,0.154116
43.000,3.750,0.154566
43.250,3.750,0.155015
43.500,3.750,0.155462
43.750,3.750,0.155908
44.000,3.750,0.156353
44.250,3.750,0.156797
44.500,3.750,0.157239
44.750,3.750,0.157680
45.000,3.750,0.158120
1.000,3.875,0.025219
1.250,3.875,0.028196
1.500,3.875,0.030887
1.750,3.875,0.033362
2.000,3.875,0.035665
2.250,3.875,0.037828
2.500,3.875,0.039875
2.750,3.875,0.041821
3.000,3.875,0.043681
3.250,3.875,0.045464
3.500,3.875,0.047180
3.750,3.875,0.048836
4.000,3.875,0.050438
4.250,3.875,0.051990
4.500,3.875,0.053497
4.750,3.875,0.054963
5.000,3.875,0.056391
5.250,3.875,0.057784
5.500,3.875,0.059144
5.750,3.875,0.060473
6.000,3.875,0.061774
6.250,3.875,0.063047
6.500,3.875,0.064296
6.750,3.875,0.065521
7.000,3.875,0.066723
7.250,3.875,0.067904
7.500,3.875,0.069065
7.750,3.875,0.070207
8.000,3.875,0.071330
8.250,3.875,0.072436
8.500,3.875,0.073525
8.750,3.875,0.074599
9.000,3.875,0.075657
9.250,3.875,0.076700
9.500,3.875,0.077730
9.750,3.875,0.078746
10.000,3.875,0.079749
10.250,3.875,0.080740
10.500,3.875,0.081719
10.750,3.875,0.082686
11.000,3.875,0.083642
11.250,3.875,0.084587
11.500,3.875,0.085522
11.750,3.875,0.086446
12.000,3.875,0.087361
12.250,3.875,0.088266
12.500,3.875,0.089162
12.750,3.875,0.090050
13.000,3.875,0.090928
13.250,3.875,0.091798
13.500,3.875,0.092660
13.750,3.875,0.093514
14.000,3.875,0.094361
14.250,3.875,0.095199
14.500,3.875,0.096031
14.750,3.875,0.096855
15.000,3.875,0.097673
15.250,3.875,0.098483
15.500,3.875,0.099287
15.750,3.875,0.100085
16.000,3.875,0.100876
16.250,3.875,0.101661
16.500,3.875,0.102440
16.750,3.875,0.103213
17.000,3.875,0.103980
17.250,3.875,0.104742
17.500,3.875,0.105498
17.750,3.875,0.106249
18.000,3.875,0.106995
18.250,3.875,0.107735
18.500,3.875,0.108471
18.750,3.875,0.109201
19.000,3.875,0.109927
19.250,3.875,0.110648
19.500,3.875,0.111364
19.750,3.875,0.112076
20.000,3.875,0.112783
20.250,3.875,0.113485
20.500,3.875,0.114184
20.750,3.875,0.114878
21.000,3.875,0.115568
21.250,3.875,0.116254
21.500,3.875,0.116936
21.750,3.875,0.117613
22.000,3.875,0.118287
22.250,3.875,0.118958
22.500,3.875,0.119624
22.750,3.875,0.120287
23.000,3.875,0.120946
23.250,3.875,0.121601
23.500,3.875,0.122253
23.750,3.875,0.122902
24.000,3.875,0.123547
24.250,3.875,0.124189
24.500,3.875,0.124827
24.750,3.875,0.125463
25.000,3.875,0.126095
25.250,3.875,0.126724
25.500,3.875,0.127350
25.750,3.875,0.127972
26.000,3.875,0.128592
26.250,3.875,0.129209
26.500,3.875,0.129823
26.750,3.875,0.130433
27.000,3.875,0.131042
27.250,3.875,0.131647
27.500,3.875,0.132249
27.750,3.875,0.132849
28.000,3.875,0.133446
28.250,3.875,0.134041
28.500,3.875,0.134632
28.750,3.875,0.135222
29.000,3.875,0.135808
29.250,3.875,0.136392
29.500,3.875,0.136974
29.750,3.875,0.137553
30.000,3.875,0.138130
30.250,3.875,0.138704
30.500,3.875,0.139276
30.750,3.875,0.139846
31.000,3.875,0.140413
31.250,3.875,0.140978
31.500,3.875,0.141541
31.750,3.875,0.142102
32.000,3.875,0.142660
32.250,3.875,0.143216
32.500,3.875,0.143770
32.750,3.875,0.144322
33.000,3.875,0.144872
33.250,3.875,0.145420
33.500,3.875,0.145965
33.750,3.875,0.146509
34.000,3.875,0.147051
34.250,3.875,0.147590
34.500,3.875,0.148128
34.750,3.875,0.148664
35.000,3.875,0.149197
35.250,3.875,0.149729
35.500,3.875,0.150259
35.750,3.875,0.150787
36.000,3.875,0.151314
36.250,3.875,0.151838
36.500,3.875,0.152361
36.750,3.875,0.152882
37.000,3.875,0.153401
37.250,3.875,0.153918
37.500,3.875,0.154434
37.750,3.875,0.154948
38.000,3.875,0.155460
38.250,3.875,0.155971
38.500,3.875,0.156480
38.750,3.875,0.156987
39.000,3.875,0.157492
39.250,3.875,0.157996
39.500,3.875,0.158499
39.750,3.875,0.159000
40.000,3.875,0.159499
40.250,3.875,0.159996
40.500,3.875,0.160492
40.750,3.875,0.160987
41.000,3.875,0.161480
41.250,3.875,0.161972
41.500,3.875,0.162462
41.750,3.875,0.162950
42.000,3.875,0.163438
42.250,3.875,0.163923
42.500,3.875,0.164408
42.750,3.875,0.164890
43.000,3.875,0.165372
43.250,3.875,0.165852
43.500,3.875,0.166330
43.750,3.875,0.166808
44.000,3.875,0.167284
44.250,3.875,0.167758
44.500,3.875,0.168231
44.750,3.875,0.168703
45.000,3.875,0.169174
1.000,4.000,0.026867
1.250,4.000,0.030038
1.500,4.000,0.032905
1.750,4.000,0.035541
2.000,4.000,0.037995
2.250,4.000,0.040300
2.500,4.000,0.042480
2.750,4.000,0.044554
3.000,4.000,0.046535
3.250,4.000,0.048435
3.500,4.000,0.050263
3.750,4.000,0.052027
4.000,4.000,0.053734
4.250,4.000,0.055387
4.500,4.000,0.056993
4.750,4.000,0.058555
5.000,4.000,0.060076
5.250,4.000,0.061560
5.500,4.000,0.063008
5.750,4.000,0.064424
6.000,4.000,0.065810
6.250,4.000,0.067167
6.500,4.000,0.068497
6.750,4.000,0.069802
7.000,4.000,0.071083
7.250,4.000,0.072341
7.500,4.000,0.073578
7.750,4.000,0.074794
8.000,4.000,0.075991
8.250,4.000,0.077169
8.500,4.000,0.078330
8.750,4.000,0.079473
9.000,4.000,0.080600
9.250,4.000,0.081712
9.500,4.000,0.082809
9.750,4.000,0.083892
10.000,4.000,0.084960
10.250,4.000,0.086016
10.500,4.000,0.087058
10.750,4.000,0.088089
11.000,4.000,0.089107
11.250,4.000,0.090114
11.500,4.000,0.091110
11.750,4.000,0.092095
12.000,4.000,0.093069
12.250,4.000,0.094034
12.500,4.000,0.094989
12.750,4.000,0.095934
13.000,4.000,0.096870
13.250,4.000,0.097797
13.500,4.000,0.098715
13.750,4.000,0.099625
14.000,4.000,0.100526
14.250,4.000,0.101420
14.500,4.000,0.102306
14.750,4.000,0.103184
15.000,4.000,0.104055
15.250,4.000,0.104918
15.500,4.000,0.105775
15.750,4.000,0.106624
16.000,4.000,0.107467
16.250,4.000,0.108304
16.500,4.000,0.109134
16.750,4.000,0.109957
17.000,4.000,0.110775
17.250,4.000,0.111586
17.500,4.000,0.112392
17.750,4.000,0.113192
18.000,4.000,0.113986
18.250,4.000,0.114775
18.500,4.000,0.115559
18.750,4.000,0.116337
19.000,4.000,0.117110
19.250,4.000,0.117878
19.500,4.000,0.118641
19.750,4.000,0.119399
20.000,4.000,0.120152
20.250,4.000,0.120901
20.500,4.000,0.121645
20.750,4.000,0.122384
21.000,4.000,0.123119
21.250,4.000,0.123850
21.500,4.000,0.124576
21.750,4.000,0.125299
22.000,4.000,0.126017
22.250,4.000,0.126731
22.500,4.000,0.127441
22.750,4.000,0.128147
23.000,4.000,0.128849
23.250,4.000,0.129547
23.500,4.000,0.130242
23.750,4.000,0.130933
24.000,4.000,0.131620
24.250,4.000,0.132304
24.500,4.000,0.132984
24.750,4.000,0.133661
25.000,4.000,0.134334
25.250,4.000,0.135004
25.500,4.000,0.135671
25.750,4.000,0.136334
26.000,4.000,0.136994
26.250,4.000,0.137652
26.500,4.000,0.138305
26.750,4.000,0.138956
27.000,4.000,0.139604
27.250,4.000,0.140249
27.500,4.000,0.140891
27.750,4.000,0.141530
28.000,4.000,0.142166
28.250,4.000,0.142799
28.500,4.000,0.143430
28.750,4.000,0.144057
29.000,4.000,0.144682
29.250,4.000,0.145305
29.500,4.000,0.145924
29.750,4.000,0.146541
30.000,4.000,0.147156
30.250,4.000,0.147768
30.500,4.000,0.148377
30.750,4.000,0.148984
31.000,4.000,0.149588
31.250,4.000,0.150190
31.500,4.000,0.150790
31.750,4.000,0.151387
32.000,4.000,0.151982
32.250,4.000,0.152574
32.500,4.000,0.153164
32.750,4.000,0.153752
33.000,4.000,0.154338
33.250,4.000,0.154922
33.500,4.000,0.155503
33.750,4.000,0.156082
34.000,4.000,0.156659
34.250,4.000,0.157234
34.500,4.000,0.157807
34.750,4.000,0.158378
35.000,4.000,0.158946
35.250,4.000,0.159513
35.500,4.000,0.160078
35.750,4.000,0.160640
36.000,4.000,0.161201
36.250,4.000,0.161760
36.500,4.000,0.162317
36.750,4.000,0.162872
37.000,4.000,0.163425
37.250,4.000,0.163976
37.500,4.000,0.164525
37.750,4.000,0.165073
38.000,4.000,0.165618
38.250,4.000,0.166162
38.500,4.000,0.166704
38.750,4.000,0.167245
39.000,4.000,0.167783
39.250,4.000,0.168320
39.500,4.000,0.168855
39.750,4.000,0.169389
40.000,4.000,0.169921
40.250,4.000,0.170451
40.500,4.000,0.170979
40.750,4.000,0.171506
41.000,4.000,0.172032
41.250,4.000,0.172555
41.500,4.000,0.173077
41.750,4.000,0.173598
42.000,4.000,0.174117
42.250,4.000,0.174634
42.500,4.000,0.175150
42.750,4.000,0.175665
43.000,4.000,0.176178
43.250,4.000,0.176689
43.500,4.000,0.177199
43.750,4.000,0.177707
44.000,4.000,0.178214
44.250,4.000,0.178720
44.500,4.000,0.179224
44.750,4.000,0.179727
45.000,4.000,0.180228
1.000,4.125,0.028515
1.250,4.125,0.031880
1.500,4.125,0.034923
1.750,4.125,0.037721
2.000,4.125,0.040326
2.250,4.125,0.042772
2.500,4.125,0.045086
2.750,4.125,0.047286
3.000,4.125,0.049389
3.250,4.125,0.051406
3.500,4.125,0.053346
3.750,4.125,0.055218
4.000,4.125,0.057029
4.250,4.125,0.058785
4.500,4.125,0.060489
4.750,4.125,0.062146
5.000,4.125,0.063761
5.250,4.125,0.065335
5.500,4.125,0.066873
5.750,4.125,0.068376
6.000,4.125,0.069846
6.250,4.125,0.071287
6.500,4.125,0.072699
6.750,4.125,0.074083
7.000,4.125,0.075443
7.250,4.125,0.076778
7.500,4.125,0.078091
7.750,4.125,0.079382
8.000,4.125,0.080652
8.250,4.125,0.081902
8.500,4.125,0.083134
8.750,4.125,0.084348
9.000,4.125,0.085544
9.250,4.125,0.086724
9.500,4.125,0.087888
9.750,4.125,0.089037
10.000,4.125,0.090171
10.250,4.125,0.091292
10.500,4.125,0.092398
10.750,4.125,0.093492
11.000,4.125,0.094573
11.250,4.125,0.095641
11.500,4.125,0.096698
11.750,4.125,0.097743
12.000,4.125,0.098778
12.250,4.125,0.099801
12.500,4.125,0.100815
12.750,4.125,0.101818
13.000,4.125,0.102811
13.250,4.125,0.103795
13.500,4.125,0.104770
13.750,4.125,0.105735
14.000,4.125,0.106692
14.250,4.125,0.107641
14.500,4.125,0.108581
14.750,4.125,0.109513
15.000,4.125,0.110437
15.250,4.125,0.111353
15.500,4.125,0.112262
15.750,4.125,0.113164
16.000,4.125,0.114059
16.250,4.125,0.114946
16.500,4.125,0.115827
16.750,4.125,0.116701
17.000,4.125,0.117569
17.250,4.125,0.118430
17.500,4.125,0.119286
17.750,4.125,0.120135
18.000,4.125,0.120978
18.250,4.125,0.121815
18.500,4.125,0.122646
18.750,4.125,0.123472
19.000,4.125,0.124293
19.250,4.125,0.125108
19.500,4.125,0.125917
19.750,4.125,0.126722
20.000,4.125,0.127522
20.250,4.125,0.128316
20.500,4.125,0.129106
20.750,4.125,0.129891
21.000,4.125,0.130671
21.250,4.125,0.131446
21.500,4.125,0.132217
21.750,4.125,0.132984
22.000,4.125,0.133746
22.250,4.125,0.134504
22.500,4.125,0.135257
22.750,4.125,0.136006
23.000,4.125,0.136752
23.250,4.125,0.137493
23.500,4.125,0.138230
23.750,4.125,0.138963
24.000,4.125,0.139693
24.250,4.125,0.140419
24.500,4.125,0.141141
24.750,4.125,0.141859
25.000,4.125,0.142573
25.250,4.125,0.143285
25.500,4.125,0.143992
25.750,4.125,0.144696
26.000,4.125,0.145397
26.250,4.125,0.146094
26.500,4.125,0.146788
26.750,4.125,0.147479
27.000,4.125,0.148167
27.250,4.125,0.148851
27.500,4.125,0.149532
27.750,4.125,0.150210
28.000,4.125,0.150886
28.250,4.125,0.151558
28.500,4.125,0.152227
28.750,4.125,0.152893
29.000,4.125,0.153556
29.250,4.125,0.154217
29.500,4.125,0.154874
29.750,4.125,0.155529
30.000,4.125,0.156181
30.250,4.125,0.156831
30.500,4.125,0.157478
30.750,4.125,0.158122
31.000,4.125,0.158763
31.250,4.125,0.159402
31.500,4.125,0.160038
31.750,4.125,0.160672
32.000,4.125,0.161303
32.250,4.125,0.161932
32.500,4.125,0.162559
32.750,4.125,0.163183
33.000,4.125,0.163804
33.250,4.125,0.164424
33.500,4.125,0.165041
33.750,4.125,0.165655
34.000,4.125,0.166268
34.250,4.125,0.166878
34.500,4.125,0.167486
34.750,4.125,0.168092
35.000,4.125,0.168695
35.250,4.125,0.169297
35.500,4.125,0.169896
35.750,4.125,0.170493
36.000,4.125,0.171088
36.250,4.125,0.171681
36.500,4.125,0.172272
36.750,4.125,0.172861
37.000,4.125,0.173448
37.250,4.125,0.174033
37.500,4.125,0.174616
37.750,4.125,0.175197
38.000,4.125,0.175776
38.250,4.125,0.176354
38.500,4.125,0.176929
38.750,4.125,0.177503
39.000,4.125,0.178074
39.250,4.125,0.178644
39.500,4.125,0.179212
39.750,4.125,0.179778
40.000,4.125,0.180343
40.250,4.125,0.180905
40.500,4.125,0.181466
40.750,4.125,0.182026
41.000,4.125,0.182583
41.250,4.125,0.183139
41.500,4.125,0.183693
41.750,4.125,0.184246
42.000,4.125,0.184796
42.250,4.125,0.185346
42.500,4.125,0.185893
42.750,4.125,0.186439
43.000,4.125,0.186983
43.250,4.125,0.187526
43.500,4.125,0.188067
43.750,4.125,0.188607
44.000,4.125,0.189145
44.250,4.125,0.189682
44.500,4.125,0.190217
44.750,4.125,0.190750
45.000,4.125,0.191282
1.000,4.250,0.030163
1.250,4.250,0.033723
1.500,4.250,0.036941
1.750,4.250,0.039901
2.000,4.250,0.042656
2.250,4.250,0.045244
2.500,4.250,0.047691
2.750,4.250,0.050019
3.000,4.250,0.052243
3.250,4.250,0.054376
3.500,4.250,0.056429
3.750,4.250,0.058410
4.000,4.250,0.060325
4.250,4.250,0.062182
4.500,4.250,0.063984
4.750,4.250,0.065738
5.000,4.250,0.067446
5.250,4.250,0.069111
5.500,4.250,0.070737
5.750,4.250,0.072327
6.000,4.250,0.073883
6.250,4.250,0.075406
6.500,4.250,0.076900
6.750,4.250,0.078365
7.000,4.250,0.079803
7.250,4.250,0.081215
7.500,4.250,0.082604
7.750,4.250,0.083969
8.000,4.250,0.085313
8.250,4.250,0.086635
8.500,4.250,0.087938
8.750,4.250,0.089222
9.000,4.250,0.090488
9.250,4.250,0.091736
9.500,4.250,0.092967
9.750,4.250,0.094183
10.000,4.250,0.095382
10.250,4.250,0.096567
10.500,4.250,0.097738
10.750,4.250,0.098895
11.000,4.250,0.100038
11.250,4.250,0.101168
11.500,4.250,0.102286
11.750,4.250,0.103392
12.000,4.250,0.104486
12.250,4.250,0.105569
12.500,4.250,0.106641
12.750,4.250,0.107702
13.000,4.250,0.108753
13.250,4.250,0.109793
13.500,4.250,0.110824
13.750,4.250,0.111846
14.000,4.250,0.112858
14.250,4.250,0.113861
14.500,4.250,0.114856
14.750,4.250,0.115842
15.000,4.250,0.116819
15.250,4.250,0.117789
15.500,4.250,0.118750
15.750,4.250,0.119704
16.000,4.250,0.120650
16.250,4.250,0.121589
16.500,4.250,0.122521
16.750,4.250,0.123446
17.000,4.250,0.124363
17.250,4.250,0.125275
17.500,4.250,0.126179
17.750,4.250,0.127077
18.000,4.250,0.127969
18.250,4.250,0.128855
18.500,4.250,0.129734
18.750,4.250,0.130608
19.000,4.250,0.131476
19.250,4.250,0.132338
19.500,4.250,0.133194
19.750,4.250,0.134045
20.000,4.250,0.134891
20.250,4.250,0.135732
20.500,4.250,0.136567
20.750,4.250,0.137397
21.000,4.250,0.138222
21.250,4.250,0.139043
21.500,4.250,0.139858
21.750,4.250,0.140669
22.000,4.250,0.141475
22.250,4.250,0.142277
22.500,4.250,0.143074
22.750,4.250,0.143866
23.000,4.250,0.144655
23.250,4.250,0.145439
23.500,4.250,0.146218
23.750,4.250,0.146994
24.000,4.250,0.147766
24.250,4.250,0.148533
24.500,4.250,0.149297
24.750,4.250,0.150057
25.000,4.250,0.150813
25.250,4.250,0.151565
25.500,4.250,0.152313
25.750,4.250,0.153058
26.000,4.250,0.153800
26.250,4.250,0.154537
26.500,4.250,0.155271
26.750,4.250,0.156002
27.000,4.250,0.156729
27.250,4.250,0.157453
27.500,4.250,0.158174
27.750,4.250,0.158891
28.000,4.250,0.159605
28.250,4.250,0.160316
28.500,4.250,0.161024
28.750,4.250,0.161729
29.000,4.250,0.162430
29.250,4.250,0.163129
29.500,4.250,0.163825
29.750,4.250,0.164517
30.000,4.250,0.165207
30.250,4.250,0.165894
30.500,4.250,0.166578
30.750,4.250,0.167260
31.000,4.250,0.167938
31.250,4.250,0.168614
31.500,4.250,0.169287
31.750,4.250,0.169957
32.000,4.250,0.170625
32.250,4.250,0.171290
32.500,4.250,0.171953
32.750,4.250,0.172613
33.000,4.250,0.173271
33.250,4.250,0.173926
33.500,4.250,0.174578
33.750,4.250,0.175229
34.000,4.250,0.175876
34.250,4.250,0.176522
34.500,4.250,0.177165
34.750,4.250,0.177806
35.000,4.250,0.178444
35.250,4.250,0.179080
35.500,4.250,0.179714
35.750,4.250,0.180346
36.000,4.250,0.180975
36.250,4.250,0.181603
36.500,4.250,0.182228
36.750,4.250,0.182851
37.000,4.250,0.183472
37.250,4.250,0.184091
37.500,4.250,0.184707
37.750,4.250,0.185322
38.000,4.250,0.185935
38.250,4.250,0.186545
38.500,4.250,0.187154
38.750,4.250,0.187760
39.000,4.250,0.188365
39.250,4.250,0.188968
39.500,4.250,0.189569
39.750,4.250,0.190168
40.000,4.250,0.190765
40.250,4.250,0.191360
40.500,4.250,0.191953
40.750,4.250,0.192545
41.000,4.250,0.193135
41.250,4.250,0.193723
41.500,4.250,0.194309
41.750,4.250,0.194893
42.000,4.250,0.195476
42.250,4.250,0.196057
42.500,4.250,0.196636
42.750,4.250,0.197213
43.000,4.250,0.197789
43.250,4.250,0.198363
43.500,4.250,0.198936
43.750,4.250,0.199507
44.000,4.250,0.200076
44.250,4.250,0.200643
44.500,4.250,0.201209
44.750,4.250,0.201774
45.000,4.250,0.202337
1.000,4.375,0.031810
1.250,4.375,0.035565
1.500,4.375,0.038960
1.750,4.375,0.042081
2.000,4.375,0.044987
2.250,4.375,0.047716
2.500,4.375,0.050297
2.750,4.375,0.052752
3.000,4.375,0.055097
3.250,4.375,0.057347
3.500,4.375,0.059512
3.750,4.375,0.061601
4.000,4.375,0.063621
4.250,4.375,0.065579
4.500,4.375,0.067480
4.750,4.375,0.069329
5.000,4.375,0.071130
5.250,4.375,0.072887
5.500,4.375,0.074602
5.750,4.375,0.076279
6.000,4.375,0.077919
6.250,4.375,0.079526
6.500,4.375,0.081101
6.750,4.375,0.082646
7.000,4.375,0.084162
7.250,4.375,0.085652
7.500,4.375,0.087116
7.750,4.375,0.088556
8.000,4.375,0.089973
8.250,4.375,0.091369
8.500,4.375,0.092743
8.750,4.375,0.094097
9.000,4.375,0.095431
9.250,4.375,0.096748
9.500,4.375,0.098046
9.750,4.375,0.099328
10.000,4.375,0.100593
10.250,4.375,0.101843
10.500,4.375,0.103078
10.750,4.375,0.104297
11.000,4.375,0.105503
11.250,4.375,0.106695
11.500,4.375,0.107874
11.750,4.375,0.109041
12.000,4.375,0.110195
12.250,4.375,0.111337
12.500,4.375,0.112467
12.750,4.375,0.113586
13.000,4.375,0.114694
13.250,4.375,0.115792
13.500,4.375,0.116879
13.750,4.375,0.117956
14.000,4.375,0.119024
14.250,4.375,0.120082
14.500,4.375,0.121131
14.750,4.375,0.122170
15.000,4.375,0.123201
15.250,4.375,0.124224
15.500,4.375,0.125238
15.750,4.375,0.126244
16.000,4.375,0.127242
16.250,4.375,0.128232
16.500,4.375,0.129215
16.750,4.375,0.130190
17.000,4.375,0.131158
17.250,4.375,0.132119
17.500,4.375,0.133073
17.750,4.375,0.134020
18.000,4.375,0.134960
18.250,4.375,0.135894
18.500,4.375,0.136822
18.750,4.375,0.137743
19.000,4.375,0.138658
19.250,4.375,0.139568
19.500,4.375,0.140471
19.750,4.375,0.141369
20.000,4.375,0.142261
20.250,4.375,0.143147
20.500,4.375,0.144028
20.750,4.375,0.144903
21.000,4.375,0.145774
21.250,4.375,0.146639
21.500,4.375,0.147499
21.750,4.375,0.148354
22.000,4.375,0.149204
22.250,4.375,0.150050
22.500,4.375,0.150890
22.750,4.375,0.151726
23.000,4.375,0.152557
23.250,4.375,0.153384
23.500,4.375,0.154207
23.750,4.375,0.155025
24.000,4.375,0.155839
24.250,4.375,0.156648
24.500,4.375,0.157454
24.750,4.375,0.158255
25.000,4.375,0.159052
25.250,4.375,0.159845
25.500,4.375,0.160635
25.750,4.375,0.161420
26.000,4.375,0.162202
26.250,4.375,0.162980
26.500,4.375,0.163754
26.750,4.375,0.164525
27.000,4.375,0.165292
27.250,4.375,0.166055
27.500,4.375,0.166815
27.750,4.375,0.167572
28.000,4.375,0.168325
28.250,4.375,0.169075
28.500,4.375,0.169821
28.750,4.375,0.170564
29.000,4.375,0.171304
29.250,4.375,0.172041
29.500,4.375,0.172775
29.750,4.375,0.173505
30.000,4.375,0.174233
30.250,4.375,0.174957
30.500,4.375,0.175679
30.750,4.375,0.176397
31.000,4.375,0.177113
31.250,4.375,0.177826
31.500,4.375,0.178536
31.750,4.375,0.179243
32.000,4.375,0.179947
32.250,4.375,0.180649
32.500,4.375,0.181347
32.750,4.375,0.182044
33.000,4.375,0.182737
33.250,4.375,0.183428
33.500,4.375,0.184116
33.750,4.375,0.184802
34.000,4.375,0.185485
34.250,4.375,0.186166
34.500,4.375,0.186844
34.750,4.375,0.187520
35.000,4.375,0.188193
35.250,4.375,0.188864
35.500,4.375,0.189533
35.750,4.375,0.190199
36.000,4.375,0.190863
36.250,4.375,0.191524
36.500,4.375,0.192183
36.750,4.375,0.192840
37.000,4.375,0.193495
37.250,4.375,0.194148
37.500,4.375,0.194798
37.750,4.375,0.195447
38.000,4.375,0.196093
38.250,4.375,0.196737
38.500,4.375,0.197379
38.750,4.375,0.198018
39.000,4.375,0.198656
39.250,4.375,0.199292
39.500,4.375,0.199925
39.750,4.375,0.200557
40.000,4.375,0.201187
40.250,4.375,0.201815
40.500,4.375,0.202440
40.750,4.375,0.203064
41.000,4.375,0.203686
41.250,4.375,0.204306
41.500,4.375,0.204924
41.750,4.375,0.205541
42.000,4.375,0.206155
42.250,4.375,0.206768
42.500,4.375,0.207379
42.750,4.375,0.207988
43.000,4.375,0.208595
43.250,4.375,0.209200
43.500,4.375,0.209804
43.750,4.375,0.210406
44.000,4.375,0.211007
44.250,4.375,0.211605
44.500,4.375,0.212202
44.750,4.375,0.212797
45.000,4.375,0.213391
1.000,4.500,0.033458
1.250,4.500,0.037408
1.500,4.500,0.040978
1.750,4.500,0.044261
2.000,4.500,0.047317
2.250,4.500,0.050187
2.500,4.500,0.052902
2.750,4.500,0.055484
3.000,4.500,0.057951
3.250,4.500,0.060318
3.500,4.500,0.062595
3.750,4.500,0.064792
4.000,4.500,0.066917
4.250,4.500,0.068976
4.500,4.500,0.070976
4.750,4.500,0.072921
5.000,4.500,0.074815
5.250,4.500,0.076663
5.500,4.500,0.078467
5.750,4.500,0.080230
6.000,4.500,0.081956
6.250,4.500,0.083646
6.500,4.500,0.085302
6.750,4.500,0.086927
7.000,4.500,0.088522
7.250,4.500,0.090089
7.500,4.500,0.091629
7.750,4.500,0.093144
8.000,4.500,0.094634
8.250,4.500,0.096102
8.500,4.500,0.097547
8.750,4.500,0.098971
9.000,4.500,0.100375
9.250,4.500,0.101759
9.500,4.500,0.103125
9.750,4.500,0.104474
10.000,4.500,0.105804
10.250,4.500,0.107119
10.500,4.500,0.108417
10.750,4.500,0.109700
11.000,4.500,0.110969
11.250,4.500,0.112223
11.500,4.500,0.113463
11.750,4.500,0.114689
12.000,4.500,0.115903
12.250,4.500,0.117104
12.500,4.500,0.118293
12.750,4.500,0.119470
13.000,4.500,0.120636
13.250,4.500,0.121790
13.500,4.500,0.122934
13.750,4.500,0.124067
14.000,4.500,0.125189
14.250,4.500,0.126302
14.500,4.500,0.127405
14.750,4.500,0.128499
15.000,4.500,0.129583
15.250,4.500,0.130659
15.500,4.500,0.131725
15.750,4.500,0.132784
16.000,4.500,0.133833
16.250,4.500,0.134875
16.500,4.500,0.135908
16.750,4.500,0.136934
17.000,4.500,0.137952
17.250,4.500,0.138963
17.500,4.500,0.139966
17.750,4.500,0.140962
18.000,4.500,0.141952
18.250,4.500,0.142934
18.500,4.500,0.143910
18.750,4.500,0.144879
19.000,4.500,0.145841
19.250,4.500,0.146798
19.500,4.500,0.147748
19.750,4.500,0.148692
20.000,4.500,0.149630
20.250,4.500,0.150562
20.500,4.500,0.151489
20.750,4.500,0.152410
21.000,4.500,0.153325
21.250,4.500,0.154235
21.500,4.500,0.155140
21.750,4.500,0.156039
22.000,4.500,0.156933
22.250,4.500,0.157822
22.500,4.500,0.158707
22.750,4.500,0.159586
23.000,4.500,0.160460
23.250,4.500,0.161330
23.500,4.500,0.162195
23.750,4.500,0.163056
24.000,4.500,0.163912
24.250,4.500,0.164763
24.500,4.500,0.165610
24.750,4.500,0.166453
25.000,4.500,0.167292
25.250,4.500,0.168126
25.500,4.500,0.168956
25.750,4.500,0.169782
26.000,4.500,0.170605
26.250,4.500,0.171423
26.500,4.500,0.172237
26.750,4.500,0.173048
27.000,4.500,0.173854
27.250,4.500,0.174657
27.500,4.500,0.175457
27.750,4.500,0.176253
28.000,4.500,0.177045
28.250,4.500,0.177833
28.500,4.500,0.178618
28.750,4.500,0.179400
29.000,4.500,0.180178
29.250,4.500,0.180953
29.500,4.500,0.181725
29.750,4.500,0.182493
30.000,4.500,0.183259
30.250,4.500,0.184021
30.500,4.500,0.184780
30.750,4.500,0.185535
31.000,4.500,0.186288
31.250,4.500,0.187038
31.500,4.500,0.187784
31.750,4.500,0.188528
32.000,4.500,0.189269
32.250,4.500,0.190007
32.500,4.500,0.190742
32.750,4.500,0.191474
33.000,4.500,0.192203
33.250,4.500,0.192930
33.500,4.500,0.193654
33.750,4.500,0.194375
34.000,4.500,0.195094
34.250,4.500,0.195810
34.500,4.500,0.196523
34.750,4.500,0.197234
35.000,4.500,0.197942
35.250,4.500,0.198648
35.500,4.500,0.199351
35.750,4.500,0.200052
36.000,4.500,0.200750
36.250,4.500,0.201446
36.500,4.500,0.202139
36.750,4.500,0.202830
37.000,4.500,0.203519
37.250,4.500,0.204205
37.500,4.500,0.204889
37.750,4.500,0.205571
38.000,4.500,0.206251
38.250,4.500,0.206928
38.500,4.500,0.207603
38.750,4.500,0.208276
39.000,4.500,0.208947
39.250,4.500,0.209616
39.500,4.500,0.210282
39.750,4.500,0.210947
40.000,4.500,0.211609
40.250,4.500,0.212269
40.500,4.500,0.212927
40.750,4.500,0.213583
41.000,4.500,0.214238
41.250,4.500,0.214890
41.500,4.500,0.215540
41.750,4.500,0.216188
42.000,4.500,0.216835
42.250,4.500,0.217479
42.500,4.500,0.218121
42.750,4.500,0.218762
43.000,4.500,0.219401
43.250,4.500,0.220038
43.500,4.500,0.220673
43.750,4.500,0.221306
44.000,4.500,0.221937
44.250,4.500,0.222567
44.500,4.500,0.223195
44.750,4.500,0.223821
45.000,4.500,0.224445
1.000,4.625,0.035106
1.250,4.625,0.039250
1.500,4.625,0.042996
1.750,4.625,0.046441
2.000,4.625,0.049648
2.250,4.625,0.052659
2.500,4.625,0.055508
2.750,4.625,0.058217
3.000,4.625,0.060806
3.250,4.625,0.063289
3.500,4.625,0.065678
3.750,4.625,0.067983
4.000,4.625,0.070212
4.250,4.625,0.072373
4.500,4.625,0.074471
4.750,4.625,0.076512
5.000,4.625,0.078500
5.250,4.625,0.080438
5.500,4.625,0.082331
5.750,4.625,0.084182
6.000,4.625,0.085992
6.250,4.625,0.087765
6.500,4.625,0.089504
6.750,4.625,0.091208
7.000,4.625,0.092882
7.250,4.625,0.094526
7.500,4.625,0.096142
7.750,4.625,0.097731
8.000,4.625,0.099295
8.250,4.625,0.100835
8.500,4.625,0.102351
8.750,4.625,0.103845
9.000,4.625,0.105319
9.250,4.625,0.106771
9.500,4.625,0.108204
9.750,4.625,0.109619
10.000,4.625,0.111015
10.250,4.625,0.112395
10.500,4.625,0.113757
10.750,4.625,0.115103
11.000,4.625,0.116434
11.250,4.625,0.117750
11.500,4.625,0.119051
11.750,4.625,0.120338
12.000,4.625,0.121611
12.250,4.625,0.122872
12.500,4.625,0.124119
12.750,4.625,0.125354
13.000,4.625,0.126577
13.250,4.625,0.127788
13.500,4.625,0.128988
13.750,4.625,0.130177
14.000,4.625,0.131355
14.250,4.625,0.132523
14.500,4.625,0.133680
14.750,4.625,0.134828
15.000,4.625,0.135966
15.250,4.625,0.137094
15.500,4.625,0.138213
15.750,4.625,0.139323
16.000,4.625,0.140425
16.250,4.625,0.141517
16.500,4.625,0.142602
16.750,4.625,0.143678
17.000,4.625,0.144746
17.250,4.625,0.145807
17.500,4.625,0.146860
17.750,4.625,0.147905
18.000,4.625,0.148943
18.250,4.625,0.149974
18.500,4.625,0.150997
18.750,4.625,0.152014
19.000,4.625,0.153024
19.250,4.625,0.154028
19.500,4.625,0.155025
19.750,4.625,0.156015
20.000,4.625,0.157000
20.250,4.625,0.157978
20.500,4.625,0.158950
20.750,4.625,0.159916
21.000,4.625,0.160877
21.250,4.625,0.161831
21.500,4.625,0.162781
21.750,4.625,0.163724
22.000,4.625,0.164663
22.250,4.625,0.165595
22.500,4.625,0.166523
22.750,4.625,0.167446
23.000,4.625,0.168363
23.250,4.625,0.169276
23.500,4.625,0.170183
23.750,4.625,0.171086
24.000,4.625,0.171984
24.250,4.625,0.172878
24.500,4.625,0.173767
24.750,4.625,0.174651
25.000,4.625,0.175531
25.250,4.625,0.176406
25.500,4.625,0.177277
25.750,4.625,0.178144
26.000,4.625,0.179007
26.250,4.625,0.179866
26.500,4.625,0.180720
26.750,4.625,0.181571
27.000,4.625,0.182417
27.250,4.625,0.183260
27.500,4.625,0.184098
27.750,4.625,0.184933
28.000,4.625,0.185764
28.250,4.625,0.186592
28.500,4.625,0.187416
28.750,4.625,0.188236
29.000,4.625,0.189052
29.250,4.625,0.189866
29.500,4.625,0.190675
29.750,4.625,0.191482
30.000,4.625,0.192284
30.250,4.625,0.193084
30.500,4.625,0.193880
30.750,4.625,0.194673
31.000,4.625,0.195463
31.250,4.625,0.196249
31.500,4.625,0.197033
31.750,4.625,0.197813
32.000,4.625,0.198590
32.250,4.625,0.199365
32.500,4.625,0.200136
32.750,4.625,0.200904
33.000,4.625,0.201670
33.250,4.625,0.202432
33.500,4.625,0.203192
33.750,4.625,0.203948
34.000,4.625,0.204702
34.250,4.625,0.205454
34.500,4.625,0.206202
34.750,4.625,0.206948
35.000,4.625,0.207691
35.250,4.625,0.208431
35.500,4.625,0.209169
35.750,4.625,0.209904
36.000,4.625,0.210637
36.250,4.625,0.211367
36.500,4.625,0.212095
36.750,4.625,0.212820
37.000,4.625,0.213542
37.250,4.625,0.214263
37.500,4.625,0.214980
37.750,4.625,0.215696
38.000,4.625,0.216409
38.250,4.625,0.217120
38.500,4.625,0.217828
38.750,4.625,0.218534
39.000,4.625,0.219238
39.250,4.625,0.219940
39.500,4.625,0.220639
39.750,4.625,0.221336
40.000,4.625,0.222031
40.250,4.625,0.222724
40.500,4.625,0.223414
40.750,4.625,0.224103
41.000,4.625,0.224789
41.250,4.625,0.225473
41.500,4.625,0.226156
41.750,4.625,0.226836
42.000,4.625,0.227514
42.250,4.625,0.228190
42.500,4.625,0.228864
42.750,4.625,0.229536
43.000,4.625,0.230207
43.250,4.625,0.230875
43.500,4.625,0.231541
43.750,4.625,0.232205
44.000,4.625,0.232868
44.250,4.625,0.233529
44.500,4.625,0.234187
44.750,4.625,0.234844
45.000,4.625,0.235499
1.000,4.750,0.036754
1.250,4.750,0.041092
1.500,4.750,0.045014
1.750,4.750,0.048621
2.000,4.750,0.051978
2.250,4.750,0.055131
2.500,4.750,0.058113
2.750,4.750,0.060950
3.000,4.750,0.063660
3.250,4.750,0.066259
3.500,4.750,0.068761
3.750,4.750,0.071174
4.000,4.750,0.073508
4.250,4.750,0.075770
4.500,4.750,0.077967
4.750,4.750,0.080104
5.000,4.750,0.082185
5.250,4.750,0.084214
5.500,4.750,0.086196
5.750,4.750,0.088133
6.000,4.750,0.090029
6.250,4.750,0.091885
6.500,4.750,0.093705
6.750,4.750,0.095490
7.000,4.750,0.097242
7.250,4.750,0.098963
7.500,4.750,0.100655
7.750,4.750,0.102319
8.000,4.750,0.103956
8.250,4.750,0.105568
8.500,4.750,0.107156
8.750,4.750,0.108720
9.000,4.750,0.110262
9.250,4.750,0.111783
9.500,4.750,0.113284
9.750,4.750,0.114764
10.000,4.750,0.116226
10.250,4.750,0.117670
10.500,4.750,0.119097
10.750,4.750,0.120506
11.000,4.750,0.121899
11.250,4.750,0.123277
11.500,4.750,0.124639
11.750,4.750,0.125986
12.000,4.750,0.127320
12.250,4.750,0.128639
12.500,4.750,0.129945
12.750,4.750,0.131238
13.000,4.750,0.132519
13.250,4.750,0.133787
13.500,4.750,0.135043
13.750,4.750,0.136288
14.000,4.750,0.137521
14.250,4.750,0.138743
14.500,4.750,0.139955
14.750,4.750,0.141157
15.000,4.750,0.142348
15.250,4.750,0.143529
15.500,4.750,0.144701
15.750,4.750,0.145863
16.000,4.750,0.147016
16.250,4.750,0.148160
16.500,4.750,0.149296
16.750,4.750,0.150422
17.000,4.750,0.151541
17.250,4.750,0.152651
17.500,4.750,0.153753
17.750,4.750,0.154848
18.000,4.750,0.155934
18.250,4.750,0.157013
18.500,4.750,0.158085
18.750,4.750,0.159150
19.000,4.750,0.160207
19.250,4.750,0.161258
19.500,4.750,0.162301
19.750,4.750,0.163339
20.000,4.750,0.164369
20.250,4.750,0.165393
20.500,4.750,0.166411
20.750,4.750,0.167423
21.000,4.750,0.168428
21.250,4.750,0.169428
21.500,4.750,0.170421
21.750,4.750,0.171409
22.000,4.750,0.172392
22.250,4.750,0.173368
22.500,4.750,0.174340
22.750,4.750,0.175306
23.000,4.750,0.176266
23.250,4.750,0.177222
23.500,4.750,0.178172
23.750,4.750,0.179117
24.000,4.750,0.180057
24.250,4.750,0.180993
24.500,4.750,0.181923
24.750,4.750,0.182849
25.000,4.750,0.183770
25.250,4.750,0.184687
25.500,4.750,0.185599
25.750,4.750,0.186506
26.000,4.750,0.187410
26.250,4.750,0.188308
26.500,4.750,0.189203
26.750,4.750,0.190093
27.000,4.750,0.190980
27.250,4.750,0.191862
27.500,4.750,0.192740
27.750,4.750,0.193614
28.000,4.750,0.194484
28.250,4.750,0.195350
28.500,4.750,0.196213
28.750,4.750,0.197072
29.000,4.750,0.197927
29.250,4.750,0.198778
29.500,4.750,0.199626
29.750,4.750,0.200470
30.000,4.750,0.201310
30.250,4.750,0.202147
30.500,4.750,0.202981
30.750,4.750,0.203811
31.000,4.750,0.204638
31.250,4.750,0.205461
31.500,4.750,0.206282
31.750,4.750,0.207098
32.000,4.750,0.207912
32.250,4.750,0.208723
32.500,4.750,0.209530
32.750,4.750,0.210335
33.000,4.750,0.211136
33.250,4.750,0.211934
33.500,4.750,0.212729
33.750,4.750,0.213522
34.000,4.750,0.214311
34.250,4.750,0.215097
34.500,4.750,0.215881
34.750,4.750,0.216662
35.000,4.750,0.217440
35.250,4.750,0.218215
35.500,4.750,0.218987
35.750,4.750,0.219757
36.000,4.750,0.220524
36.250,4.750,0.221289
36.500,4.750,0.222050
36.750,4.750,0.222809
37.000,4.750,0.223566
37.250,4.750,0.224320
37.500,4.750,0.225072
37.750,4.750,0.225821
38.000,4.750,0.226567
38.250,4.750,0.227311
38.500,4.750,0.228053
38.750,4.750,0.228792
39.000,4.750,0.229529
39.250,4.750,0.230263
39.500,4.750,0.230996
39.750,4.750,0.231725
40.000,4.750,0.232453
40.250,4.750,0.233178
40.500,4.750,0.233901
40.750,4.750,0.234622
41.000,4.750,0.235341
41.250,4.750,0.236057
41.500,4.750,0.236771
41.750,4.750,0.237483
42.000,4.750,0.238193
42.250,4.750,0.238901
42.500,4.750,0.239607
42.750,4.750,0.240311
43.000,4.750,0.241012
43.250,4.750,0.241712
43.500,4.750,0.242410
43.750,4.750,0.243105
44.000,4.750,0.243799
44.250,4.750,0.244490
44.500,4.750,0.245180
44.750,4.750,0.245868
45.000,4.750,0.246554
1.000,4.875,0.038402
1.250,4.875,0.042935
1.500,4.875,0.047033
1.750,4.875,0.050801
2.000,4.875,0.054308
2.250,4.875,0.057603
2.500,4.875,0.060719
2.750,4.875,0.063682
3.000,4.875,0.066514
3.250,4.875,0.069230
3.500,4.875,0.071843
3.750,4.875,0.074365
4.000,4.875,0.076804
4.250,4.875,0.079168
4.500,4.875,0.081463
4.750,4.875,0.083695
5.000,4.875,0.085869
5.250,4.875,0.087990
5.500,4.875,0.090060
5.750,4.875,0.092085
6.000,4.875,0.094065
6.250,4.875,0.096005
6.500,4.875,0.097906
6.750,4.875,0.099771
7.000,4.875,0.101602
7.250,4.875,0.103400
7.500,4.875,0.105168
7.750,4.875,0.106906
8.000,4.875,0.108617
8.250,4.875,0.110301
8.500,4.875,0.111960
8.750,4.875,0.113594
9.000,4.875,0.115206
9.250,4.875,0.116795
9.500,4.875,0.118363
9.750,4.875,0.119910
10.000,4.875,0.121437
10.250,4.875,0.122946
10.500,4.875,0.124436
10.750,4.875,0.125909
11.000,4.875,0.127365
11.250,4.875,0.128804
11.500,4.875,0.130227
11.750,4.875,0.131635
12.000,4.875,0.133028
12.250,4.875,0.134407
12.500,4.875,0.135771
12.750,4.875,0.137122
13.000,4.875,0.138460
13.250,4.875,0.139785
13.500,4.875,0.141098
13.750,4.875,0.142398
14.000,4.875,0.143687
14.250,4.875,0.144964
14.500,4.875,0.146230
14.750,4.875,0.147485
15.000,4.875,0.148730
15.250,4.875,0.149964
15.500,4.875,0.151188
15.750,4.875,0.152403
16.000,4.875,0.153608
16.250,4.875,0.154803
16.500,4.875,0.155989
16.750,4.875,0.157167
17.000,4.875,0.158335
17.250,4.875,0.159495
17.500,4.875,0.160647
17.750,4.875,0.161790
18.000,4.875,0.162925
18.250,4.875,0.164053
18.500,4.875,0.165173
18.750,4.875,0.166285
19.000,4.875,0.167390
19.250,4.875,0.168488
19.500,4.875,0.169578
19.750,4.875,0.170662
20.000,4.875,0.171739
20.250,4.875,0.172809
20.500,4.875,0.173872
20.750,4.875,0.174929
21.000,4.875,0.175980
21.250,4.875,0.177024
21.500,4.875,0.178062
21.750,4.875,0.179095
22.000,4.875,0.180121
22.250,4.875,0.181141
22.500,4.875,0.182156
22.750,4.875,0.183165
23.000,4.875,0.184169
23.250,4.875,0.185167
23.500,4.875,0.186160
23.750,4.875,0.187148
24.000,4.875,0.188130
24.250,4.875,0.189107
24.500,4.875,0.190080
24.750,4.875,0.191047
25.000,4.875,0.192010
25.250,4.875,0.192967
25.500,4.875,0.193920
25.750,4.875,0.194868
26.000,4.875,0.195812
26.250,4.875,0.196751
26.500,4.875,0.197686
26.750,4.875,0.198616
27.000,4.875,0.199542
27.250,4.875,0.200464
27.500,4.875,0.201381
27.750,4.875,0.202295
28.000,4.875,0.203204
28.250,4.875,0.204109
28.500,4.875,0.205010
28.750,4.875,0.205907
29.000,4.875,0.206801
29.250,4.875,0.207690
29.500,4.875,0.208576
29.750,4.875,0.209458
30.000,4.875,0.210336
30.250,4.875,0.211210
30.500,4.875,0.212081
30.750,4.875,0.212949
31.000,4.875,0.213813
31.250,4.875,0.214673
31.500,4.875,0.215530
31.750,4.875,0.216384
32.000,4.875,0.217234
32.250,4.875,0.218081
32.500,4.875,0.218925
32.750,4.875,0.219765
33.000,4.875,0.220602
33.250,4.875,0.221436
33.500,4.875,0.222267
33.750,4.875,0.223095
34.000,4.875,0.223920
34.250,4.875,0.224741
34.500,4.875,0.225560
34.750,4.875,0.226376
35.000,4.875,0.227189
35.250,4.875,0.227999
35.500,4.875,0.228806
35.750,4.875,0.229610
36.000,4.875,0.230411
36.250,4.875,0.231210
36.500,4.875,0.232006
36.750,4.875,0.232799
37.000,4.875,0.233590
37.250,4.875,0.234377
37.500,4.875,0.235163
37.750,4.875,0.235945
38.000,4.875,0.236725
38.250,4.875,0.237503
38.500,4.875,0.238278
38.750,4.875,0.239050
39.000,4.875,0.239820
39.250,4.875,0.240587
39.500,4.875,0.241352
39.750,4.875,0.242115
40.000,4.875,0.242875
40.250,4.875,0.243633
40.500,4.875,0.244388
40.750,4.875,0.245141
41.000,4.875,0.245892
41.250,4.875,0.246641
41.500,4.875,0.247387
41.750,4.875,0.248131
42.000,4.875,0.248873
42.250,4.875,0.249612
42.500,4.875,0.250350
42.750,4.875,0.251085
43.000,4.875,0.251818
43.250,4.875,0.252549
43.500,4.875,0.253278
43.750,4.875,0.254005
44.000,4.875,0.254729
44.250,4.875,0.255452
44.500,4.875,0.256173
44.750,4.875,0.256891
45.000,4.875,0.257608
1.000,5.000,0.040050
1.250,5.000,0.044777
1.500,5.000,0.049051
1.750,5.000,0.052981
2.000,5.000,0.056639
2.250,5.000,0.060075
2.500,5.000,0.063324
2.750,5.000,0.066415
3.000,5.000,0.069368
3.250,5.000,0.072201
3.500,5.000,0.074926
3.750,5.000,0.077556
4.000,5.000,0.080100
4.250,5.000,0.082565
4.500,5.000,0.084958
4.750,5.000,0.087286
5.000,5.000,0.089554
5.250,5.000,0.091766
5.500,5.000,0.093925
5.750,5.000,0.096036
6.000,5.000,0.098102
6.250,5.000,0.100124
6.500,5.000,0.102107
6.750,5.000,0.104052
7.000,5.000,0.105962
7.250,5.000,0.107837
7.500,5.000,0.109681
7.750,5.000,0.111494
8.000,5.000,0.113278
8.250,5.000,0.115034
8.500,5.000,0.116764
8.750,5.000,0.118469
9.000,5.000,0.120149
9.250,5.000,0.121807
9.500,5.000,0.123442
9.750,5.000,0.125055
10.000,5.000,0.126648
10.250,5.000,0.128222
10.500,5.000,0.129776
10.750,5.000,0.131312
11.000,5.000,0.132830
11.250,5.000,0.134331
11.500,5.000,0.135815
11.750,5.000,0.137284
12.000,5.000,0.138736
12.250,5.000,0.140174
12.500,5.000,0.141597
12.750,5.000,0.143006
13.000,5.000,0.144401
13.250,5.000,0.145783
13.500,5.000,0.147152
13.750,5.000,0.148509
14.000,5.000,0.149853
14.250,5.000,0.151185
14.500,5.000,0.152505
14.750,5.000,0.153814
15.000,5.000,0.155112
15.250,5.000,0.156399
15.500,5.000,0.157676
15.750,5.000,0.158943
16.000,5.000,0.160199
16.250,5.000,0.161446
16.500,5.000,0.162683
16.750,5.000,0.163911
17.000,5.000,0.165129
17.250,5.000,0.166339
17.500,5.000,0.167540
17.750,5.000,0.168733
18.000,5.000,0.169917
18.250,5.000,0.171093
18.500,5.000,0.172261
18.750,5.000,0.173421
19.000,5.000,0.174573
19.250,5.000,0.175718
19.500,5.000,0.176855
19.750,5.000,0.177985
20.000,5.000,0.179108
20.250,5.000,0.180224
20.500,5.000,0.181333
20.750,5.000,0.182435
21.000,5.000,0.183531
21.250,5.000,0.184620
21.500,5.000,0.185703
21.750,5.000,0.186780
22.000,5.000,0.187850
22.250,5.000,0.188914
22.500,5.000,0.189973
22.750,5.000,0.191025
23.000,5.000,0.192072
23.250,5.000,0.193113
23.500,5.000,0.194148
23.750,5.000,0.195178
24.000,5.000,0.196203
24.250,5.000,0.197222
24.500,5.000,0.198236
24.750,5.000,0.199245
25.000,5.000,0.200249
25.250,5.000,0.201248
25.500,5.000,0.202241
25.750,5.000,0.203230
26.000,5.000,0.204215
26.250,5.000,0.205194
26.500,5.000,0.206169
26.750,5.000,0.207139
27.000,5.000,0.208105
27.250,5.000,0.209066
27.500,5.000,0.210023
27.750,5.000,0.210975
28.000,5.000,0.211923
28.250,5.000,0.212867
28.500,5.000,0.213807
28.750,5.000,0.214743
29.000,5.000,0.215675
29.250,5.000,0.216602
29.500,5.000,0.217526
29.750,5.000,0.218446
30.000,5.000,0.219362
30.250,5.000,0.220274
30.500,5.000,0.221182
30.750,5.000,0.222087
31.000,5.000,0.222988
31.250,5.000,0.223885
31.500,5.000,0.224779
31.750,5.000,0.225669
32.000,5.000,0.226556
32.250,5.000,0.227439
32.500,5.000,0.228319
32.750,5.000,0.229195
33.000,5.000,0.230068
33.250,5.000,0.230938
33.500,5.000,0.231805
33.750,5.000,0.232668
34.000,5.000,0.233528
34.250,5.000,0.234385
34.500,5.000,0.235239
34.750,5.000,0.236090
35.000,5.000,0.236938
35.250,5.000,0.237782
35.500,5.000,0.238624
35.750,5.000,0.239463
36.000,5.000,0.240299
36.250,5.000,0.241132
36.500,5.000,0.241962
36.750,5.000,0.242789
37.000,5.000,0.243613
37.250,5.000,0.244435
37.500,5.000,0.245254
37.750,5.000,0.246070
38.000,5.000,0.246883
38.250,5.000,0.247694
38.500,5.000,0.248502
38.750,5.000,0.249308
39.000,5.000,0.250111
39.250,5.000,0.250911
39.500,5.000,0.251709
39.750,5.000,0.252504
40.000,5.000,0.253297
40.250,5.000,0.254087
40.500,5.000,0.254875
40.750,5.000,0.255661
41.000,5.000,0.256444
41.250,5.000,0.257224
41.500,5.000,0.258003
41.750,5.000,0.258779
42.000,5.000,0.259552
42.250,5.000,0.260324
42.500,5.000,0.261093
42.750,5.000,0.261859
43.000,5.000,0.262624
43.250,5.000,0.263386
43.500,5.000,0.264146
43.750,5.000,0.264904
44.000,5.000,0.265660
44.250,5.000,0.266414
44.500,5.000,0.267165
44.750,5.000,0.267915
45.000,5.000,0.268662
1.000,5.125,0.041698
1.250,5.125,0.046619
1.500,5.125,0.051069
1.750,5.125,0.055161
2.000,5.125,0.058969
2.250,5.125,0.062546
2.500,5.125,0.065930
2.750,5.125,0.069148
3.000,5.125,0.072222
3.250,5.125,0.075171
3.500,5.125,0.078009
3.750,5.125,0.080747
4.000,5.125,0.083395
4.250,5.125,0.085962
4.500,5.125,0.088454
4.750,5.125,0.090878
5.000,5.125,0.093239
5.250,5.125,0.095541
5.500,5.125,0.097790
5.750,5.125,0.099987
6.000,5.125,0.102138
6.250,5.125,0.104244
6.500,5.125,0.106309
6.750,5.125,0.108334
7.000,5.125,0.110322
7.250,5.125,0.112274
7.500,5.125,0.114194
7.750,5.125,0.116081
8.000,5.125,0.117939
8.250,5.125,0.119767
8.500,5.125,0.121568
8.750,5.125,0.123343
9.000,5.125,0.125093
9.250,5.125,0.126818
9.500,5.125,0.128521
9.750,5.125,0.130201
10.000,5.125,0.131860
10.250,5.125,0.133498
10.500,5.125,0.135116
10.750,5.125,0.136715
11.000,5.125,0.138295
11.250,5.125,0.139858
11.500,5.125,0.141404
11.750,5.125,0.142932
12.000,5.125,0.144445
12.250,5.125,0.145942
12.500,5.125,0.147423
12.750,5.125,0.148890
13.000,5.125,0.150343
13.250,5.125,0.151782
13.500,5.125,0.153207
13.750,5.125,0.154619
14.000,5.125,0.156018
14.250,5.125,0.157405
14.500,5.125,0.158780
14.750,5.125,0.160143
15.000,5.125,0.161494
15.250,5.125,0.162834
15.500,5.125,0.164164
15.750,5.125,0.165482
16.000,5.125,0.166791
16.250,5.125,0.168089
16.500,5.125,0.169377
16.750,5.125,0.170655
17.000,5.125,0.171924
17.250,5.125,0.173183
17.500,5.125,0.174434
17.750,5.125,0.175675
18.000,5.125,0.176908
18.250,5.125,0.178132
18.500,5.125,0.179348
18.750,5.125,0.180556
19.000,5.125,0.181756
19.250,5.125,0.182948
19.500,5.125,0.184132
19.750,5.125,0.185308
20.000,5.125,0.186478
20.250,5.125,0.187639
20.500,5.125,0.188794
20.750,5.125,0.189942
21.000,5.125,0.191083
21.250,5.125,0.192217
21.500,5.125,0.193344
21.750,5.125,0.194465
22.000,5.125,0.195579
22.250,5.125,0.196687
22.500,5.125,0.197789
22.750,5.125,0.198885
23.000,5.125,0.199975
23.250,5.125,0.201059
23.500,5.125,0.202137
23.750,5.125,0.203209
24.000,5.125,0.204276
24.250,5.125,0.205337
24.500,5.125,0.206393
24.750,5.125,0.207443
25.000,5.125,0.208488
25.250,5.125,0.209528
25.500,5.125,0.210563
25.750,5.125,0.211592
26.000,5.125,0.212617
26.250,5.125,0.213637
26.500,5.125,0.214652
26.750,5.125,0.215662
27.000,5.125,0.216667
27.250,5.125,0.217668
27.500,5.125,0.218664
27.750,5.125,0.219656
28.000,5.125,0.220643
28.250,5.125,0.221626
28.500,5.125,0.222604
28.750,5.125,0.223579
29.000,5.125,0.224549
29.250,5.125,0.225514
29.500,5.125,0.226476
29.750,5.125,0.227434
30.000,5.125,0.228387
30.250,5.125,0.229337
30.500,5.125,0.230283
30.750,5.125,0.231225
31.000,5.125,0.232163
31.250,5.125,0.233097
31.500,5.125,0.234027
31.750,5.125,0.234954
32.000,5.125,0.235877
32.250,5.125,0.236797
32.500,5.125,0.237713
32.750,5.125,0.238626
33.000,5.125,0.239535
33.250,5.125,0.240440
33.500,5.125,0.241343
33.750,5.125,0.242241
34.000,5.125,0.243137
34.250,5.125,0.244029
34.500,5.125,0.244918
34.750,5.125,0.245804
35.000,5.125,0.246687
35.250,5.125,0.247566
35.500,5.125,0.248442
35.750,5.125,0.249316
36.000,5.125,0.250186
36.250,5.125,0.251053
36.500,5.125,0.251917
36.750,5.125,0.252778
37.000,5.125,0.253637
37.250,5.125,0.254492
37.500,5.125,0.255345
37.750,5.125,0.256195
38.000,5.125,0.257041
38.250,5.125,0.257886
38.500,5.125,0.258727
38.750,5.125,0.259566
39.000,5.125,0.260402
39.250,5.125,0.261235
39.500,5.125,0.262066
39.750,5.125,0.262894
40.000,5.125,0.263719
40.250,5.125,0.264542
40.500,5.125,0.265362
40.750,5.125,0.266180
41.000,5.125,0.266995
41.250,5.125,0.267808
41.500,5.125,0.268618
41.750,5.125,0.269426
42.000,5.125,0.270232
42.250,5.125,0.271035
42.500,5.125,0.271835
42.750,5.125,0.272634
43.000,5.125,0.273430
43.250,5.125,0.274223
43.500,5.125,0.275015
43.750,5.125,0.275804
44.000,5.125,0.276591
44.250,5.125,0.277375
44.500,5.125,0.278158
44.750,5.125,0.278938
45.000,5.125,0.279716
1.000,5.250,0.043346
1.250,5.250,0.048462
1.500,5.250,0.053087
1.750,5.250,0.057341
2.000,5.250,0.061300
2.250,5.250,0.065018
2.500,5.250,0.068535
2.750,5.250,0.071880
3.000,5.250,0.075077
3.250,5.250,0.078142
3.500,5.250,0.081092
3.750,5.250,0.083938
4.000,5.250,0.086691
4.250,5.250,0.089359
4.500,5.250,0.091950
4.750,5.250,0.094469
5.000,5.250,0.096923
5.250,5.250,0.099317
5.500,5.250,0.101654
5.750,5.250,0.103939
6.000,5.250,0.106174
6.250,5.250,0.108364
6.500,5.250,0.110510
6.750,5.250,0.112615
7.000,5.250,0.114681
7.250,5.250,0.116711
7.500,5.250,0.118707
7.750,5.250,0.120669
8.000,5.250,0.122600
8.250,5.250,0.124500
8.500,5.250,0.126373
8.750,5.250,0.128218
9.000,5.250,0.130037
9.250,5.250,0.131830
9.500,5.250,0.133600
9.750,5.250,0.135346
10.000,5.250,0.137071
10.250,5.250,0.138773
10.500,5.250,0.140455
10.750,5.250,0.142118
11.000,5.250,0.143761
11.250,5.250,0.145385
11.500,5.250,0.146992
11.750,5.250,0.148581
12.000,5.250,0.150153
12.250,5.250,0.151709
12.500,5.250,0.153250
12.750,5.250,0.154774
13.000,5.250,0.156284
13.250,5.250,0.157780
13.500,5.250,0.159262
13.750,5.250,0.160729
14.000,5.250,0.162184
14.250,5.250,0.163626
14.500,5.250,0.165055
14.750,5.250,0.166472
15.000,5.250,0.167876
15.250,5.250,0.169270
15.500,5.250,0.170651
15.750,5.250,0.172022
16.000,5.250,0.173382
16.250,5.250,0.174731
16.500,5.250,0.176070
16.750,5.250,0.177399
17.000,5.250,0.178718
17.250,5.250,0.180027
17.500,5.250,0.181327
17.750,5.250,0.182618
18.000,5.250,0.183899
18.250,5.250,0.185172
18.500,5.250,0.186436
18.750,5.250,0.187692
19.000,5.250,0.188939
19.250,5.250,0.190178
19.500,5.250,0.191409
19.750,5.250,0.192632
20.000,5.250,0.193847
20.250,5.250,0.195055
20.500,5.250,0.196255
20.750,5.250,0.197448
21.000,5.250,0.198634
21.250,5.250,0.199813
21.500,5.250,0.200985
21.750,5.250,0.202150
22.000,5.250,0.203308
22.250,5.250,0.204460
22.500,5.250,0.205606
22.750,5.250,0.206745
23.000,5.250,0.207878
23.250,5.250,0.209004
23.500,5.250,0.210125
23.750,5.250,0.211240
24.000,5.250,0.212349
24.250,5.250,0.213452
24.500,5.250,0.214549
24.750,5.250,0.215641
25.000,5.250,0.216728
25.250,5.250,0.217808
25.500,5.250,0.218884
25.750,5.250,0.219954
26.000,5.250,0.221020
26.250,5.250,0.222080
26.500,5.250,0.223135
26.750,5.250,0.224185
27.000,5.250,0.225230
27.250,5.250,0.226270
27.500,5.250,0.227306
27.750,5.250,0.228337
28.000,5.250,0.229363
28.250,5.250,0.230385
28.500,5.250,0.231402
28.750,5.250,0.232414
29.000,5.250,0.233423
29.250,5.250,0.234427
29.500,5.250,0.235426
29.750,5.250,0.236422
30.000,5.250,0.237413
30.250,5.250,0.238400
30.500,5.250,0.239383
30.750,5.250,0.240362
31.000,5.250,0.241338
31.250,5.250,0.242309
31.500,5.250,0.243276
31.750,5.250,0.244240
32.000,5.250,0.245199
32.250,5.250,0.246155
32.500,5.250,0.247107
32.750,5.250,0.248056
33.000,5.250,0.249001
33.250,5.250,0.249942
33.500,5.250,0.250880
33.750,5.250,0.251815
34.000,5.250,0.252746
34.250,5.250,0.253673
34.500,5.250,0.254597
34.750,5.250,0.255518
35.000,5.250,0.256435
35.250,5.250,0.257350
35.500,5.250,0.258261
35.750,5.250,0.259168
36.000,5.250,0.260073
36.250,5.250,0.260974
36.500,5.250,0.261873
36.750,5.250,0.262768
37.000,5.250,0.263660
37.250,5.250,0.264550
37.500,5.250,0.265436
37.750,5.250,0.266319
38.000,5.250,0.267200
38.250,5.250,0.268077
38.500,5.250,0.268952
38.750,5.250,0.269824
39.000,5.250,0.270693
39.250,5.250,0.271559
39.500,5.250,0.272422
39.750,5.250,0.273283
40.000,5.250,0.274141
40.250,5.250,0.274996
40.500,5.250,0.275849
40.750,5.250,0.276699
41.000,5.250,0.277547
41.250,5.250,0.278392
41.500,5.250,0.279234
41.750,5.250,0.280074
42.000,5.250,0.280911
42.250,5.250,0.281746
42.500,5.250,0.282578
42.750,5.250,0.283408
43.000,5.250,0.284235
43.250,5.250,0.285061
43.500,5.250,0.285883
43.750,5.250,0.286704
44.000,5.250,0.287522
44.250,5.250,0.288337
44.500,5.250,0.289151
44.750,5.250,0.289962
45.000,5.250,0.290770
1.000,5.375,0.044993
1.250,5.375,0.050304
1.500,5.375,0.055105
1.750,5.375,0.059521
2.000,5.375,0.063630
2.250,5.375,0.067490
2.500,5.375,0.071141
2.750,5.375,0.074613
3.000,5.375,0.077931
3.250,5.375,0.081113
3.500,5.375,0.084175
3.750,5.375,0.087129
4.000,5.375,0.089987
4.250,5.375,0.092756
4.500,5.375,0.095445
4.750,5.375,0.098061
5.000,5.375,0.100608
5.250,5.375,0.103093
5.500,5.375,0.105519
5.750,5.375,0.107890
6.000,5.375,0.110211
6.250,5.375,0.112483
6.500,5.375,0.114711
6.750,5.375,0.116896
7.000,5.375,0.119041
7.250,5.375,0.121148
7.500,5.375,0.123219
7.750,5.375,0.125256
8.000,5.375,0.127260
8.250,5.375,0.129234
8.500,5.375,0.131177
8.750,5.375,0.133092
9.000,5.375,0.134980
9.250,5.375,0.136842
9.500,5.375,0.138679
9.750,5.375,0.140492
10.000,5.375,0.142282
10.250,5.375,0.144049
10.500,5.375,0.145795
10.750,5.375,0.147521
11.000,5.375,0.149226
11.250,5.375,0.150912
11.500,5.375,0.152580
11.750,5.375,0.154230
12.000,5.375,0.155862
12.250,5.375,0.157477
12.500,5.375,0.159076
12.750,5.375,0.160658
13.000,5.375,0.162226
13.250,5.375,0.163778
13.500,5.375,0.165316
13.750,5.375,0.166840
14.000,5.375,0.168350
14.250,5.375,0.169846
14.500,5.375,0.171330
14.750,5.375,0.172800
15.000,5.375,0.174259
15.250,5.375,0.175705
15.500,5.375,0.177139
15.750,5.375,0.178562
16.000,5.375,0.179973
16.250,5.375,0.181374
16.500,5.375,0.182764
16.750,5.375,0.184143
17.000,5.375,0.185512
17.250,5.375,0.186872
17.500,5.375,0.188221
17.750,5.375,0.189560
18.000,5.375,0.190891
18.250,5.375,0.192212
18.500,5.375,0.193524
18.750,5.375,0.194827
19.000,5.375,0.196122
19.250,5.375,0.197408
19.500,5.375,0.198685
19.750,5.375,0.199955
20.000,5.375,0.201216
20.250,5.375,0.202470
20.500,5.375,0.203716
20.750,5.375,0.204955
21.000,5.375,0.206186
21.250,5.375,0.207409
21.500,5.375,0.208626
21.750,5.375,0.209835
22.000,5.375,0.211038
22.250,5.375,0.212233
22.500,5.375,0.213422
22.750,5.375,0.214605
23.000,5.375,0.215781
23.250,5.375,0.216950
23.500,5.375,0.218113
23.750,5.375,0.219271
24.000,5.375,0.220422
24.250,5.375,0.221567
24.500,5.375,0.222706
24.750,5.375,0.223839
25.000,5.375,0.224967
25.250,5.375,0.226089
25.500,5.375,0.227205
25.750,5.375,0.228316
26.000,5.375,0.229422
26.250,5.375,0.230522
26.500,5.375,0.231618
26.750,5.375,0.232708
27.000,5.375,0.233792
27.250,5.375,0.234872
27.500,5.375,0.235947
27.750,5.375,0.237017
28.000,5.375,0.238083
28.250,5.375,0.239143
28.500,5.375,0.240199
28.750,5.375,0.241250
29.000,5.375,0.242297
29.250,5.375,0.243339
29.500,5.375,0.244377
29.750,5.375,0.245410
30.000,5.375,0.246439
30.250,5.375,0.247464
30.500,5.375,0.248484
30.750,5.375,0.249500
31.000,5.375,0.250512
31.250,5.375,0.251521
31.500,5.375,0.252525
31.750,5.375,0.253525
32.000,5.375,0.254521
32.250,5.375,0.255513
32.500,5.375,0.256502
32.750,5.375,0.257486
33.000,5.375,0.258467
33.250,5.375,0.259444
33.500,5.375,0.260418
33.750,5.375,0.261388
34.000,5.375,0.262354
34.250,5.375,0.263317
34.500,5.375,0.264276
34.750,5.375,0.265232
35.000,5.375,0.266184
35.250,5.375,0.267133
35.500,5.375,0.268079
35.750,5.375,0.269021
36.000,5.375,0.269960
36.250,5.375,0.270896
36.500,5.375,0.271828
36.750,5.375,0.272758
37.000,5.375,0.273684
37.250,5.375,0.274607
37.500,5.375,0.275527
37.750,5.375,0.276444
38.000,5.375,0.277358
38.250,5.375,0.278269
38.500,5.375,0.279177
38.750,5.375,0.280081
39.000,5.375,0.280984
39.250,5.375,0.281883
39.500,5.375,0.282779
39.750,5.375,0.283672
40.000,5.375,0.284563
40.250,5.375,0.285451
40.500,5.375,0.286336
40.750,5.375,0.287218
41.000,5.375,0.288098
41.250,5.375,0.288975
41.500,5.375,0.289850
41.750,5.375,0.290721
42.000,5.375,0.291590
42.250,5.375,0.292457
42.500,5.375,0.293321
42.750,5.375,0.294182
43.000,5.375,0.295041
43.250,5.375,0.295898
43.500,5.375,0.296752
43.750,5.375,0.297603
44.000,5.375,0.298452
44.250,5.375,0.299299
44.500,5.375,0.300143
44.750,5.375,0.300985
45.000,5.375,0.301825
1.000,5.500,0.046641
1.250,5.500,0.052146
1.500,5.500,0.057124
1.750,5.500,0.061701
2.000,5.500,0.065961
2.250,5.500,0.069962
2.500,5.500,0.073746
2.750,5.500,0.077346
3.000,5.500,0.080785
3.250,5.500,0.084084
3.500,5.500,0.087258
3.750,5.500,0.090320
4.000,5.500,0.093282
4.250,5.500,0.096153
4.500,5.500,0.098941
4.750,5.500,0.101652
5.000,5.500,0.104293
5.250,5.500,0.106869
5.500,5.500,0.109383
5.750,5.500,0.111842
6.000,5.500,0.114247
6.250,5.500,0.116603
6.500,5.500,0.118912
6.750,5.500,0.121177
7.000,5.500,0.123401
7.250,5.500,0.125585
7.500,5.500,0.127732
7.750,5.500,0.129844
8.000,5.500,0.131921
8.250,5.500,0.133967
8.500,5.500,0.135981
8.750,5.500,0.137967
9.000,5.500,0.139924
9.250,5.500,0.141854
9.500,5.500,0.143758
9.750,5.500,0.145637
10.000,5.500,0.147493
10.250,5.500,0.149325
10.500,5.500,0.151135
10.750,5.500,0.152924
11.000,5.500,0.154691
11.250,5.500,0.156439
11.500,5.500,0.158168
11.750,5.500,0.159878
12.000,5.500,0.161570
12.250,5.500,0.163244
12.500,5.500,0.164902
12.750,5.500,0.166543
13.000,5.500,0.168167
13.250,5.500,0.169777
13.500,5.500,0.171371
13.750,5.500,0.172950
14.000,5.500,0.174516
14.250,5.500,0.176067
14.500,5.500,0.177605
14.750,5.500,0.179129
15.000,5.500,0.180641
15.250,5.500,0.182140
15.500,5.500,0.183627
15.750,5.500,0.185102
16.000,5.500,0.186565
16.250,5.500,0.188017
16.500,5.500,0.189458
16.750,5.500,0.190887
17.000,5.500,0.192307
17.250,5.500,0.193716
17.500,5.500,0.195114
17.750,5.500,0.196503
18.000,5.500,0.197882
18.250,5.500,0.199251
18.500,5.500,0.200612
18.750,5.500,0.201962
19.000,5.500,0.203304
19.250,5.500,0.204638
19.500,5.500,0.205962
19.750,5.500,0.207278
20.000,5.500,0.208586
20.250,5.500,0.209886
20.500,5.500,0.211177
20.750,5.500,0.212461
21.000,5.500,0.213737
21.250,5.500,0.215005
21.500,5.500,0.216267
21.750,5.500,0.217520
22.000,5.500,0.218767
22.250,5.500,0.220006
22.500,5.500,0.221239
22.750,5.500,0.222465
23.000,5.500,0.223684
23.250,5.500,0.224896
23.500,5.500,0.226102
23.750,5.500,0.227301
24.000,5.500,0.228494
24.250,5.500,0.229681
24.500,5.500,0.230862
24.750,5.500,0.232037
25.000,5.500,0.233206
25.250,5.500,0.234369
25.500,5.500,0.235527
25.750,5.500,0.236678
26.000,5.500,0.237825
26.250,5.500,0.238965
26.500,5.500,0.240100
26.750,5.500,0.241230
27.000,5.500,0.242355
27.250,5.500,0.243474
27.500,5.500,0.244589
27.750,5.500,0.245698
28.000,5.500,0.246802
28.250,5.500,0.247902
28.500,5.500,0.248996
28.750,5.500,0.250086
29.000,5.500,0.251171
29.250,5.500,0.252251
29.500,5.500,0.253327
29.750,5.500,0.254398
30.000,5.500,0.255465
30.250,5.500,0.256527
30.500,5.500,0.257585
30.750,5.500,0.258638
31.000,5.500,0.259687
31.250,5.500,0.260732
31.500,5.500,0.261773
31.750,5.500,0.262810
32.000,5.500,0.263843
32.250,5.500,0.264871
32.500,5.500,0.265896
32.750,5.500,0.266917
33.000,5.500,0.267934
33.250,5.500,0.268947
33.500,5.500,0.269956
33.750,5.500,0.270961
34.000,5.500,0.271963
34.250,5.500,0.272961
34.500,5.500,0.273955
34.750,5.500,0.274946
35.000,5.500,0.275933
35.250,5.500,0.276917
35.500,5.500,0.277897
35.750,5.500,0.278874
36.000,5.500,0.279847
36.250,5.500,0.280817
36.500,5.500,0.281784
36.750,5.500,0.282747
37.000,5.500,0.283708
37.250,5.500,0.284664
37.500,5.500,0.285618
37.750,5.500,0.286569
38.000,5.500,0.287516
38.250,5.500,0.288460
38.500,5.500,0.289401
38.750,5.500,0.290339
39.000,5.500,0.291274
39.250,5.500,0.292207
39.500,5.500,0.293136
39.750,5.500,0.294062
40.000,5.500,0.294985
40.250,5.500,0.295905
40.500,5.500,0.296823
40.750,5.500,0.297738
41.000,5.500,0.298650
41.250,5.500,0.299559
41.500,5.500,0.300465
41.750,5.500,0.301369
42.000,5.500,0.302270
42.250,5.500,0.303168
42.500,5.500,0.304064
42.750,5.500,0.304957
43.000,5.500,0.305847
43.250,5.500,0.306735
43.500,5.500,0.307620
43.750,5.500,0.308503
44.000,5.500,0.309383
44.250,5.500,0.310261
44.500,5.500,0.311136
44.750,5.500,0.312009
45.000,5.500,0.312879
1.000,5.625,0.048289
1.250,5.625,0.053989
1.500,5.625,0.059142
1.750,5.625,0.063880
2.000,5.625,0.068291
2.250,5.625,0.072434
2.500,5.625,0.076352
2.750,5.625,0.080078
3.000,5.625,0.083639
3.250,5.625,0.087054
3.500,5.625,0.090341
3.750,5.625,0.093511
4.000,5.625,0.096578
4.250,5.625,0.099551
4.500,5.625,0.102437
4.750,5.625,0.105244
5.000,5.625,0.107978
5.250,5.625,0.110644
5.500,5.625,0.113248
5.750,5.625,0.115793
6.000,5.625,0.118284
6.250,5.625,0.120723
6.500,5.625,0.123114
6.750,5.625,0.125459
7.000,5.625,0.127761
7.250,5.625,0.130022
7.500,5.625,0.132245
7.750,5.625,0.134431
8.000,5.625,0.136582
8.250,5.625,0.138700
8.500,5.625,0.140786
8.750,5.625,0.142841
9.000,5.625,0.144867
9.250,5.625,0.146866
9.500,5.625,0.148837
9.750,5.625,0.150783
10.000,5.625,0.152704
10.250,5.625,0.154601
10.500,5.625,0.156475
10.750,5.625,0.158326
11.000,5.625,0.160157
11.250,5.625,0.161967
11.500,5.625,0.163756
11.750,5.625,0.165527
12.000,5.625,0.167278
12.250,5.625,0.169012
12.500,5.625,0.170728
12.750,5.625,0.172427
13.000,5.625,0.174109
13.250,5.625,0.175775
13.500,5.625,0.177426
13.750,5.625,0.179061
14.000,5.625,0.180681
14.250,5.625,0.182287
14.500,5.625,0.183879
14.750,5.625,0.185458
15.000,5.625,0.187023
15.250,5.625,0.188575
15.500,5.625,0.190114
15.750,5.625,0.191641
16.000,5.625,0.193156
16.250,5.625,0.194660
16.500,5.625,0.196151
16.750,5.625,0.197632
17.000,5.625,0.199101
17.250,5.625,0.200560
17.500,5.625,0.202008
17.750,5.625,0.203446
18.000,5.625,0.204873
18.250,5.625,0.206291
18.500,5.625,0.207699
18.750,5.625,0.209098
19.000,5.625,0.210487
19.250,5.625,0.211868
19.500,5.625,0.213239
19.750,5.625,0.214601
20.000,5.625,0.215955
20.250,5.625,0.217301
20.500,5.625,0.218638
20.750,5.625,0.219967
21.000,5.625,0.221288
21.250,5.625,0.222602
21.500,5.625,0.223907
21.750,5.625,0.225205
22.000,5.625,0.226496
22.250,5.625,0.227779
22.500,5.625,0.229055
22.750,5.625,0.230324
23.000,5.625,0.231586
23.250,5.625,0.232842
23.500,5.625,0.234090
23.750,5.625,0.235332
24.000,5.625,0.236567
24.250,5.625,0.237796
24.500,5.625,0.239019
24.750,5.625,0.240235
25.000,5.625,0.241446
25.250,5.625,0.242650
25.500,5.625,0.243848
25.750,5.625,0.245040
26.000,5.625,0.246227
26.250,5.625,0.247408
26.500,5.625,0.248583
26.750,5.625,0.249753
27.000,5.625,0.250918
27.250,5.625,0.252077
27.500,5.625,0.253230
27.750,5.625,0.254379
28.000,5.625,0.255522
28.250,5.625,0.256660
28.500,5.625,0.257793
28.750,5.625,0.258921
29.000,5.625,0.260045
29.250,5.625,0.261163
29.500,5.625,0.262277
29.750,5.625,0.263386
30.000,5.625,0.264490
30.250,5.625,0.265590
30.500,5.625,0.266685
30.750,5.625,0.267776
31.000,5.625,0.268862
31.250,5.625,0.269944
31.500,5.625,0.271022
31.750,5.625,0.272095
32.000,5.625,0.273164
32.250,5.625,0.274229
32.500,5.625,0.275290
32.750,5.625,0.276347
33.000,5.625,0.277400
33.250,5.625,0.278449
33.500,5.625,0.279493
33.750,5.625,0.280534
34.000,5.625,0.281571
34.250,5.625,0.282605
34.500,5.625,0.283634
34.750,5.625,0.284660
35.000,5.625,0.285682
35.250,5.625,0.286701
35.500,5.625,0.287716
35.750,5.625,0.288727
36.000,5.625,0.289735
36.250,5.625,0.290739
36.500,5.625,0.291740
36.750,5.625,0.292737
37.000,5.625,0.293731
37.250,5.625,0.294722
37.500,5.625,0.295709
37.750,5.625,0.296693
38.000,5.625,0.297674
38.250,5.625,0.298652
38.500,5.625,0.299626
38.750,5.625,0.300597
39.000,5.625,0.301565
39.250,5.625,0.302530
39.500,5.625,0.303492
39.750,5.625,0.304451
40.000,5.625,0.305407
40.250,5.625,0.306360
40.500,5.625,0.307310
40.750,5.625,0.308257
41.000,5.625,0.309201
41.250,5.625,0.310142
41.500,5.625,0.311081
41.750,5.625,0.312016
42.000,5.625,0.312949
42.250,5.625,0.313879
42.500,5.625,0.314806
42.750,5.625,0.315731
43.000,5.625,0.316653
43.250,5.625,0.317572
43.500,5.625,0.318489
43.750,5.625,0.319402
44.000,5.625,0.320314
44.250,5.625,0.321222
44.500,5.625,0.322129
44.750,5.625,0.323032
45.000,5.625,0.323933
1.000,5.750,0.049937
1.250,5.750,0.055831
1.500,5.750,0.061160
1.750,5.750,0.066060
2.000,5.750,0.070622
2.250,5.750,0.074905
2.500,5.750,0.078957
2.750,5.750,0.082811
3.000,5.750,0.086493
3.250,5.750,0.090025
3.500,5.750,0.093424
3.750,5.750,0.096703
4.000,5.750,0.099874
4.250,5.750,0.102948
4.500,5.750,0.105932
4.750,5.750,0.108835
5.000,5.750,0.111662
5.250,5.750,0.114420
5.500,5.750,0.117113
5.750,5.750,0.119745
6.000,5.750,0.122320
6.250,5.750,0.124842
6.500,5.750,0.127315
6.750,5.750,0.129740
7.000,5.750,0.132121
7.250,5.750,0.134459
7.500,5.750,0.136758
7.750,5.750,0.139019
8.000,5.750,0.141243
8.250,5.750,0.143433
8.500,5.750,0.145590
8.750,5.750,0.147716
9.000,5.750,0.149811
9.250,5.750,0.151877
9.500,5.750,0.153916
9.750,5.750,0.155928
10.000,5.750,0.157915
10.250,5.750,0.159876
10.500,5.750,0.161814
10.750,5.750,0.163729
11.000,5.750,0.165622
11.250,5.750,0.167494
11.500,5.750,0.169345
11.750,5.750,0.171175
12.000,5.750,0.172987
12.250,5.750,0.174779
12.500,5.750,0.176554
12.750,5.750,0.178311
13.000,5.750,0.180050
13.250,5.750,0.181773
13.500,5.750,0.183480
13.750,5.750,0.185171
14.000,5.750,0.186847
14.250,5.750,0.188508
14.500,5.750,0.190154
14.750,5.750,0.191787
15.000,5.750,0.193405
15.250,5.750,0.195010
15.500,5.750,0.196602
15.750,5.750,0.198181
16.000,5.750,0.199748
16.250,5.750,0.201302
16.500,5.750,0.202845
16.750,5.750,0.204376
17.000,5.750,0.205895
17.250,5.750,0.207404
17.500,5.750,0.208901
17.750,5.750,0.210388
18.000,5.750,0.211865
18.250,5.750,0.213331
18.500,5.750,0.214787
18.750,5.750,0.216233
19.000,5.750,0.217670
19.250,5.750,0.219098
19.500,5.750,0.220516
19.750,5.750,0.221925
20.000,5.750,0.223325
20.250,5.750,0.224716
20.500,5.750,0.226099
20.750,5.750,0.227474
21.000,5.750,0.228840
21.250,5.750,0.230198
21.500,5.750,0.231548
21.750,5.750,0.232891
22.000,5.750,0.234225
22.250,5.750,0.235552
22.500,5.750,0.236872
22.750,5.750,0.238184
23.000,5.750,0.239489
23.250,5.750,0.240787
23.500,5.750,0.242078
23.750,5.750,0.243363
24.000,5.750,0.244640
24.250,5.750,0.245911
24.500,5.750,0.247175
24.750,5.750,0.248433
25.000,5.750,0.249685
25.250,5.750,0.250930
25.500,5.750,0.252169
25.750,5.750,0.253402
26.000,5.750,0.254630
26.250,5.750,0.255851
26.500,5.750,0.257066
26.750,5.750,0.258276
27.000,5.750,0.259480
27.250,5.750,0.260679
27.500,5.750,0.261872
27.750,5.750,0.263059
28.000,5.750,0.264242
28.250,5.750,0.265419
28.500,5.750,0.266590
28.750,5.750,0.267757
29.000,5.750,0.268919
29.250,5.750,0.270075
29.500,5.750,0.271227
29.750,5.750,0.272374
30.000,5.750,0.273516
30.250,5.750,0.274653
30.500,5.750,0.275786
30.750,5.750,0.276914
31.000,5.750,0.278037
31.250,5.750,0.279156
31.500,5.750,0.280271
31.750,5.750,0.281381
32.000,5.750,0.282486
32.250,5.750,0.283587
32.500,5.750,0.284685
32.750,5.750,0.285777
33.000,5.750,0.286866
33.250,5.750,0.287951
33.500,5.750,0.289031
33.750,5.750,0.290108
34.000,5.750,0.291180
34.250,5.750,0.292249
34.500,5.750,0.293313
34.750,5.750,0.294374
35.000,5.750,0.295431
35.250,5.750,0.296484
35.500,5.750,0.297534
35.750,5.750,0.298580
36.000,5.750,0.299622
36.250,5.750,0.300660
36.500,5.750,0.301695
36.750,5.750,0.302727
37.000,5.750,0.303755
37.250,5.750,0.304779
37.500,5.750,0.305800
37.750,5.750,0.306818
38.000,5.750,0.307832
38.250,5.750,0.308843
38.500,5.750,0.309851
38.750,5.750,0.310855
39.000,5.750,0.311856
39.250,5.750,0.312854
39.500,5.750,0.313849
39.750,5.750,0.314841
40.000,5.750,0.315829
40.250,5.750,0.316815
40.500,5.750,0.317797
40.750,5.750,0.318776
41.000,5.750,0.319753
41.250,5.750,0.320726
41.500,5.750,0.321696
41.750,5.750,0.322664
42.000,5.750,0.323629
42.250,5.750,0.324590
42.500,5.750,0.325549
42.750,5.750,0.326505
43.000,5.750,0.327459
43.250,5.750,0.328409
43.500,5.750,0.329357
43.750,5.750,0.330302
44.000,5.750,0.331244
44.250,5.750,0.332184
44.500,5.750,0.333121
44.750,5.750,0.334056
45.000,5.750,0.334987
1.000,5.875,0.051585
1.250,5.875,0.057674
1.500,5.875,0.063178
1.750,5.875,0.068240
2.000,5.875,0.072952
2.250,5.875,0.077377
2.500,5.875,0.081563
2.750,5.875,0.085544
3.000,5.875,0.089348
3.250,5.875,0.092996
3.500,5.875,0.096506
3.750,5.875,0.099894
4.000,5.875,0.103170
4.250,5.875,0.106345
4.500,5.875,0.109428
4.750,5.875,0.112427
5.000,5.875,0.115347
5.250,5.875,0.118196
5.500,5.875,0.120977
5.750,5.875,0.123696
6.000,5.875,0.126357
6.250,5.875,0.128962
6.500,5.875,0.131516
6.750,5.875,0.134021
7.000,5.875,0.136481
7.250,5.875,0.138896
7.500,5.875,0.141271
7.750,5.875,0.143606
8.000,5.875,0.145904
8.250,5.875,0.148166
8.500,5.875,0.150394
8.750,5.875,0.152590
9.000,5.875,0.154755
9.250,5.875,0.156889
9.500,5.875,0.158995
9.750,5.875,0.161074
10.000,5.875,0.163126
10.250,5.875,0.165152
10.500,5.875,0.167154
10.750,5.875,0.169132
11.000,5.875,0.171088
11.250,5.875,0.173021
11.500,5.875,0.174933
11.750,5.875,0.176824
12.000,5.875,0.178695
12.250,5.875,0.180547
12.500,5.875,0.182380
12.750,5.875,0.184195
13.000,5.875,0.185992
13.250,5.875,0.187772
13.500,5.875,0.189535
13.750,5.875,0.191282
14.000,5.875,0.193013
14.250,5.875,0.194729
14.500,5.875,0.196429
14.750,5.875,0.198115
15.000,5.875,0.199787
15.250,5.875,0.201445
15.500,5.875,0.203090
15.750,5.875,0.204721
16.000,5.875,0.206339
16.250,5.875,0.207945
16.500,5.875,0.209539
16.750,5.875,0.211120
17.000,5.875,0.212690
17.250,5.875,0.214248
17.500,5.875,0.215795
17.750,5.875,0.217331
18.000,5.875,0.218856
18.250,5.875,0.220371
18.500,5.875,0.221875
18.750,5.875,0.223369
19.000,5.875,0.224853
19.250,5.875,0.226328
19.500,5.875,0.227792
19.750,5.875,0.229248
20.000,5.875,0.230694
20.250,5.875,0.232132
20.500,5.875,0.233560
20.750,5.875,0.234980
21.000,5.875,0.236391
21.250,5.875,0.237794
21.500,5.875,0.239189
21.750,5.875,0.240576
22.000,5.875,0.241954
22.250,5.875,0.243325
22.500,5.875,0.244688
22.750,5.875,0.246044
23.000,5.875,0.247392
23.250,5.875,0.248733
23.500,5.875,0.250067
23.750,5.875,0.251393
24.000,5.875,0.252713
24.250,5.875,0.254026
24.500,5.875,0.255332
24.750,5.875,0.256631
25.000,5.875,0.257924
25.250,5.875,0.259211
25.500,5.875,0.260491
25.750,5.875,0.261764
26.000,5.875,0.263032
26.250,5.875,0.264294
26.500,5.875,0.265549
26.750,5.875,0.266799
27.000,5.875,0.268043
27.250,5.875,0.269281
27.500,5.875,0.270513
27.750,5.875,0.271740
28.000,5.875,0.272961
28.250,5.875,0.274177
28.500,5.875,0.275388
28.750,5.875,0.276593
29.000,5.875,0.277793
29.250,5.875,0.278988
29.500,5.875,0.280177
29.750,5.875,0.281362
30.000,5.875,0.282542
30.250,5.875,0.283717
30.500,5.875,0.284887
30.750,5.875,0.286052
31.000,5.875,0.287212
31.250,5.875,0.288368
31.500,5.875,0.289519
31.750,5.875,0.290666
32.000,5.875,0.291808
32.250,5.875,0.292946
32.500,5.875,0.294079
32.750,5.875,0.295208
33.000,5.875,0.296332
33.250,5.875,0.297453
33.500,5.875,0.298569
33.750,5.875,0.299681
34.000,5.875,0.300789
34.250,5.875,0.301893
34.500,5.875,0.302992
34.750,5.875,0.304088
35.000,5.875,0.305180
35.250,5.875,0.306268
35.500,5.875,0.307352
35.750,5.875,0.308432
36.000,5.875,0.309509
36.250,5.875,0.310582
36.500,5.875,0.311651
36.750,5.875,0.312716
37.000,5.875,0.313778
37.250,5.875,0.314837
37.500,5.875,0.315891
37.750,5.875,0.316943
38.000,5.875,0.317990
38.250,5.875,0.319035
38.500,5.875,0.320076
38.750,5.875,0.321113
39.000,5.875,0.322147
39.250,5.875,0.323178
39.500,5.875,0.324206
39.750,5.875,0.325230
40.000,5.875,0.326251
40.250,5.875,0.327269
40.500,5.875,0.328284
40.750,5.875,0.329296
41.000,5.875,0.330304
41.250,5.875,0.331310
41.500,5.875,0.332312
41.750,5.875,0.333312
42.000,5.875,0.334308
42.250,5.875,0.335301
42.500,5.875,0.336292
42.750,5.875,0.337280
43.000,5.875,0.338264
43.250,5.875,0.339246
43.500,5.875,0.340225
43.750,5.875,0.341202
44.000,5.875,0.342175
44.250,5.875,0.343146
44.500,5.875,0.344114
44.750,5.875,0.345079
45.000,5.875,0.346042
1.000,6.000,0.053233
1.250,6.000,0.059516
1.500,6.000,0.065196
1.750,6.000,0.070420
2.000,6.000,0.075282
2.250,6.000,0.079849
2.500,6.000,0.084168
2.750,6.000,0.088276
3.000,6.000,0.092202
3.250,6.000,0.095967
3.500,6.000,0.099589
3.750,6.000,0.103085
4.000,6.000,0.106465
4.250,6.000,0.109742
4.500,6.000,0.112924
4.750,6.000,0.116018
5.000,6.000,0.119032
5.250,6.000,0.121971
5.500,6.000,0.124842
5.750,6.000,0.127648
6.000,6.000,0.130393
6.250,6.000,0.133082
6.500,6.000,0.135717
6.750,6.000,0.138303
7.000,6.000,0.140841
7.250,6.000,0.143333
7.500,6.000,0.145784
7.750,6.000,0.148194
8.000,6.000,0.150565
8.250,6.000,0.152899
8.500,6.000,0.155199
8.750,6.000,0.157464
9.000,6.000,0.159698
9.250,6.000,0.161901
9.500,6.000,0.164074
9.750,6.000,0.166219
10.000,6.000,0.168337
10.250,6.000,0.170428
10.500,6.000,0.172494
10.750,6.000,0.174535
11.000,6.000,0.176553
11.250,6.000,0.178548
11.500,6.000,0.180521
11.750,6.000,0.182473
12.000,6.000,0.184404
12.250,6.000,0.186314
12.500,6.000,0.188206
12.750,6.000,0.190079
13.000,6.000,0.191933
13.250,6.000,0.193770
13.500,6.000,0.195589
13.750,6.000,0.197392
14.000,6.000,0.199179
14.250,6.000,0.200949
14.500,6.000,0.202704
14.750,6.000,0.204444
15.000,6.000,0.206169
15.250,6.000,0.207880
15.500,6.000,0.209577
15.750,6.000,0.211261
16.000,6.000,0.212931
16.250,6.000,0.214588
16.500,6.000,0.216232
16.750,6.000,0.217864
17.000,6.000,0.219484
17.250,6.000,0.221092
17.500,6.000,0.222688
17.750,6.000,0.224273
18.000,6.000,0.225847
18.250,6.000,0.227410
18.500,6.000,0.228963
18.750,6.000,0.230504
19.000,6.000,0.232036
19.250,6.000,0.233558
19.500,6.000,0.235069
19.750,6.000,0.236571
20.000,6.000,0.238064
20.250,6.000,0.239547
20.500,6.000,0.241021
20.750,6.000,0.242487
21.000,6.000,0.243943
21.250,6.000,0.245391
21.500,6.000,0.246830
21.750,6.000,0.248261
22.000,6.000,0.249684
22.250,6.000,0.251098
22.500,6.000,0.252505
22.750,6.000,0.253904
23.000,6.000,0.255295
23.250,6.000,0.256679
23.500,6.000,0.258055
23.750,6.000,0.259424
24.000,6.000,0.260786
24.250,6.000,0.262141
24.500,6.000,0.263488
24.750,6.000,0.264829
25.000,6.000,0.266164
25.250,6.000,0.267491
25.500,6.000,0.268812
25.750,6.000,0.270126
26.000,6.000,0.271435
26.250,6.000,0.272736
26.500,6.000,0.274032
26.750,6.000,0.275322
27.000,6.000,0.276605
27.250,6.000,0.277883
27.500,6.000,0.279155
27.750,6.000,0.280421
28.000,6.000,0.281681
28.250,6.000,0.282936
28.500,6.000,0.284185
28.750,6.000,0.285429
29.000,6.000,0.286667
29.250,6.000,0.287900
29.500,6.000,0.289128
29.750,6.000,0.290350
30.000,6.000,0.291568
30.250,6.000,0.292780
30.500,6.000,0.293987
30.750,6.000,0.295190
31.000,6.000,0.296387
31.250,6.000,0.297580
31.500,6.000,0.298768
31.750,6.000,0.299951
32.000,6.000,0.301130
32.250,6.000,0.302304
32.500,6.000,0.303473
32.750,6.000,0.304638
33.000,6.000,0.305799
33.250,6.000,0.306955
33.500,6.000,0.308107
33.750,6.000,0.309254
34.000,6.000,0.310397
34.250,6.000,0.311536
34.500,6.000,0.312671
34.750,6.000,0.313802
35.000,6.000,0.314929
35.250,6.000,0.316052
35.500,6.000,0.317170
35.750,6.000,0.318285
36.000,6.000,0.319396
36.250,6.000,0.320503
36.500,6.000,0.321607
36.750,6.000,0.322706
37.000,6.000,0.323802
37.250,6.000,0.324894
37.500,6.000,0.325982
37.750,6.000,0.327067
38.000,6.000,0.328148
38.250,6.000,0.329226
38.500,6.000,0.330300
38.750,6.000,0.331371
39.000,6.000,0.332438
39.250,6.000,0.333502
39.500,6.000,0.334562
39.750,6.000,0.335619
40.000,6.000,0.336673
40.250,6.000,0.337724
40.500,6.000,0.338771
40.750,6.000,0.339815
41.000,6.000,0.340856
41.250,6.000,0.341893
41.500,6.000,0.342928
41.750,6.000,0.343959
42.000,6.000,0.344987
42.250,6.000,0.346013
42.500,6.000,0.347035
42.750,6.000,0.348054
43.000,6.000,0.349070
43.250,6.000,0.350083
43.500,6.000,0.351094
43.750,6.000,0.352101
44.000,6.000,0.353106
44.250,6.000,0.354108
44.500,6.000,0.355106
44.750,6.000,0.356103
45.000,6.000,0.357096
1.000,6.125,0.054881
1.250,6.125,0.061358
1.500,6.125,0.067215
1.750,6.125,0.072600
2.000,6.125,0.077613
2.250,6.125,0.082321
2.500,6.125,0.086774
2.750,6.125,0.091009
3.000,6.125,0.095056
3.250,6.125,0.098937
3.500,6.125,0.102672
3.750,6.125,0.106276
4.000,6.125,0.109761
4.250,6.125,0.113139
4.500,6.125,0.116419
4.750,6.125,0.119609
5.000,6.125,0.122717
5.250,6.125,0.125747
5.500,6.125,0.128706
5.750,6.125,0.131599
6.000,6.125,0.134429
6.250,6.125,0.137201
6.500,6.125,0.139919
6.750,6.125,0.142584
7.000,6.125,0.145200
7.250,6.125,0.147770
7.500,6.125,0.150297
7.750,6.125,0.152781
8.000,6.125,0.155226
8.250,6.125,0.157632
8.500,6.125,0.160003
8.750,6.125,0.162339
9.000,6.125,0.164642
9.250,6.125,0.166913
9.500,6.125,0.169153
9.750,6.125,0.171365
10.000,6.125,0.173548
10.250,6.125,0.175704
10.500,6.125,0.177833
10.750,6.125,0.179938
11.000,6.125,0.182018
11.250,6.125,0.184075
11.500,6.125,0.186109
11.750,6.125,0.188121
12.000,6.125,0.190112
12.250,6.125,0.192082
12.500,6.125,0.194032
12.750,6.125,0.195963
13.000,6.125,0.197875
13.250,6.125,0.199768
13.500,6.125,0.201644
13.750,6.125,0.203503
14.000,6.125,0.205344
14.250,6.125,0.207170
14.500,6.125,0.208979
14.750,6.125,0.210773
15.000,6.125,0.212552
15.250,6.125,0.214316
15.500,6.125,0.216065
15.750,6.125,0.217801
16.000,6.125,0.219522
16.250,6.125,0.221231
16.500,6.125,0.222926
16.750,6.125,0.224608
17.000,6.125,0.226278
17.250,6.125,0.227936
17.500,6.125,0.229582
17.750,6.125,0.231216
18.000,6.125,0.232839
18.250,6.125,0.234450
18.500,6.125,0.236050
18.750,6.125,0.237640
19.000,6.125,0.239219
19.250,6.125,0.240788
19.500,6.125,0.242346
19.750,6.125,0.243895
20.000,6.125,0.245433
20.250,6.125,0.246963
20.500,6.125,0.248482
20.750,6.125,0.249993
21.000,6.125,0.251494
21.250,6.125,0.252987
21.500,6.125,0.254471
21.750,6.125,0.255946
22.000,6.125,0.257413
22.250,6.125,0.258871
22.500,6.125,0.260321
22.750,6.125,0.261764
23.000,6.125,0.263198
23.250,6.125,0.264625
23.500,6.125,0.266043
23.750,6.125,0.267455
24.000,6.125,0.268859
24.250,6.125,0.270255
24.500,6.125,0.271645
24.750,6.125,0.273027
25.000,6.125,0.274403
25.250,6.125,0.275771
25.500,6.125,0.277133
25.750,6.125,0.278489
26.000,6.125,0.279837
26.250,6.125,0.281179
26.500,6.125,0.282515
26.750,6.125,0.283845
27.000,6.125,0.285168
27.250,6.125,0.286485
27.500,6.125,0.287796
27.750,6.125,0.289101
28.000,6.125,0.290401
28.250,6.125,0.291694
28.500,6.125,0.292982
28.750,6.125,0.294264
29.000,6.125,0.295541
29.250,6.125,0.296812
29.500,6.125,0.298078
29.750,6.125,0.299338
30.000,6.125,0.300593
30.250,6.125,0.301843
30.500,6.125,0.303088
30.750,6.125,0.304328
31.000,6.125,0.305562
31.250,6.125,0.306792
31.500,6.125,0.308016
31.750,6.125,0.309236
32.000,6.125,0.310451
32.250,6.125,0.311662
32.500,6.125,0.312867
32.750,6.125,0.314068
33.000,6.125,0.315265
33.250,6.125,0.316457
33.500,6.125,0.317644
33.750,6.125,0.318827
34.000,6.125,0.320006
34.250,6.125,0.321180
34.500,6.125,0.322350
34.750,6.125,0.323516
35.000,6.125,0.324678
35.250,6.125,0.325835
35.500,6.125,0.326989
35.750,6.125,0.328138
36.000,6.125,0.329283
36.250,6.125,0.330425
36.500,6.125,0.331562
36.750,6.125,0.332696
37.000,6.125,0.333826
37.250,6.125,0.334951
37.500,6.125,0.336074
37.750,6.125,0.337192
38.000,6.125,0.338307
38.250,6.125,0.339418
38.500,6.125,0.340525
38.750,6.125,0.341629
39.000,6.125,0.342729
39.250,6.125,0.343826
39.500,6.125,0.344919
39.750,6.125,0.346009
40.000,6.125,0.347095
40.250,6.125,0.348178
40.500,6.125,0.349258
40.750,6.125,0.350334
41.000,6.125,0.351407
41.250,6.125,0.352477
41.500,6.125,0.353543
41.750,6.125,0.354607
42.000,6.125,0.355667
42.250,6.125,0.356724
42.500,6.125,0.357778
42.750,6.125,0.358828
43.000,6.125,0.359876
43.250,6.125,0.360921
43.500,6.125,0.361962
43.750,6.125,0.363001
44.000,6.125,0.364037
44.250,6.125,0.365069
44.500,6.125,0.366099
44.750,6.125,0.367126
45.000,6.125,0.368150
1.000,6.250,0.056528
1.250,6.250,0.063201
1.500,6.250,0.069233
1.750,6.250,0.074780
2.000,6.250,0.079943
2.250,6.250,0.084793
2.500,6.250,0.089379
2.750,6.250,0.093742
3.000,6.250,0.097910
3.250,6.250,0.101908
3.500,6.250,0.105755
3.750,6.250,0.109467
4.000,6.250,0.113057
4.250,6.250,0.116536
4.500,6.250,0.119915
4.750,6.250,0.123201
5.000,6.250,0.126401
5.250,6.250,0.129523
5.500,6.250,0.132571
5.750,6.250,0.135550
6.000,6.250,0.138466
6.250,6.250,0.141321
6.500,6.250,0.144120
6.750,6.250,0.146865
7.000,6.250,0.149560
7.250,6.250,0.152207
7.500,6.250,0.154810
7.750,6.250,0.157369
8.000,6.250,0.159887
8.250,6.250,0.162366
8.500,6.250,0.164807
8.750,6.250,0.167213
9.000,6.250,0.169585
9.250,6.250,0.171925
9.500,6.250,0.174232
9.750,6.250,0.176510
10.000,6.250,0.178759
10.250,6.250,0.180979
10.500,6.250,0.183173
10.750,6.250,0.185341
11.000,6.250,0.187484
11.250,6.250,0.189602
11.500,6.250,0.191697
11.750,6.250,0.193770
12.000,6.250,0.195820
12.250,6.250,0.197850
12.500,6.250,0.199858
12.750,6.250,0.201847
13.000,6.250,0.203816
13.250,6.250,0.205767
13.500,6.250,0.207699
13.750,6.250,0.209613
14.000,6.250,0.211510
14.250,6.250,0.213390
14.500,6.250,0.215254
14.750,6.250,0.217102
15.000,6.250,0.218934
15.250,6.250,0.220751
15.500,6.250,0.222553
15.750,6.250,0.224340
16.000,6.250,0.226114
16.250,6.250,0.227873
16.500,6.250,0.229620
16.750,6.250,0.231353
17.000,6.250,0.233073
17.250,6.250,0.234780
17.500,6.250,0.236475
17.750,6.250,0.238159
18.000,6.250,0.239830
18.250,6.250,0.241490
18.500,6.250,0.243138
18.750,6.250,0.244775
19.000,6.250,0.246402
19.250,6.250,0.248018
19.500,6.250,0.249623
19.750,6.250,0.251218
20.000,6.250,0.252803
20.250,6.250,0.254378
20.500,6.250,0.255943
20.750,6.250,0.257499
21.000,6.250,0.259046
21.250,6.250,0.260583
21.500,6.250,0.262112
21.750,6.250,0.263631
22.000,6.250,0.265142
22.250,6.250,0.266644
22.500,6.250,0.268138
22.750,6.250,0.269623
23.000,6.250,0.271101
23.250,6.250,0.272570
23.500,6.250,0.274032
23.750,6.250,0.275486
24.000,6.250,0.276932
24.250,6.250,0.278370
24.500,6.250,0.279802
24.750,6.250,0.281225
25.000,6.250,0.282642
25.250,6.250,0.284052
25.500,6.250,0.285455
25.750,6.250,0.286851
26.000,6.250,0.288240
26.250,6.250,0.289622
26.500,6.250,0.290998
26.750,6.250,0.292367
27.000,6.250,0.293730
27.250,6.250,0.295087
27.500,6.250,0.296438
27.750,6.250,0.297782
28.000,6.250,0.299120
28.250,6.250,0.300453
28.500,6.250,0.301779
28.750,6.250,0.303100
29.000,6.250,0.304415
29.250,6.250,0.305724
29.500,6.250,0.307028
29.750,6.250,0.308326
30.000,6.250,0.309619
30.250,6.250,0.310906
30.500,6.250,0.312189
30.750,6.250,0.313465
31.000,6.250,0.314737
31.250,6.250,0.316004
31.500,6.250,0.317265
31.750,6.250,0.318522
32.000,6.250,0.319773
32.250,6.250,0.321020
32.500,6.250,0.322262
32.750,6.250,0.323499
33.000,6.250,0.324731
33.250,6.250,0.325959
33.500,6.250,0.327182
33.750,6.250,0.328401
34.000,6.250,0.329615
34.250,6.250,0.330824
34.500,6.250,0.332029
34.750,6.250,0.333230
35.000,6.250,0.334427
35.250,6.250,0.335619
35.500,6.250,0.336807
35.750,6.250,0.337991
36.000,6.250,0.339171
36.250,6.250,0.340346
36.500,6.250,0.341518
36.750,6.250,0.342685
37.000,6.250,0.343849
37.250,6.250,0.345009
37.500,6.250,0.346165
37.750,6.250,0.347317
38.000,6.250,0.348465
38.250,6.250,0.349609
38.500,6.250,0.350750
38.750,6.250,0.351887
39.000,6.250,0.353020
39.250,6.250,0.354150
39.500,6.250,0.355276
39.750,6.250,0.356398
40.000,6.250,0.357517
40.250,6.250,0.358633
40.500,6.250,0.359745
40.750,6.250,0.360853
41.000,6.250,0.361959
41.250,6.250,0.363061
41.500,6.250,0.364159
41.750,6.250,0.365254
42.000,6.250,0.366346
42.250,6.250,0.367435
42.500,6.250,0.368520
42.750,6.250,0.369603
43.000,6.250,0.370682
43.250,6.250,0.371758
43.500,6.250,0.372831
43.750,6.250,0.373901
44.000,6.250,0.374967
44.250,6.250,0.376031
44.500,6.250,0.377092
44.750,6.250,0.378150
45.000,6.250,0.379204
1.000,6.375,0.058176
1.250,6.375,0.065043
1.500,6.375,0.071251
1.750,6.375,0.076960
2.000,6.375,0.082274
2.250,6.375,0.087264
2.500,6.375,0.091985
2.750,6.375,0.096474
3.000,6.375,0.100764
3.250,6.375,0.104879
3.500,6.375,0.108838
3.750,6.375,0.112658
4.000,6.375,0.116353
4.250,6.375,0.119934
4.500,6.375,0.123411
4.750,6.375,0.126792
5.000,6.375,0.130086
5.250,6.375,0.133299
5.500,6.375,0.136436
5.750,6.375,0.139502
6.000,6.375,0.142502
6.250,6.375,0.145441
6.500,6.375,0.148321
6.750,6.375,0.151146
7.000,6.375,0.153920
7.250,6.375,0.156645
7.500,6.375,0.159322
7.750,6.375,0.161956
8.000,6.375,0.164547
8.250,6.375,0.167099
8.500,6.375,0.169612
8.750,6.375,0.172088
9.000,6.375,0.174529
9.250,6.375,0.176936
9.500,6.375,0.179311
9.750,6.375,0.181655
10.000,6.375,0.183970
10.250,6.375,0.186255
10.500,6.375,0.188513
10.750,6.375,0.190744
11.000,6.375,0.192949
11.250,6.375,0.195129
11.500,6.375,0.197285
11.750,6.375,0.199418
12.000,6.375,0.201529
12.250,6.375,0.203617
12.500,6.375,0.205684
12.750,6.375,0.207731
13.000,6.375,0.209758
13.250,6.375,0.211765
13.500,6.375,0.213753
13.750,6.375,0.215724
14.000,6.375,0.217676
14.250,6.375,0.219611
14.500,6.375,0.221529
14.750,6.375,0.223430
15.000,6.375,0.225316
15.250,6.375,0.227186
15.500,6.375,0.229040
15.750,6.375,0.230880
16.000,6.375,0.232705
16.250,6.375,0.234516
16.500,6.375,0.236313
16.750,6.375,0.238097
17.000,6.375,0.239867
17.250,6.375,0.241624
17.500,6.375,0.243369
17.750,6.375,0.245101
18.000,6.375,0.246821
18.250,6.375,0.248529
18.500,6.375,0.250226
18.750,6.375,0.251911
19.000,6.375,0.253585
19.250,6.375,0.255248
19.500,6.375,0.256900
19.750,6.375,0.258541
20.000,6.375,0.260172
20.250,6.375,0.261793
20.500,6.375,0.263404
20.750,6.375,0.265006
21.000,6.375,0.266597
21.250,6.375,0.268180
21.500,6.375,0.269752
21.750,6.375,0.271316
22.000,6.375,0.272871
22.250,6.375,0.274417
22.500,6.375,0.275954
22.750,6.375,0.277483
23.000,6.375,0.279004
23.250,6.375,0.280516
23.500,6.375,0.282020
23.750,6.375,0.283516
24.000,6.375,0.285005
24.250,6.375,0.286485
24.500,6.375,0.287958
24.750,6.375,0.289423
25.000,6.375,0.290882
25.250,6.375,0.292332
25.500,6.375,0.293776
25.750,6.375,0.295213
26.000,6.375,0.296642
26.250,6.375,0.298065
26.500,6.375,0.299481
26.750,6.375,0.300890
27.000,6.375,0.302293
27.250,6.375,0.303689
27.500,6.375,0.305079
27.750,6.375,0.306463
28.000,6.375,0.307840
28.250,6.375,0.309211
28.500,6.375,0.310577
28.750,6.375,0.311936
29.000,6.375,0.313289
29.250,6.375,0.314637
29.500,6.375,0.315978
29.750,6.375,0.317314
30.000,6.375,0.318645
30.250,6.375,0.319970
30.500,6.375,0.321289
30.750,6.375,0.322603
31.000,6.375,0.323912
31.250,6.375,0.325215
31.500,6.375,0.326514
31.750,6.375,0.327807
32.000,6.375,0.329095
32.250,6.375,0.330378
32.500,6.375,0.331656
32.750,6.375,0.332929
33.000,6.375,0.334197
33.250,6.375,0.335461
33.500,6.375,0.336720
33.750,6.375,0.337974
34.000,6.375,0.339223
34.250,6.375,0.340468
34.500,6.375,0.341708
34.750,6.375,0.342944
35.000,6.375,0.344176
35.250,6.375,0.345403
35.500,6.375,0.346625
35.750,6.375,0.347844
36.000,6.375,0.349058
36.250,6.375,0.350268
36.500,6.375,0.351474
36.750,6.375,0.352675
37.000,6.375,0.353873
37.250,6.375,0.355066
37.500,6.375,0.356256
37.750,6.375,0.357441
38.000,6.375,0.358623
38.250,6.375,0.359801
38.500,6.375,0.360975
38.750,6.375,0.362145
39.000,6.375,0.363311
39.250,6.375,0.364474
39.500,6.375,0.365632
39.750,6.375,0.366788
40.000,6.375,0.367939
40.250,6.375,0.369087
40.500,6.375,0.370232
40.750,6.375,0.371373
41.000,6.375,0.372510
41.250,6.375,0.373644
41.500,6.375,0.374775
41.750,6.375,0.375902
42.000,6.375,0.377026
42.250,6.375,0.378146
42.500,6.375,0.379263
42.750,6.375,0.380377
43.000,6.375,0.381488
43.250,6.375,0.382595
43.500,6.375,0.383699
43.750,6.375,0.384800
44.000,6.375,0.385898
44.250,6.375,0.386993
44.500,6.375,0.388084
44.750,6.375,0.389173
45.000,6.375,0.390259
1.000,6.500,0.059824
1.250,6.500,0.066885
1.500,6.500,0.073269
1.750,6.500,0.079140
2.000,6.500,0.084604
2.250,6.500,0.089736
2.500,6.500,0.094590
2.750,6.500,0.099207
3.000,6.500,0.103619
3.250,6.500,0.107850
3.500,6.500,0.111921
3.750,6.500,0.115849
4.000,6.500,0.119648
4.250,6.500,0.123331
4.500,6.500,0.126906
4.750,6.500,0.130384
5.000,6.500,0.133771
5.250,6.500,0.137074
5.500,6.500,0.140300
5.750,6.500,0.143453
6.000,6.500,0.146539
6.250,6.500,0.149560
6.500,6.500,0.152522
6.750,6.500,0.155428
7.000,6.500,0.158280
7.250,6.500,0.161082
7.500,6.500,0.163835
7.750,6.500,0.166543
8.000,6.500,0.169208
8.250,6.500,0.171832
8.500,6.500,0.174416
8.750,6.500,0.176962
9.000,6.500,0.179473
9.250,6.500,0.181948
9.500,6.500,0.184391
9.750,6.500,0.186801
10.000,6.500,0.189181
10.250,6.500,0.191531
10.500,6.500,0.193852
10.750,6.500,0.196147
11.000,6.500,0.198414
11.250,6.500,0.200656
11.500,6.500,0.202874
11.750,6.500,0.205067
12.000,6.500,0.207237
12.250,6.500,0.209385
12.500,6.500,0.211510
12.750,6.500,0.213615
13.000,6.500,0.215699
13.250,6.500,0.217763
13.500,6.500,0.219808
13.750,6.500,0.221834
14.000,6.500,0.223842
14.250,6.500,0.225831
14.500,6.500,0.227804
14.750,6.500,0.229759
15.000,6.500,0.231698
15.250,6.500,0.233621
15.500,6.500,0.235528
15.750,6.500,0.237420
16.000,6.500,0.239297
16.250,6.500,0.241159
16.500,6.500,0.243007
16.750,6.500,0.244841
17.000,6.500,0.246661
17.250,6.500,0.248468
17.500,6.500,0.250262
17.750,6.500,0.252044
18.000,6.500,0.253812
18.250,6.500,0.255569
18.500,6.500,0.257314
18.750,6.500,0.259046
19.000,6.500,0.260768
19.250,6.500,0.262478
19.500,6.500,0.264176
19.750,6.500,0.265864
20.000,6.500,0.267542
20.250,6.500,0.269209
20.500,6.500,0.270865
20.750,6.500,0.272512
21.000,6.500,0.274149
21.250,6.500,0.275776
21.500,6.500,0.277393
21.750,6.500,0.279001
22.000,6.500,0.280600
22.250,6.500,0.282190
22.500,6.500,0.283771
22.750,6.500,0.285343
23.000,6.500,0.286907
23.250,6.500,0.288462
23.500,6.500,0.290008
23.750,6.500,0.291547
24.000,6.500,0.293077
24.250,6.500,0.294600
24.500,6.500,0.296115
24.750,6.500,0.297622
25.000,6.500,0.299121
25.250,6.500,0.300613
25.500,6.500,0.302097
25.750,6.500,0.303575
26.000,6.500,0.305045
26.250,6.500,0.306508
26.500,6.500,0.307964
26.750,6.500,0.309413
27.000,6.500,0.310856
27.250,6.500,0.312291
27.500,6.500,0.313721
27.750,6.500,0.315143
28.000,6.500,0.316560
28.250,6.500,0.317970
28.500,6.500,0.319374
28.750,6.500,0.320771
29.000,6.500,0.322163
29.250,6.500,0.323549
29.500,6.500,0.324928
29.750,6.500,0.326302
30.000,6.500,0.327671
30.250,6.500,0.329033
30.500,6.500,0.330390
30.750,6.500,0.331741
31.000,6.500,0.333087
31.250,6.500,0.334427
31.500,6.500,0.335762
31.750,6.500,0.337092
32.000,6.500,0.338417
32.250,6.500,0.339736
32.500,6.500,0.341050
32.750,6.500,0.342360
33.000,6.500,0.343664
33.250,6.500,0.344963
33.500,6.500,0.346257
33.750,6.500,0.347547
34.000,6.500,0.348832
34.250,6.500,0.350112
34.500,6.500,0.351387
34.750,6.500,0.352658
35.000,6.500,0.353925
35.250,6.500,0.355186
35.500,6.500,0.356444
35.750,6.500,0.357697
36.000,6.500,0.358945
36.250,6.500,0.360189
36.500,6.500,0.361429
36.750,6.500,0.362665
37.000,6.500,0.363896
37.250,6.500,0.365124
37.500,6.500,0.366347
37.750,6.500,0.367566
38.000,6.500,0.368781
38.250,6.500,0.369992
38.500,6.500,0.371199
38.750,6.500,0.372403
39.000,6.500,0.373602
39.250,6.500,0.374797
39.500,6.500,0.375989
39.750,6.500,0.377177
40.000,6.500,0.378361
40.250,6.500,0.379542
40.500,6.500,0.380719
40.750,6.500,0.381892
41.000,6.500,0.383062
41.250,6.500,0.384228
41.500,6.500,0.385390
41.750,6.500,0.386549
42.000,6.500,0.387705
42.250,6.500,0.388857
42.500,6.500,0.390006
42.750,6.500,0.391151
43.000,6.500,0.392293
43.250,6.500,0.393432
43.500,6.500,0.394568
43.750,6.500,0.395700
44.000,6.500,0.396829
44.250,6.500,0.397954
44.500,6.500,0.399077
44.750,6.500,0.400196
45.000,6.500,0.401313
1.000,6.625,0.061472
1.250,6.625,0.068728
1.500,6.625,0.075288
1.750,6.625,0.081320
2.000,6.625,0.086935
2.250,6.625,0.092208
2.500,6.625,0.097196
2.750,6.625,0.101940
3.000,6.625,0.106473
3.250,6.625,0.110820
3.500,6.625,0.115004
3.750,6.625,0.119040
4.000,6.625,0.122944
4.250,6.625,0.126728
4.500,6.625,0.130402
4.750,6.625,0.133975
5.000,6.625,0.137456
5.250,6.625,0.140850
5.500,6.625,0.144165
5.750,6.625,0.147405
6.000,6.625,0.150575
6.250,6.625,0.153680
6.500,6.625,0.156724
6.750,6.625,0.159709
7.000,6.625,0.162640
7.250,6.625,0.165519
7.500,6.625,0.168348
7.750,6.625,0.171131
8.000,6.625,0.173869
8.250,6.625,0.176565
8.500,6.625,0.179220
8.750,6.625,0.181837
9.000,6.625,0.184416
9.250,6.625,0.186960
9.500,6.625,0.189470
9.750,6.625,0.191946
10.000,6.625,0.194392
10.250,6.625,0.196807
10.500,6.625,0.199192
10.750,6.625,0.201550
11.000,6.625,0.203880
11.250,6.625,0.206184
11.500,6.625,0.208462
11.750,6.625,0.210716
12.000,6.625,0.212945
12.250,6.625,0.215152
12.500,6.625,0.217337
12.750,6.625,0.219499
13.000,6.625,0.221641
13.250,6.625,0.223762
13.500,6.625,0.225863
13.750,6.625,0.227944
14.000,6.625,0.230007
14.250,6.625,0.232052
14.500,6.625,0.234079
14.750,6.625,0.236088
15.000,6.625,0.238080
15.250,6.625,0.240056
15.500,6.625,0.242016
15.750,6.625,0.243960
16.000,6.625,0.245888
16.250,6.625,0.247802
16.500,6.625,0.249701
16.750,6.625,0.251585
17.000,6.625,0.253456
17.250,6.625,0.255313
17.500,6.625,0.257156
17.750,6.625,0.258986
18.000,6.625,0.260804
18.250,6.625,0.262609
18.500,6.625,0.264401
18.750,6.625,0.266182
19.000,6.625,0.267950
19.250,6.625,0.269708
19.500,6.625,0.271453
19.750,6.625,0.273188
20.000,6.625,0.274911
20.250,6.625,0.276624
20.500,6.625,0.278327
20.750,6.625,0.280018
21.000,6.625,0.281700
21.250,6.625,0.283372
21.500,6.625,0.285034
21.750,6.625,0.286687
22.000,6.625,0.288329
22.250,6.625,0.289963
22.500,6.625,0.291588
22.750,6.625,0.293203
23.000,6.625,0.294810
23.250,6.625,0.296407
23.500,6.625,0.297997
23.750,6.625,0.299578
24.000,6.625,0.301150
24.250,6.625,0.302715
24.500,6.625,0.304271
24.750,6.625,0.305820
25.000,6.625,0.307360
25.250,6.625,0.308893
25.500,6.625,0.310419
25.750,6.625,0.311937
26.000,6.625,0.313447
26.250,6.625,0.314951
26.500,6.625,0.316447
26.750,6.625,0.317936
27.000,6.625,0.319418
27.250,6.625,0.320894
27.500,6.625,0.322362
27.750,6.625,0.323824
28.000,6.625,0.325279
28.250,6.625,0.326728
28.500,6.625,0.328171
28.750,6.625,0.329607
29.000,6.625,0.331037
29.250,6.625,0.332461
29.500,6.625,0.333879
29.750,6.625,0.335290
30.000,6.625,0.336696
30.250,6.625,0.338096
30.500,6.625,0.339490
30.750,6.625,0.340879
31.000,6.625,0.342262
31.250,6.625,0.343639
31.500,6.625,0.345011
31.750,6.625,0.346377
32.000,6.625,0.347738
32.250,6.625,0.349094
32.500,6.625,0.350445
32.750,6.625,0.351790
33.000,6.625,0.353130
33.250,6.625,0.354465
33.500,6.625,0.355795
33.750,6.625,0.357120
34.000,6.625,0.358441
34.250,6.625,0.359756
34.500,6.625,0.361067
34.750,6.625,0.362372
35.000,6.625,0.363674
35.250,6.625,0.364970
35.500,6.625,0.366262
35.750,6.625,0.367549
36.000,6.625,0.368832
36.250,6.625,0.370111
36.500,6.625,0.371385
36.750,6.625,0.372654
37.000,6.625,0.373920
37.250,6.625,0.375181
37.500,6.625,0.376438
37.750,6.625,0.377691
38.000,6.625,0.378939
38.250,6.625,0.380184
38.500,6.625,0.381424
38.750,6.625,0.382660
39.000,6.625,0.383893
39.250,6.625,0.385121
39.500,6.625,0.386346
39.750,6.625,0.387567
40.000,6.625,0.388783
40.250,6.625,0.389996
40.500,6.625,0.391206
40.750,6.625,0.392411
41.000,6.625,0.393613
41.250,6.625,0.394811
41.500,6.625,0.396006
41.750,6.625,0.397197
42.000,6.625,0.398384
42.250,6.625,0.399568
42.500,6.625,0.400749
42.750,6.625,0.401926
43.000,6.625,0.403099
43.250,6.625,0.404269
43.500,6.625,0.405436
43.750,6.625,0.406599
44.000,6.625,0.407759
44.250,6.625,0.408916
44.500,6.625,0.410070
44.750,6.625,0.411220
45.000,6.625,0.412367
1.000,6.750,0.063120
1.250,6.750,0.070570
1.500,6.750,0.077306
1.750,6.750,0.083500
2.000,6.750,0.089265
2.250,6.750,0.094680
2.500,6.750,0.099801
2.750,6.750,0.104673
3.000,6.750,0.109327
3.250,6.750,0.113791
3.500,6.750,0.118087
3.750,6.750,0.122231
4.000,6.750,0.126240
4.250,6.750,0.130125
4.500,6.750,0.133898
4.750,6.750,0.137567
5.000,6.750,0.141140
5.250,6.750,0.144626
5.500,6.750,0.148029
5.750,6.750,0.151356
6.000,6.750,0.154612
6.250,6.750,0.157800
6.500,6.750,0.160925
6.750,6.750,0.163990
7.000,6.750,0.167000
7.250,6.750,0.169956
7.500,6.750,0.172861
7.750,6.750,0.175718
8.000,6.750,0.178530
8.250,6.750,0.181298
8.500,6.750,0.184025
8.750,6.750,0.186711
9.000,6.750,0.189360
9.250,6.750,0.191972
9.500,6.750,0.194549
9.750,6.750,0.197092
10.000,6.750,0.199603
10.250,6.750,0.202082
10.500,6.750,0.204532
10.750,6.750,0.206952
11.000,6.750,0.209345
11.250,6.750,0.211711
11.500,6.750,0.214050
11.750,6.750,0.216364
12.000,6.750,0.218654
12.250,6.750,0.220920
12.500,6.750,0.223163
12.750,6.750,0.225383
13.000,6.750,0.227582
13.250,6.750,0.229760
13.500,6.750,0.231917
13.750,6.750,0.234055
14.000,6.750,0.236173
14.250,6.750,0.238272
14.500,6.750,0.240353
14.750,6.750,0.242417
15.000,6.750,0.244462
15.250,6.750,0.246491
15.500,6.750,0.248503
15.750,6.750,0.250499
16.000,6.750,0.252480
16.250,6.750,0.254445
16.500,6.750,0.256394
16.750,6.750,0.258329
17.000,6.750,0.260250
17.250,6.750,0.262157
17.500,6.750,0.264050
17.750,6.750,0.265929
18.000,6.750,0.267795
18.250,6.750,0.269648
18.500,6.750,0.271489
18.750,6.750,0.273317
19.000,6.750,0.275133
19.250,6.750,0.276937
19.500,6.750,0.278730
19.750,6.750,0.280511
20.000,6.750,0.282281
20.250,6.750,0.284040
20.500,6.750,0.285788
20.750,6.750,0.287525
21.000,6.750,0.289252
21.250,6.750,0.290968
21.500,6.750,0.292675
21.750,6.750,0.294372
22.000,6.750,0.296059
22.250,6.750,0.297736
22.500,6.750,0.299404
22.750,6.750,0.301063
23.000,6.750,0.302712
23.250,6.750,0.304353
23.500,6.750,0.305985
23.750,6.750,0.307608
24.000,6.750,0.309223
24.250,6.750,0.310830
24.500,6.750,0.312428
24.750,6.750,0.314018
25.000,6.750,0.315600
25.250,6.750,0.317174
25.500,6.750,0.318740
25.750,6.750,0.320299
26.000,6.750,0.321850
26.250,6.750,0.323393
26.500,6.750,0.324930
26.750,6.750,0.326459
27.000,6.750,0.327981
27.250,6.750,0.329496
27.500,6.750,0.331004
27.750,6.750,0.332505
28.000,6.750,0.333999
28.250,6.750,0.335487
28.500,6.750,0.336968
28.750,6.750,0.338443
29.000,6.750,0.339911
29.250,6.750,0.341373
29.500,6.750,0.342829
29.750,6.750,0.344278
30.000,6.750,0.345722
30.250,6.750,0.347160
30.500,6.750,0.348591
30.750,6.750,0.350017
31.000,6.750,0.351437
31.250,6.750,0.352851
31.500,6.750,0.354260
31.750,6.750,0.355663
32.000,6.750,0.357060
32.250,6.750,0.358452
32.500,6.750,0.359839
32.750,6.750,0.361220
33.000,6.750,0.362596
33.250,6.750,0.363967
33.500,6.750,0.365333
33.750,6.750,0.366694
34.000,6.750,0.368049
34.250,6.750,0.369400
34.500,6.750,0.370746
34.750,6.750,0.372086
35.000,6.750,0.373422
35.250,6.750,0.374754
35.500,6.750,0.376080
35.750,6.750,0.377402
36.000,6.750,0.378719
36.250,6.750,0.380032
36.500,6.750,0.381340
36.750,6.750,0.382644
37.000,6.750,0.383943
37.250,6.750,0.385238
37.500,6.750,0.386529
37.750,6.750,0.387815
38.000,6.750,0.389097
38.250,6.750,0.390375
38.500,6.750,0.391649
38.750,6.750,0.392918
39.000,6.750,0.394184
39.250,6.750,0.395445
39.500,6.750,0.396703
39.750,6.750,0.397956
40.000,6.750,0.399205
40.250,6.750,0.400451
40.500,6.750,0.401693
40.750,6.750,0.402931
41.000,6.750,0.404165
41.250,6.750,0.405395
41.500,6.750,0.406622
41.750,6.750,0.407845
42.000,6.750,0.409064
42.250,6.750,0.410279
42.500,6.750,0.411491
42.750,6.750,0.412700
43.000,6.750,0.413905
43.250,6.750,0.415106
43.500,6.750,0.416304
43.750,6.750,0.417499
44.000,6.750,0.418690
44.250,6.750,0.419878
44.500,6.750,0.421062
44.750,6.750,0.422243
45.000,6.750,0.423421
1.000,6.875,0.064768
1.250,6.875,0.072413
1.500,6.875,0.079324
1.750,6.875,0.085680
2.000,6.875,0.091595
2.250,6.875,0.097152
2.500,6.875,0.102407
2.750,6.875,0.107405
3.000,6.875,0.112181
3.250,6.875,0.116762
3.500,6.875,0.121169
3.750,6.875,0.125422
4.000,6.875,0.129536
4.250,6.875,0.133522
4.500,6.875,0.137393
4.750,6.875,0.141158
5.000,6.875,0.144825
5.250,6.875,0.148402
5.500,6.875,0.151894
5.750,6.875,0.155308
6.000,6.875,0.158648
6.250,6.875,0.161919
6.500,6.875,0.165126
6.750,6.875,0.168272
7.000,6.875,0.171359
7.250,6.875,0.174393
7.500,6.875,0.177374
7.750,6.875,0.180306
8.000,6.875,0.183191
8.250,6.875,0.186031
8.500,6.875,0.188829
8.750,6.875,0.191586
9.000,6.875,0.194303
9.250,6.875,0.196984
9.500,6.875,0.199628
9.750,6.875,0.202237
10.000,6.875,0.204814
10.250,6.875,0.207358
10.500,6.875,0.209872
10.750,6.875,0.212355
11.000,6.875,0.214810
11.250,6.875,0.217238
11.500,6.875,0.219638
11.750,6.875,0.222013
12.000,6.875,0.224362
12.250,6.875,0.226687
12.500,6.875,0.228989
12.750,6.875,0.231267
13.000,6.875,0.233524
13.250,6.875,0.235758
13.500,6.875,0.237972
13.750,6.875,0.240165
14.000,6.875,0.242339
14.250,6.875,0.244493
14.500,6.875,0.246628
14.750,6.875,0.248745
15.000,6.875,0.250845
15.250,6.875,0.252926
15.500,6.875,0.254991
15.750,6.875,0.257039
16.000,6.875,0.259071
16.250,6.875,0.261087
16.500,6.875,0.263088
16.750,6.875,0.265074
17.000,6.875,0.267044
17.250,6.875,0.269001
17.500,6.875,0.270943
17.750,6.875,0.272872
18.000,6.875,0.274786
18.250,6.875,0.276688
18.500,6.875,0.278577
18.750,6.875,0.280453
19.000,6.875,0.282316
19.250,6.875,0.284167
19.500,6.875,0.286007
19.750,6.875,0.287834
20.000,6.875,0.289650
20.250,6.875,0.291455
20.500,6.875,0.293249
20.750,6.875,0.295031
21.000,6.875,0.296803
21.250,6.875,0.298565
21.500,6.875,0.300316
21.750,6.875,0.302057
22.000,6.875,0.303788
22.250,6.875,0.305509
22.500,6.875,0.307221
22.750,6.875,0.308923
23.000,6.875,0.310615
23.250,6.875,0.312299
23.500,6.875,0.313973
23.750,6.875,0.315639
24.000,6.875,0.317296
24.250,6.875,0.318944
24.500,6.875,0.320584
24.750,6.875,0.322216
25.000,6.875,0.323839
25.250,6.875,0.325454
25.500,6.875,0.327061
25.750,6.875,0.328661
26.000,6.875,0.330252
26.250,6.875,0.331836
26.500,6.875,0.333413
26.750,6.875,0.334982
27.000,6.875,0.336543
27.250,6.875,0.338098
27.500,6.875,0.339645
27.750,6.875,0.341185
28.000,6.875,0.342719
28.250,6.875,0.344245
28.500,6.875,0.345765
28.750,6.875,0.347279
29.000,6.875,0.348785
29.250,6.875,0.350285
29.500,6.875,0.351779
29.750,6.875,0.353267
30.000,6.875,0.354748
30.250,6.875,0.356223
30.500,6.875,0.357692
30.750,6.875,0.359155
31.000,6.875,0.360612
31.250,6.875,0.362063
31.500,6.875,0.363508
31.750,6.875,0.364948
32.000,6.875,0.366382
32.250,6.875,0.367810
32.500,6.875,0.369233
32.750,6.875,0.370651
33.000,6.875,0.372063
33.250,6.875,0.373469
33.500,6.875,0.374871
33.750,6.875,0.376267
34.000,6.875,0.377658
34.250,6.875,0.379044
34.500,6.875,0.380425
34.750,6.875,0.381800
35.000,6.875,0.383171
35.250,6.875,0.384537
35.500,6.875,0.385899
35.750,6.875,0.387255
36.000,6.875,0.388607
36.250,6.875,0.389954
36.500,6.875,0.391296
36.750,6.875,0.392634
37.000,6.875,0.393967
37.250,6.875,0.395296
37.500,6.875,0.396620
37.750,6.875,0.397940
38.000,6.875,0.399255
38.250,6.875,0.400567
38.500,6.875,0.401874
38.750,6.875,0.403176
39.000,6.875,0.404475
39.250,6.875,0.405769
39.500,6.875,0.407059
39.750,6.875,0.408345
40.000,6.875,0.409627
40.250,6.875,0.410906
40.500,6.875,0.412180
40.750,6.875,0.413450
41.000,6.875,0.414716
41.250,6.875,0.415979
41.500,6.875,0.417237
41.750,6.875,0.418492
42.000,6.875,0.419743
42.250,6.875,0.420991
42.500,6.875,0.422234
42.750,6.875,0.423474
43.000,6.875,0.424711
43.250,6.875,0.425944
43.500,6.875,0.427173
43.750,6.875,0.428399
44.000,6.875,0.429621
44.250,6.875,0.430840
44.500,6.875,0.432055
44.750,6.875,0.433267
45.000,6.875,0.434475
1.000,7.000,0.066416
1.250,7.000,0.074255
1.500,7.000,0.081342
1.750,7.000,0.087860
2.000,7.000,0.093926
2.250,7.000,0.099623
2.500,7.000,0.105012
2.750,7.000,0.110138
3.000,7.000,0.115035
3.250,7.000,0.119733
3.500,7.000,0.124252
3.750,7.000,0.128613
4.000,7.000,0.132831
4.250,7.000,0.136919
4.500,7.000,0.140889
4.750,7.000,0.144750
5.000,7.000,0.148510
5.250,7.000,0.152177
5.500,7.000,0.155759
5.750,7.000,0.159259
6.000,7.000,0.162684
6.250,7.000,0.166039
6.500,7.000,0.169327
6.750,7.000,0.172553
7.000,7.000,0.175719
7.250,7.000,0.178830
7.500,7.000,0.181887
7.750,7.000,0.184893
8.000,7.000,0.187852
8.250,7.000,0.190764
8.500,7.000,0.193633
8.750,7.000,0.196460
9.000,7.000,0.199247
9.250,7.000,0.201995
9.500,7.000,0.204707
9.750,7.000,0.207383
10.000,7.000,0.210025
10.250,7.000,0.212634
10.500,7.000,0.215211
10.750,7.000,0.217758
11.000,7.000,0.220276
11.250,7.000,0.222765
11.500,7.000,0.225226
11.750,7.000,0.227661
12.000,7.000,0.230071
12.250,7.000,0.232455
12.500,7.000,0.234815
12.750,7.000,0.237151
13.000,7.000,0.239465
13.250,7.000,0.241757
13.500,7.000,0.244027
13.750,7.000,0.246276
14.000,7.000,0.248505
14.250,7.000,0.250714
14.500,7.000,0.252903
14.750,7.000,0.255074
15.000,7.000,0.257227
15.250,7.000,0.259361
15.500,7.000,0.261479
15.750,7.000,0.263579
16.000,7.000,0.265663
16.250,7.000,0.267730
16.500,7.000,0.269782
16.750,7.000,0.271818
17.000,7.000,0.273839
17.250,7.000,0.275845
17.500,7.000,0.277837
17.750,7.000,0.279814
18.000,7.000,0.281778
18.250,7.000,0.283728
18.500,7.000,0.285665
18.750,7.000,0.287588
19.000,7.000,0.289499
19.250,7.000,0.291397
19.500,7.000,0.293284
19.750,7.000,0.295158
20.000,7.000,0.297020
20.250,7.000,0.298870
20.500,7.000,0.300710
20.750,7.000,0.302538
21.000,7.000,0.304355
21.250,7.000,0.306161
21.500,7.000,0.307957
21.750,7.000,0.309742
22.000,7.000,0.311517
22.250,7.000,0.313282
22.500,7.000,0.315037
22.750,7.000,0.316782
23.000,7.000,0.318518
23.250,7.000,0.320245
23.500,7.000,0.321962
23.750,7.000,0.323670
24.000,7.000,0.325369
24.250,7.000,0.327059
24.500,7.000,0.328741
24.750,7.000,0.330414
25.000,7.000,0.332078
25.250,7.000,0.333735
25.500,7.000,0.335383
25.750,7.000,0.337023
26.000,7.000,0.338655
26.250,7.000,0.340279
26.500,7.000,0.341895
26.750,7.000,0.343504
27.000,7.000,0.345106
27.250,7.000,0.346700
27.500,7.000,0.348287
27.750,7.000,0.349866
28.000,7.000,0.351439
28.250,7.000,0.353004
28.500,7.000,0.354563
28.750,7.000,0.356114
29.000,7.000,0.357659
29.250,7.000,0.359198
29.500,7.000,0.360729
29.750,7.000,0.362255
30.000,7.000,0.363773
30.250,7.000,0.365286
30.500,7.000,0.366792
30.750,7.000,0.368293
31.000,7.000,0.369787
31.250,7.000,0.371275
31.500,7.000,0.372757
31.750,7.000,0.374233
32.000,7.000,0.375704
32.250,7.000,0.377168
32.500,7.000,0.378627
32.750,7.000,0.380081
33.000,7.000,0.381529
33.250,7.000,0.382971
33.500,7.000,0.384408
33.750,7.000,0.385840
34.000,7.000,0.387266
34.250,7.000,0.388688
34.500,7.000,0.390104
34.750,7.000,0.391514
35.000,7.000,0.392920
35.250,7.000,0.394321
35.500,7.000,0.395717
35.750,7.000,0.397108
36.000,7.000,0.398494
36.250,7.000,0.399875
36.500,7.000,0.401252
36.750,7.000,0.402623
37.000,7.000,0.403991
37.250,7.000,0.405353
37.500,7.000,0.406711
37.750,7.000,0.408065
38.000,7.000,0.409414
38.250,7.000,0.410758
38.500,7.000,0.412098
38.750,7.000,0.413434
39.000,7.000,0.414766
39.250,7.000,0.416093
39.500,7.000,0.417416
39.750,7.000,0.418735
40.000,7.000,0.420049
40.250,7.000,0.421360
40.500,7.000,0.422667
40.750,7.000,0.423969
41.000,7.000,0.425268
41.250,7.000,0.426562
41.500,7.000,0.427853
41.750,7.000,0.429140
42.000,7.000,0.430423
42.250,7.000,0.431702
42.500,7.000,0.432977
42.750,7.000,0.434249
43.000,7.000,0.435517
43.250,7.000,0.436781
43.500,7.000,0.438041
43.750,7.000,0.439298
44.000,7.000,0.440552
44.250,7.000,0.441801
44.500,7.000,0.443048
44.750,7.000,0.444290
45.000,7.000,0.445530
1.000,7.125,0.068064
1.250,7.125,0.076097
1.500,7.125,0.083360
1.750,7.125,0.090040
2.000,7.125,0.096256
2.250,7.125,0.102095
2.500,7.125,0.107618
2.750,7.125,0.112871
3.000,7.125,0.117889
3.250,7.125,0.122703
3.500,7.125,0.127335
3.750,7.125,0.131804
4.000,7.125,0.136127
4.250,7.125,0.140317
4.500,7.125,0.144385
4.750,7.125,0.148341
5.000,7.125,0.152195
5.250,7.125,0.155953
5.500,7.125,0.159623
5.750,7.125,0.163211
6.000,7.125,0.166721
6.250,7.125,0.170159
6.500,7.125,0.173529
6.750,7.125,0.176834
7.000,7.125,0.180079
7.250,7.125,0.183267
7.500,7.125,0.186400
7.750,7.125,0.189481
8.000,7.125,0.192513
8.250,7.125,0.195498
8.500,7.125,0.198438
8.750,7.125,0.201335
9.000,7.125,0.204191
9.250,7.125,0.207007
9.500,7.125,0.209786
9.750,7.125,0.212528
10.000,7.125,0.215236
10.250,7.125,0.217910
10.500,7.125,0.220551
10.750,7.125,0.223161
11.000,7.125,0.225741
11.250,7.125,0.228292
11.500,7.125,0.230815
11.750,7.125,0.233310
12.000,7.125,0.235779
12.250,7.125,0.238222
12.500,7.125,0.240641
12.750,7.125,0.243035
13.000,7.125,0.245406
13.250,7.125,0.247755
13.500,7.125,0.250081
13.750,7.125,0.252386
14.000,7.125,0.254670
14.250,7.125,0.256934
14.500,7.125,0.259178
14.750,7.125,0.261403
15.000,7.125,0.263609
15.250,7.125,0.265797
15.500,7.125,0.267966
15.750,7.125,0.270119
16.000,7.125,0.272254
16.250,7.125,0.274373
16.500,7.125,0.276475
16.750,7.125,0.278562
17.000,7.125,0.280633
17.250,7.125,0.282689
17.500,7.125,0.284730
17.750,7.125,0.286757
18.000,7.125,0.288769
18.250,7.125,0.290767
18.500,7.125,0.292752
18.750,7.125,0.294724
19.000,7.125,0.296682
19.250,7.125,0.298627
19.500,7.125,0.300560
19.750,7.125,0.302481
20.000,7.125,0.304389
20.250,7.125,0.306286
20.500,7.125,0.308171
20.750,7.125,0.310044
21.000,7.125,0.311906
21.250,7.125,0.313757
21.500,7.125,0.315598
21.750,7.125,0.317427
22.000,7.125,0.319246
22.250,7.125,0.321055
22.500,7.125,0.322854
22.750,7.125,0.324642
23.000,7.125,0.326421
23.250,7.125,0.328190
23.500,7.125,0.329950
23.750,7.125,0.331701
24.000,7.125,0.333442
24.250,7.125,0.335174
24.500,7.125,0.336897
24.750,7.125,0.338612
25.000,7.125,0.340318
25.250,7.125,0.342015
25.500,7.125,0.343704
25.750,7.125,0.345385
26.000,7.125,0.347057
26.250,7.125,0.348722
26.500,7.125,0.350378
26.750,7.125,0.352027
27.000,7.125,0.353668
27.250,7.125,0.355302
27.500,7.125,0.356928
27.750,7.125,0.358547
28.000,7.125,0.360158
28.250,7.125,0.361763
28.500,7.125,0.363360
28.750,7.125,0.364950
29.000,7.125,0.366533
29.250,7.125,0.368110
29.500,7.125,0.369680
29.750,7.125,0.371243
30.000,7.125,0.372799
30.250,7.125,0.374349
30.500,7.125,0.375893
30.750,7.125,0.377430
31.000,7.125,0.378962
31.250,7.125,0.380487
31.500,7.125,0.382006
31.750,7.125,0.383518
32.000,7.125,0.385025
32.250,7.125,0.386526
32.500,7.125,0.388022
32.750,7.125,0.389511
33.000,7.125,0.390995
33.250,7.125,0.392473
33.500,7.125,0.393946
33.750,7.125,0.395413
34.000,7.125,0.396875
34.250,7.125,0.398332
34.500,7.125,0.399783
34.750,7.125,0.401229
35.000,7.125,0.402669
35.250,7.125,0.404105
35.500,7.125,0.405535
35.750,7.125,0.406961
36.000,7.125,0.408381
36.250,7.125,0.409797
36.500,7.125,0.411207
36.750,7.125,0.412613
37.000,7.125,0.414014
37.250,7.125,0.415411
37.500,7.125,0.416802
37.750,7.125,0.418189
38.000,7.125,0.419572
38.250,7.125,0.420950
38.500,7.125,0.422323
38.750,7.125,0.423692
39.000,7.125,0.425057
39.250,7.125,0.426417
39.500,7.125,0.427773
39.750,7.125,0.429124
40.000,7.125,0.430471
40.250,7.125,0.431815
40.500,7.125,0.433154
40.750,7.125,0.434488
41.000,7.125,0.435819
41.250,7.125,0.437146
41.500,7.125,0.438469
41.750,7.125,0.439787
42.000,7.125,0.441102
42.250,7.125,0.442413
42.500,7.125,0.443720
42.750,7.125,0.445023
43.000,7.125,0.446322
43.250,7.125,0.447618
43.500,7.125,0.448910
43.750,7.125,0.450198
44.000,7.125,0.451482
44.250,7.125,0.452763
44.500,7.125,0.454040
44.750,7.125,0.455314
45.000,7.125,0.456584
1.000,7.250,0.069711
1.250,7.250,0.077940
1.500,7.250,0.085379
1.750,7.250,0.092219
2.000,7.250,0.098587
2.250,7.250,0.104567
2.500,7.250,0.110223
2.750,7.250,0.115603
3.000,7.250,0.120744
3.250,7.250,0.125674
3.500,7.250,0.130418
3.750,7.250,0.134996
4.000,7.250,0.139423
4.250,7.250,0.143714
4.500,7.250,0.147880
4.750,7.250,0.151932
5.000,7.250,0.155879
5.250,7.250,0.159729
5.500,7.250,0.163488
5.750,7.250,0.167162
6.000,7.250,0.170757
6.250,7.250,0.174278
6.500,7.250,0.177730
6.750,7.250,0.181115
7.000,7.250,0.184439
7.250,7.250,0.187704
7.500,7.250,0.190912
7.750,7.250,0.194068
8.000,7.250,0.197174
8.250,7.250,0.200231
8.500,7.250,0.203242
8.750,7.250,0.206209
9.000,7.250,0.209134
9.250,7.250,0.212019
9.500,7.250,0.214865
9.750,7.250,0.217674
10.000,7.250,0.220447
10.250,7.250,0.223185
10.500,7.250,0.225891
10.750,7.250,0.228564
11.000,7.250,0.231207
11.250,7.250,0.233819
11.500,7.250,0.236403
11.750,7.250,0.238959
12.000,7.250,0.241487
12.250,7.250,0.243990
12.500,7.250,0.246467
12.750,7.250,0.248919
13.000,7.250,0.251348
13.250,7.250,0.253753
13.500,7.250,0.256136
13.750,7.250,0.258497
14.000,7.250,0.260836
14.250,7.250,0.263155
14.500,7.250,0.265453
14.750,7.250,0.267732
15.000,7.250,0.269991
15.250,7.250,0.272232
15.500,7.250,0.274454
15.750,7.250,0.276658
16.000,7.250,0.278846
16.250,7.250,0.281016
16.500,7.250,0.283169
16.750,7.250,0.285306
17.000,7.250,0.287427
17.250,7.250,0.289533
17.500,7.250,0.291624
17.750,7.250,0.293699
18.000,7.250,0.295760
18.250,7.250,0.297807
18.500,7.250,0.299840
18.750,7.250,0.301859
19.000,7.250,0.303865
19.250,7.250,0.305857
19.500,7.250,0.307837
19.750,7.250,0.309804
20.000,7.250,0.311759
20.250,7.250,0.313701
20.500,7.250,0.315632
20.750,7.250,0.317550
21.000,7.250,0.319458
21.250,7.250,0.321354
21.500,7.250,0.323238
21.750,7.250,0.325112
22.000,7.250,0.326975
22.250,7.250,0.328828
22.500,7.250,0.330670
22.750,7.250,0.332502
23.000,7.250,0.334324
23.250,7.250,0.336136
23.500,7.250,0.337938
23.750,7.250,0.339731
24.000,7.250,0.341515
24.250,7.250,0.343289
24.500,7.250,0.345054
24.750,7.250,0.346810
25.000,7.250,0.348557
25.250,7.250,0.350295
25.500,7.250,0.352025
25.750,7.250,0.353747
26.000,7.250,0.355460
26.250,7.250,0.357165
26.500,7.250,0.358861
26.750,7.250,0.360550
27.000,7.250,0.362231
27.250,7.250,0.363904
27.500,7.250,0.365570
27.750,7.250,0.367227
28.000,7.250,0.368878
28.250,7.250,0.370521
28.500,7.250,0.372157
28.750,7.250,0.373786
29.000,7.250,0.375407
29.250,7.250,0.377022
29.500,7.250,0.378630
29.750,7.250,0.380231
30.000,7.250,0.381825
30.250,7.250,0.383413
30.500,7.250,0.384994
30.750,7.250,0.386568
31.000,7.250,0.388137
31.250,7.250,0.389698
31.500,7.250,0.391254
31.750,7.250,0.392804
32.000,7.250,0.394347
32.250,7.250,0.395885
32.500,7.250,0.397416
32.750,7.250,0.398942
33.000,7.250,0.400461
33.250,7.250,0.401975
33.500,7.250,0.403484
33.750,7.250,0.404987
34.000,7.250,0.406484
34.250,7.250,0.407975
34.500,7.250,0.409462
34.750,7.250,0.410943
35.000,7.250,0.412418
35.250,7.250,0.413888
35.500,7.250,0.415354
35.750,7.250,0.416813
36.000,7.250,0.418268
36.250,7.250,0.419718
36.500,7.250,0.421163
36.750,7.250,0.422603
37.000,7.250,0.424038
37.250,7.250,0.425468
37.500,7.250,0.426893
37.750,7.250,0.428314
38.000,7.250,0.429730
38.250,7.250,0.431141
38.500,7.250,0.432548
38.750,7.250,0.433950
39.000,7.250,0.435347
39.250,7.250,0.436741
39.500,7.250,0.438129
39.750,7.250,0.439514
40.000,7.250,0.440893
40.250,7.250,0.442269
40.500,7.250,0.443641
40.750,7.250,0.445008
41.000,7.250,0.446371
41.250,7.250,0.447729
41.500,7.250,0.449084
41.750,7.250,0.450435
42.000,7.250,0.451781
42.250,7.250,0.453124
42.500,7.250,0.454463
42.750,7.250,0.455797
43.000,7.250,0.457128
43.250,7.250,0.458455
43.500,7.250,0.459778
43.750,7.250,0.461097
44.000,7.250,0.462413
44.250,7.250,0.463725
44.500,7.250,0.465033
44.750,7.250,0.466337
45.000,7.250,0.467638
1.000,7.375,0.071359
1.250,7.375,0.079782
1.500,7.375,0.087397
1.750,7.375,0.094399
2.000,7.375,0.100917
2.250,7.375,0.107039
2.500,7.375,0.112829
2.750,7.375,0.118336
3.000,7.375,0.123598
3.250,7.375,0.128645
3.500,7.375,0.133501
3.750,7.375,0.138187
4.000,7.375,0.142719
4.250,7.375,0.147111
4.500,7.375,0.151376
4.750,7.375,0.155524
5.000,7.375,0.159564
5.250,7.375,0.163505
5.500,7.375,0.167352
5.750,7.375,0.171113
6.000,7.375,0.174794
6.250,7.375,0.178398
6.500,7.375,0.181931
6.750,7.375,0.185397
7.000,7.375,0.188799
7.250,7.375,0.192141
7.500,7.375,0.195425
7.750,7.375,0.198656
8.000,7.375,0.201834
8.250,7.375,0.204964
8.500,7.375,0.208046
8.750,7.375,0.211084
9.000,7.375,0.214078
9.250,7.375,0.217031
9.500,7.375,0.219944
9.750,7.375,0.222819
10.000,7.375,0.225658
10.250,7.375,0.228461
10.500,7.375,0.231230
10.750,7.375,0.233967
11.000,7.375,0.236672
11.250,7.375,0.239346
11.500,7.375,0.241991
11.750,7.375,0.244607
12.000,7.375,0.247196
12.250,7.375,0.249757
12.500,7.375,0.252293
12.750,7.375,0.254803
13.000,7.375,0.257289
13.250,7.375,0.259752
13.500,7.375,0.262191
13.750,7.375,0.264607
14.000,7.375,0.267002
14.250,7.375,0.269375
14.500,7.375,0.271728
14.750,7.375,0.274060
15.000,7.375,0.276373
15.250,7.375,0.278667
15.500,7.375,0.280942
15.750,7.375,0.283198
16.000,7.375,0.285437
16.250,7.375,0.287658
16.500,7.375,0.289863
16.750,7.375,0.292050
17.000,7.375,0.294222
17.250,7.375,0.296377
17.500,7.375,0.298517
17.750,7.375,0.300642
18.000,7.375,0.302752
18.250,7.375,0.304847
18.500,7.375,0.306928
18.750,7.375,0.308995
19.000,7.375,0.311048
19.250,7.375,0.313087
19.500,7.375,0.315114
19.750,7.375,0.317127
20.000,7.375,0.319128
20.250,7.375,0.321117
20.500,7.375,0.323093
20.750,7.375,0.325057
21.000,7.375,0.327009
21.250,7.375,0.328950
21.500,7.375,0.330879
21.750,7.375,0.332797
22.000,7.375,0.334705
22.250,7.375,0.336601
22.500,7.375,0.338487
22.750,7.375,0.340362
23.000,7.375,0.342227
23.250,7.375,0.344082
23.500,7.375,0.345927
23.750,7.375,0.347762
24.000,7.375,0.349588
24.250,7.375,0.351404
24.500,7.375,0.353210
24.750,7.375,0.355008
25.000,7.375,0.356796
25.250,7.375,0.358576
25.500,7.375,0.360347
25.750,7.375,0.362109
26.000,7.375,0.363862
26.250,7.375,0.365607
26.500,7.375,0.367344
26.750,7.375,0.369073
27.000,7.375,0.370794
27.250,7.375,0.372506
27.500,7.375,0.374211
27.750,7.375,0.375908
28.000,7.375,0.377598
28.250,7.375,0.379280
28.500,7.375,0.380954
28.750,7.375,0.382621
29.000,7.375,0.384281
29.250,7.375,0.385934
29.500,7.375,0.387580
29.750,7.375,0.389219
30.000,7.375,0.390851
30.250,7.375,0.392476
30.500,7.375,0.394094
30.750,7.375,0.395706
31.000,7.375,0.397311
31.250,7.375,0.398910
31.500,7.375,0.400503
31.750,7.375,0.402089
32.000,7.375,0.403669
32.250,7.375,0.405243
32.500,7.375,0.406810
32.750,7.375,0.408372
33.000,7.375,0.409928
33.250,7.375,0.411478
33.500,7.375,0.413022
33.750,7.375,0.414560
34.000,7.375,0.416092
34.250,7.375,0.417619
34.500,7.375,0.419141
34.750,7.375,0.420657
35.000,7.375,0.422167
35.250,7.375,0.423672
35.500,7.375,0.425172
35.750,7.375,0.426666
36.000,7.375,0.428156
36.250,7.375,0.429640
36.500,7.375,0.431119
36.750,7.375,0.432592
37.000,7.375,0.434061
37.250,7.375,0.435525
37.500,7.375,0.436984
37.750,7.375,0.438439
38.000,7.375,0.439888
38.250,7.375,0.441333
38.500,7.375,0.442773
38.750,7.375,0.444208
39.000,7.375,0.445638
39.250,7.375,0.447064
39.500,7.375,0.448486
39.750,7.375,0.449903
40.000,7.375,0.451316
40.250,7.375,0.452724
40.500,7.375,0.454127
40.750,7.375,0.455527
41.000,7.375,0.456922
41.250,7.375,0.458313
41.500,7.375,0.459700
41.750,7.375,0.461082
42.000,7.375,0.462461
42.250,7.375,0.463835
42.500,7.375,0.465205
42.750,7.375,0.466572
43.000,7.375,0.467934
43.250,7.375,0.469292
43.500,7.375,0.470647
43.750,7.375,0.471997
44.000,7.375,0.473344
44.250,7.375,0.474687
44.500,7.375,0.476026
44.750,7.375,0.477361
45.000,7.375,0.478692
1.000,7.500,0.073007
1.250,7.500,0.081624
1.500,7.500,0.089415
1.750,7.500,0.096579
2.000,7.500,0.103248
2.250,7.500,0.109511
2.500,7.500,0.115434
2.750,7.500,0.121069
3.000,7.500,0.126452
3.250,7.500,0.131615
3.500,7.500,0.136584
3.750,7.500,0.141378
4.000,7.500,0.146014
4.250,7.500,0.150508
4.500,7.500,0.154871
4.750,7.500,0.159115
5.000,7.500,0.163249
5.250,7.500,0.167280
5.500,7.500,0.171217
5.750,7.500,0.175065
6.000,7.500,0.178830
6.250,7.500,0.182518
6.500,7.500,0.186132
6.750,7.500,0.189678
7.000,7.500,0.193159
7.250,7.500,0.196578
7.500,7.500,0.199938
7.750,7.500,0.203243
8.000,7.500,0.206495
8.250,7.500,0.209697
8.500,7.500,0.212850
8.750,7.500,0.215958
9.000,7.500,0.219021
9.250,7.500,0.222042
9.500,7.500,0.225023
9.750,7.500,0.227965
10.000,7.500,0.230869
10.250,7.500,0.233737
10.500,7.500,0.236570
10.750,7.500,0.239370
11.000,7.500,0.242137
11.250,7.500,0.244873
11.500,7.500,0.247579
11.750,7.500,0.250256
12.000,7.500,0.252904
12.250,7.500,0.255525
12.500,7.500,0.258119
12.750,7.500,0.260688
13.000,7.500,0.263231
13.250,7.500,0.265750
13.500,7.500,0.268245
13.750,7.500,0.270718
14.000,7.500,0.273168
14.250,7.500,0.275596
14.500,7.500,0.278003
14.750,7.500,0.280389
15.000,7.500,0.282755
15.250,7.500,0.285102
15.500,7.500,0.287429
15.750,7.500,0.289738
16.000,7.500,0.292028
16.250,7.500,0.294301
16.500,7.500,0.296556
16.750,7.500,0.298795
17.000,7.500,0.301016
17.250,7.500,0.303221
17.500,7.500,0.305411
17.750,7.500,0.307584
18.000,7.500,0.309743
18.250,7.500,0.311887
18.500,7.500,0.314015
18.750,7.500,0.316130
19.000,7.500,0.318231
19.250,7.500,0.320317
19.500,7.500,0.322391
19.750,7.500,0.324451
20.000,7.500,0.326498
20.250,7.500,0.328532
20.500,7.500,0.330554
20.750,7.500,0.332563
21.000,7.500,0.334561
21.250,7.500,0.336546
21.500,7.500,0.338520
21.750,7.500,0.340483
22.000,7.500,0.342434
22.250,7.500,0.344374
22.500,7.500,0.346303
22.750,7.500,0.348222
23.000,7.500,0.350130
23.250,7.500,0.352028
23.500,7.500,0.353915
23.750,7.500,0.355793
24.000,7.500,0.357660
24.250,7.500,0.359518
24.500,7.500,0.361367
24.750,7.500,0.363206
25.000,7.500,0.365036
25.250,7.500,0.366856
25.500,7.500,0.368668
25.750,7.500,0.370471
26.000,7.500,0.372265
26.250,7.500,0.374050
26.500,7.500,0.375827
26.750,7.500,0.377596
27.000,7.500,0.379356
27.250,7.500,0.381108
27.500,7.500,0.382853
27.750,7.500,0.384589
28.000,7.500,0.386317
28.250,7.500,0.388038
28.500,7.500,0.389751
28.750,7.500,0.391457
29.000,7.500,0.393155
29.250,7.500,0.394846
29.500,7.500,0.396530
29.750,7.500,0.398207
30.000,7.500,0.399876
30.250,7.500,0.401539
30.500,7.500,0.403195
30.750,7.500,0.404844
31.000,7.500,0.406486
31.250,7.500,0.408122
31.500,7.500,0.409751
31.750,7.500,0.411374
32.000,7.500,0.412991
32.250,7.500,0.414601
32.500,7.500,0.416205
32.750,7.500,0.417802
33.000,7.500,0.419394
33.250,7.500,0.420980
33.500,7.500,0.422559
33.750,7.500,0.424133
34.000,7.500,0.425701
34.250,7.500,0.427263
34.500,7.500,0.428820
34.750,7.500,0.430371
35.000,7.500,0.431916
35.250,7.500,0.433456
35.500,7.500,0.434990
35.750,7.500,0.436519
36.000,7.500,0.438043
36.250,7.500,0.439561
36.500,7.500,0.441074
36.750,7.500,0.442582
37.000,7.500,0.444085
37.250,7.500,0.445583
37.500,7.500,0.447075
37.750,7.500,0.448563
38.000,7.500,0.450046
38.250,7.500,0.451524
38.500,7.500,0.452997
38.750,7.500,0.454466
39.000,7.500,0.455929
39.250,7.500,0.457388
39.500,7.500,0.458843
39.750,7.500,0.460292
40.000,7.500,0.461738
40.250,7.500,0.463178
40.500,7.500,0.464614
40.750,7.500,0.466046
41.000,7.500,0.467474
41.250,7.500,0.468897
41.500,7.500,0.470315
41.750,7.500,0.471730
42.000,7.500,0.473140
42.250,7.500,0.474546
42.500,7.500,0.475948
42.750,7.500,0.477346
43.000,7.500,0.478740
43.250,7.500,0.480129
43.500,7.500,0.481515
43.750,7.500,0.482897
44.000,7.500,0.484274
44.250,7.500,0.485648
44.500,7.500,0.487018
44.750,7.500,0.488384
45.000,7.500,0.489747
1.000,7.625,0.074655
1.250,7.625,0.083467
1.500,7.625,0.091433
1.750,7.625,0.098759
2.000,7.625,0.105578
2.250,7.625,0.111982
2.500,7.625,0.118040
2.750,7.625,0.123801
3.000,7.625,0.129306
3.250,7.625,0.134586
3.500,7.625,0.139667
3.750,7.625,0.144569
4.000,7.625,0.149310
4.250,7.625,0.153905
4.500,7.625,0.158367
4.750,7.625,0.162707
5.000,7.625,0.166934
5.250,7.625,0.171056
5.500,7.625,0.175081
5.750,7.625,0.179016
6.000,7.625,0.182867
6.250,7.625,0.186637
6.500,7.625,0.190334
6.750,7.625,0.193959
7.000,7.625,0.197519
7.250,7.625,0.201015
7.500,7.625,0.204451
7.750,7.625,0.207831
8.000,7.625,0.211156
8.250,7.625,0.214430
8.500,7.625,0.217655
8.750,7.625,0.220832
9.000,7.625,0.223965
9.250,7.625,0.227054
9.500,7.625,0.230102
9.750,7.625,0.233110
10.000,7.625,0.236080
10.250,7.625,0.239013
10.500,7.625,0.241910
10.750,7.625,0.244773
11.000,7.625,0.247603
11.250,7.625,0.250400
11.500,7.625,0.253167
11.750,7.625,0.255904
12.000,7.625,0.258612
12.250,7.625,0.261292
12.500,7.625,0.263945
12.750,7.625,0.266572
13.000,7.625,0.269172
13.250,7.625,0.271748
13.500,7.625,0.274300
13.750,7.625,0.276828
14.000,7.625,0.279333
14.250,7.625,0.281816
14.500,7.625,0.284278
14.750,7.625,0.286718
15.000,7.625,0.289138
15.250,7.625,0.291537
15.500,7.625,0.293917
15.750,7.625,0.296278
16.000,7.625,0.298620
16.250,7.625,0.300944
16.500,7.625,0.303250
16.750,7.625,0.305539
17.000,7.625,0.307810
17.250,7.625,0.310065
17.500,7.625,0.312304
17.750,7.625,0.314527
18.000,7.625,0.316734
18.250,7.625,0.318926
18.500,7.625,0.321103
18.750,7.625,0.323266
19.000,7.625,0.325414
19.250,7.625,0.327547
19.500,7.625,0.329667
19.750,7.625,0.331774
20.000,7.625,0.333867
20.250,7.625,0.335947
20.500,7.625,0.338015
20.750,7.625,0.340070
21.000,7.625,0.342112
21.250,7.625,0.344142
21.500,7.625,0.346161
21.750,7.625,0.348168
22.000,7.625,0.350163
22.250,7.625,0.352147
22.500,7.625,0.354120
22.750,7.625,0.356082
23.000,7.625,0.358033
23.250,7.625,0.359973
23.500,7.625,0.361903
23.750,7.625,0.363823
24.000,7.625,0.365733
24.250,7.625,0.367633
24.500,7.625,0.369523
24.750,7.625,0.371404
25.000,7.625,0.373275
25.250,7.625,0.375137
25.500,7.625,0.376989
25.750,7.625,0.378833
26.000,7.625,0.380667
26.250,7.625,0.382493
26.500,7.625,0.384310
26.750,7.625,0.386119
27.000,7.625,0.387919
27.250,7.625,0.389710
27.500,7.625,0.391494
27.750,7.625,0.393270
28.000,7.625,0.395037
28.250,7.625,0.396797
28.500,7.625,0.398549
28.750,7.625,0.400293
29.000,7.625,0.402029
29.250,7.625,0.403759
29.500,7.625,0.405480
29.750,7.625,0.407195
30.000,7.625,0.408902
30.250,7.625,0.410602
30.500,7.625,0.412296
30.750,7.625,0.413982
31.000,7.625,0.415661
31.250,7.625,0.417334
31.500,7.625,0.419000
31.750,7.625,0.420659
32.000,7.625,0.422312
32.250,7.625,0.423959
32.500,7.625,0.425599
32.750,7.625,0.427233
33.000,7.625,0.428860
33.250,7.625,0.430482
33.500,7.625,0.432097
33.750,7.625,0.433706
34.000,7.625,0.435310
34.250,7.625,0.436907
34.500,7.625,0.438499
34.750,7.625,0.440085
35.000,7.625,0.441665
35.250,7.625,0.443239
35.500,7.625,0.444808
35.750,7.625,0.446372
36.000,7.625,0.447930
36.250,7.625,0.449483
36.500,7.625,0.451030
36.750,7.625,0.452572
37.000,7.625,0.454109
37.250,7.625,0.455640
37.500,7.625,0.457167
37.750,7.625,0.458688
38.000,7.625,0.460204
38.250,7.625,0.461716
38.500,7.625,0.463222
38.750,7.625,0.464724
39.000,7.625,0.466220
39.250,7.625,0.467712
39.500,7.625,0.469199
39.750,7.625,0.470682
40.000,7.625,0.472160
40.250,7.625,0.473633
40.500,7.625,0.475101
40.750,7.625,0.476566
41.000,7.625,0.478025
41.250,7.625,0.479480
41.500,7.625,0.480931
41.750,7.625,0.482378
42.000,7.625,0.483820
42.250,7.625,0.485257
42.500,7.625,0.486691
42.750,7.625,0.488120
43.000,7.625,0.489545
43.250,7.625,0.490967
43.500,7.625,0.492383
43.750,7.625,0.493796
44.000,7.625,0.495205
44.250,7.625,0.496610
44.500,7.625,0.498011
44.750,7.625,0.499408
45.000,7.625,0.500801
1.000,7.750,0.076303
1.250,7.750,0.085309
1.500,7.750,0.093452
1.750,7.750,0.100939
2.000,7.750,0.107909
2.250,7.750,0.114454
2.500,7.750,0.120645
2.750,7.750,0.126534
3.000,7.750,0.132160
3.250,7.750,0.137557
3.500,7.750,0.142750
3.750,7.750,0.147760
4.000,7.750,0.152606
4.250,7.750,0.157302
4.500,7.750,0.161863
4.750,7.750,0.166298
5.000,7.750,0.170618
5.250,7.750,0.174832
5.500,7.750,0.178946
5.750,7.750,0.182968
6.000,7.750,0.186903
6.250,7.750,0.190757
6.500,7.750,0.194535
6.750,7.750,0.198241
7.000,7.750,0.201878
7.250,7.750,0.205452
7.500,7.750,0.208964
7.750,7.750,0.212418
8.000,7.750,0.215817
8.250,7.750,0.219163
8.500,7.750,0.222459
8.750,7.750,0.225707
9.000,7.750,0.228909
9.250,7.750,0.232066
9.500,7.750,0.235181
9.750,7.750,0.238256
10.000,7.750,0.241291
10.250,7.750,0.244288
10.500,7.750,0.247250
10.750,7.750,0.250176
11.000,7.750,0.253068
11.250,7.750,0.255928
11.500,7.750,0.258756
11.750,7.750,0.261553
12.000,7.750,0.264321
12.250,7.750,0.267060
12.500,7.750,0.269771
12.750,7.750,0.272456
13.000,7.750,0.275114
13.250,7.750,0.277747
13.500,7.750,0.280355
13.750,7.750,0.282939
14.000,7.750,0.285499
14.250,7.750,0.288037
14.500,7.750,0.290553
14.750,7.750,0.293047
15.000,7.750,0.295520
15.250,7.750,0.297972
15.500,7.750,0.300405
15.750,7.750,0.302818
16.000,7.750,0.305211
16.250,7.750,0.307587
16.500,7.750,0.309944
16.750,7.750,0.312283
17.000,7.750,0.314605
17.250,7.750,0.316910
17.500,7.750,0.319198
17.750,7.750,0.321470
18.000,7.750,0.323726
18.250,7.750,0.325966
18.500,7.750,0.328191
18.750,7.750,0.330401
19.000,7.750,0.332596
19.250,7.750,0.334777
19.500,7.750,0.336944
19.750,7.750,0.339097
20.000,7.750,0.341237
20.250,7.750,0.343363
20.500,7.750,0.345476
20.750,7.750,0.347576
21.000,7.750,0.349664
21.250,7.750,0.351739
21.500,7.750,0.353802
21.750,7.750,0.355853
22.000,7.750,0.357892
22.250,7.750,0.359920
22.500,7.750,0.361936
22.750,7.750,0.363941
23.000,7.750,0.365936
23.250,7.750,0.367919
23.500,7.750,0.369892
23.750,7.750,0.371854
24.000,7.750,0.373806
24.250,7.750,0.375748
24.500,7.750,0.377680
24.750,7.750,0.379602
25.000,7.750,0.381514
25.250,7.750,0.383417
25.500,7.750,0.385311
25.750,7.750,0.387195
26.000,7.750,0.389070
26.250,7.750,0.390936
26.500,7.750,0.392793
26.750,7.750,0.394641
27.000,7.750,0.396481
27.250,7.750,0.398313
27.500,7.750,0.400136
27.750,7.750,0.401950
28.000,7.750,0.403757
28.250,7.750,0.405555
28.500,7.750,0.407346
28.750,7.750,0.409128
29.000,7.750,0.410903
29.250,7.750,0.412671
29.500,7.750,0.414431
29.750,7.750,0.416183
30.000,7.750,0.417928
30.250,7.750,0.419666
30.500,7.750,0.421396
30.750,7.750,0.423120
31.000,7.750,0.424836
31.250,7.750,0.426546
31.500,7.750,0.428249
31.750,7.750,0.429945
32.000,7.750,0.431634
32.250,7.750,0.433317
32.500,7.750,0.434993
32.750,7.750,0.436663
33.000,7.750,0.438327
33.250,7.750,0.439984
33.500,7.750,0.441635
33.750,7.750,0.443280
34.000,7.750,0.444918
34.250,7.750,0.446551
34.500,7.750,0.448178
34.750,7.750,0.449799
35.000,7.750,0.451414
35.250,7.750,0.453023
35.500,7.750,0.454627
35.750,7.750,0.456225
36.000,7.750,0.457817
36.250,7.750,0.459404
36.500,7.750,0.460985
36.750,7.750,0.462561
37.000,7.750,0.464132
37.250,7.750,0.465698
37.500,7.750,0.467258
37.750,7.750,0.468813
38.000,7.750,0.470362
38.250,7.750,0.471907
38.500,7.750,0.473447
38.750,7.750,0.474981
39.000,7.750,0.476511
39.250,7.750,0.478036
39.500,7.750,0.479556
39.750,7.750,0.481071
40.000,7.750,0.482582
40.250,7.750,0.484087
40.500,7.750,0.485588
40.750,7.750,0.487085
41.000,7.750,0.488577
41.250,7.750,0.490064
41.500,7.750,0.491547
41.750,7.750,0.493025
42.000,7.750,0.494499
42.250,7.750,0.495969
42.500,7.750,0.497434
42.750,7.750,0.498895
43.000,7.750,0.500351
43.250,7.750,0.501804
43.500,7.750,0.503252
43.750,7.750,0.504696
44.000,7.750,0.506136
44.250,7.750,0.507572
44.500,7.750,0.509004
44.750,7.750,0.510431
45.000,7.750,0.511855
1.000,7.875,0.077951
1.250,7.875,0.087152
1.500,7.875,0.095470
1.750,7.875,0.103119
2.000,7.875,0.110239
2.250,7.875,0.116926
2.500,7.875,0.123251
2.750,7.875,0.129267
3.000,7.875,0.135015
3.250,7.875,0.140528
3.500,7.875,0.145832
3.750,7.875,0.150951
4.000,7.875,0.155901
4.250,7.875,0.160700
4.500,7.875,0.165358
4.750,7.875,0.169890
5.000,7.875,0.174303
5.250,7.875,0.178608
5.500,7.875,0.182811
5.750,7.875,0.186919
6.000,7.875,0.190939
6.250,7.875,0.194877
6.500,7.875,0.198736
6.750,7.875,0.202522
7.000,7.875,0.206238
7.250,7.875,0.209889
7.500,7.875,0.213477
7.750,7.875,0.217006
8.000,7.875,0.220478
8.250,7.875,0.223896
8.500,7.875,0.227263
8.750,7.875,0.230581
9.000,7.875,0.233852
9.250,7.875,0.237078
9.500,7.875,0.240260
9.750,7.875,0.243401
10.000,7.875,0.246502
10.250,7.875,0.249564
10.500,7.875,0.252589
10.750,7.875,0.255579
11.000,7.875,0.258533
11.250,7.875,0.261455
11.500,7.875,0.264344
11.750,7.875,0.267202
12.000,7.875,0.270029
12.250,7.875,0.272828
12.500,7.875,0.275597
12.750,7.875,0.278340
13.000,7.875,0.281055
13.250,7.875,0.283745
13.500,7.875,0.286409
13.750,7.875,0.289049
14.000,7.875,0.291665
14.250,7.875,0.294258
14.500,7.875,0.296827
14.750,7.875,0.299375
15.000,7.875,0.301902
15.250,7.875,0.304407
15.500,7.875,0.306892
15.750,7.875,0.309357
16.000,7.875,0.311803
16.250,7.875,0.314229
16.500,7.875,0.316637
16.750,7.875,0.319027
17.000,7.875,0.321399
17.250,7.875,0.323754
17.500,7.875,0.326091
17.750,7.875,0.328412
18.000,7.875,0.330717
18.250,7.875,0.333006
18.500,7.875,0.335279
18.750,7.875,0.337537
19.000,7.875,0.339779
19.250,7.875,0.342007
19.500,7.875,0.344221
19.750,7.875,0.346421
20.000,7.875,0.348606
20.250,7.875,0.350778
20.500,7.875,0.352937
20.750,7.875,0.355082
21.000,7.875,0.357215
21.250,7.875,0.359335
21.500,7.875,0.361443
21.750,7.875,0.363538
22.000,7.875,0.365621
22.250,7.875,0.367693
22.500,7.875,0.369753
22.750,7.875,0.371801
23.000,7.875,0.373839
23.250,7.875,0.375865
23.500,7.875,0.377880
23.750,7.875,0.379885
24.000,7.875,0.381879
24.250,7.875,0.383863
24.500,7.875,0.385836
24.750,7.875,0.387800
25.000,7.875,0.389754
25.250,7.875,0.391698
25.500,7.875,0.393632
25.750,7.875,0.395557
26.000,7.875,0.397472
26.250,7.875,0.399379
26.500,7.875,0.401276
26.750,7.875,0.403164
27.000,7.875,0.405044
27.250,7.875,0.406915
27.500,7.875,0.408777
27.750,7.875,0.410631
28.000,7.875,0.412476
28.250,7.875,0.414314
28.500,7.875,0.416143
28.750,7.875,0.417964
29.000,7.875,0.419777
29.250,7.875,0.421583
29.500,7.875,0.423381
29.750,7.875,0.425171
30.000,7.875,0.426954
30.250,7.875,0.428729
30.500,7.875,0.430497
30.750,7.875,0.432258
31.000,7.875,0.434011
31.250,7.875,0.435758
31.500,7.875,0.437497
31.750,7.875,0.439230
32.000,7.875,0.440956
32.250,7.875,0.442675
32.500,7.875,0.444387
32.750,7.875,0.446093
33.000,7.875,0.447793
33.250,7.875,0.449486
33.500,7.875,0.451172
33.750,7.875,0.452853
34.000,7.875,0.454527
34.250,7.875,0.456195
34.500,7.875,0.457857
34.750,7.875,0.459513
35.000,7.875,0.461163
35.250,7.875,0.462807
35.500,7.875,0.464445
35.750,7.875,0.466078
36.000,7.875,0.467704
36.250,7.875,0.469325
36.500,7.875,0.470941
36.750,7.875,0.472551
37.000,7.875,0.474156
37.250,7.875,0.475755
37.500,7.875,0.477349
37.750,7.875,0.478937
38.000,7.875,0.480521
38.250,7.875,0.482099
38.500,7.875,0.483671
38.750,7.875,0.485239
39.000,7.875,0.486802
39.250,7.875,0.488360
39.500,7.875,0.489913
39.750,7.875,0.491461
40.000,7.875,0.493004
40.250,7.875,0.494542
40.500,7.875,0.496075
40.750,7.875,0.497604
41.000,7.875,0.499128
41.250,7.875,0.500648
41.500,7.875,0.502162
41.750,7.875,0.503673
42.000,7.875,0.505178
42.250,7.875,0.506680
42.500,7.875,0.508177
42.750,7.875,0.509669
43.000,7.875,0.511157
43.250,7.875,0.512641
43.500,7.875,0.514120
43.750,7.875,0.515596
44.000,7.875,0.517067
44.250,7.875,0.518533
44.500,7.875,0.519996
44.750,7.875,0.521455
45.000,7.875,0.522909
1.000,8.000,0.079599
1.250,8.000,0.088994
1.500,8.000,0.097488
1.750,8.000,0.105299
2.000,8.000,0.112569
2.250,8.000,0.119398
2.500,8.000,0.125856
2.750,8.000,0.131999
3.000,8.000,0.137869
3.250,8.000,0.143498
3.500,8.000,0.148915
3.750,8.000,0.154142
4.000,8.000,0.159197
4.250,8.000,0.164097
4.500,8.000,0.168854
4.750,8.000,0.173481
5.000,8.000,0.177988
5.250,8.000,0.182383
5.500,8.000,0.186675
5.750,8.000,0.190871
6.000,8.000,0.194976
6.250,8.000,0.198996
6.500,8.000,0.202937
6.750,8.000,0.206803
7.000,8.000,0.210598
7.250,8.000,0.214326
7.500,8.000,0.217990
7.750,8.000,0.221593
8.000,8.000,0.225139
8.250,8.000,0.228630
8.500,8.000,0.232068
8.750,8.000,0.235456
9.000,8.000,0.238796
9.250,8.000,0.242090
9.500,8.000,0.245339
9.750,8.000,0.248547
10.000,8.000,0.251713
10.250,8.000,0.254840
10.500,8.000,0.257929
10.750,8.000,0.260981
11.000,8.000,0.263999
11.250,8.000,0.266982
11.500,8.000,0.269932
11.750,8.000,0.272850
12.000,8.000,0.275738
12.250,8.000,0.278595
12.500,8.000,0.281424
12.750,8.000,0.284224
13.000,8.000,0.286997
13.250,8.000,0.289743
13.500,8.000,0.292464
13.750,8.000,0.295159
14.000,8.000,0.297831
14.250,8.000,0.300478
14.500,8.000,0.303102
14.750,8.000,0.305704
15.000,8.000,0.308284
15.250,8.000,0.310842
15.500,8.000,0.313380
15.750,8.000,0.315897
16.000,8.000,0.318394
16.250,8.000,0.320872
16.500,8.000,0.323331
16.750,8.000,0.325771
17.000,8.000,0.328193
17.250,8.000,0.330598
17.500,8.000,0.332985
17.750,8.000,0.335355
18.000,8.000,0.337708
18.250,8.000,0.340045
18.500,8.000,0.342366
18.750,8.000,0.344672
19.000,8.000,0.346962
19.250,8.000,0.349237
19.500,8.000,0.351498
19.750,8.000,0.353744
20.000,8.000,0.355976
20.250,8.000,0.358194
20.500,8.000,0.360398
20.750,8.000,0.362589
21.000,8.000,0.364767
21.250,8.000,0.366931
21.500,8.000,0.369083
21.750,8.000,0.371223
22.000,8.000,0.373350
22.250,8.000,0.375466
22.500,8.000,0.377569
22.750,8.000,0.379661
23.000,8.000,0.381741
23.250,8.000,0.383810
23.500,8.000,0.385868
23.750,8.000,0.387916
24.000,8.000,0.389952
24.250,8.000,0.391978
24.500,8.000,0.393993
24.750,8.000,0.395998
25.000,8.000,0.397993
25.250,8.000,0.399978
25.500,8.000,0.401953
25.750,8.000,0.403919
26.000,8.000,0.405875
26.250,8.000,0.407821
26.500,8.000,0.409759
26.750,8.000,0.411687
27.000,8.000,0.413606
27.250,8.000,0.415517
27.500,8.000,0.417419
27.750,8.000,0.419312
28.000,8.000,0.421196
28.250,8.000,0.423072
28.500,8.000,0.424940
28.750,8.000,0.426800
29.000,8.000,0.428652
29.250,8.000,0.430495
29.500,8.000,0.432331
29.750,8.000,0.434159
30.000,8.000,0.435979
30.250,8.000,0.437792
30.500,8.000,0.439598
30.750,8.000,0.441396
31.000,8.000,0.443186
31.250,8.000,0.444970
31.500,8.000,0.446746
31.750,8.000,0.448515
32.000,8.000,0.450278
32.250,8.000,0.452033
32.500,8.000,0.453782
32.750,8.000,0.455524
33.000,8.000,0.457259
33.250,8.000,0.458988
33.500,8.000,0.460710
33.750,8.000,0.462426
34.000,8.000,0.464136
34.250,8.000,0.465839
34.500,8.000,0.467536
34.750,8.000,0.469227
35.000,8.000,0.470912
35.250,8.000,0.472590
35.500,8.000,0.474263
35.750,8.000,0.475930
36.000,8.000,0.477592
36.250,8.000,0.479247
36.500,8.000,0.480897
36.750,8.000,0.482541
37.000,8.000,0.484179
37.250,8.000,0.485812
37.500,8.000,0.487440
37.750,8.000,0.489062
38.000,8.000,0.490679
38.250,8.000,0.492290
38.500,8.000,0.493896
38.750,8.000,0.495497
39.000,8.000,0.497093
39.250,8.000,0.498684
39.500,8.000,0.500269
39.750,8.000,0.501850
40.000,8.000,0.503426
40.250,8.000,0.504996
40.500,8.000,0.506562
40.750,8.000,0.508123
41.000,8.000,0.509680
41.250,8.000,0.511231
41.500,8.000,0.512778
41.750,8.000,0.514320
42.000,8.000,0.515858
42.250,8.000,0.517391
42.500,8.000,0.518919
42.750,8.000,0.520443
43.000,8.000,0.521963
43.250,8.000,0.523478
43.500,8.000,0.524989
43.750,8.000,0.526495
44.000,8.000,0.527997
44.250,8.000,0.529495
44.500,8.000,0.530989
44.750,8.000,0.532478
45.000,8.000,0.533964
1.000,8.125,0.081246
1.250,8.125,0.090836
1.500,8.125,0.099506
1.750,8.125,0.107479
2.000,8.125,0.114900
2.250,8.125,0.121870
2.500,8.125,0.128462
2.750,8.125,0.134732
3.000,8.125,0.140723
3.250,8.125,0.146469
3.500,8.125,0.151998
3.750,8.125,0.157333
4.000,8.125,0.162493
4.250,8.125,0.167494
4.500,8.125,0.172350
4.750,8.125,0.177073
5.000,8.125,0.181673
5.250,8.125,0.186159
5.500,8.125,0.190540
5.750,8.125,0.194822
6.000,8.125,0.199012
6.250,8.125,0.203116
6.500,8.125,0.207139
6.750,8.125,0.211084
7.000,8.125,0.214958
7.250,8.125,0.218763
7.500,8.125,0.222503
7.750,8.125,0.226181
8.000,8.125,0.229800
8.250,8.125,0.233363
8.500,8.125,0.236872
8.750,8.125,0.240330
9.000,8.125,0.243739
9.250,8.125,0.247101
9.500,8.125,0.250418
9.750,8.125,0.253692
10.000,8.125,0.256924
10.250,8.125,0.260116
10.500,8.125,0.263269
10.750,8.125,0.266384
11.000,8.125,0.269464
11.250,8.125,0.272509
11.500,8.125,0.275520
11.750,8.125,0.278499
12.000,8.125,0.281446
12.250,8.125,0.284363
12.500,8.125,0.287250
12.750,8.125,0.290108
13.000,8.125,0.292938
13.250,8.125,0.295742
13.500,8.125,0.298519
13.750,8.125,0.301270
14.000,8.125,0.303996
14.250,8.125,0.306699
14.500,8.125,0.309377
14.750,8.125,0.312033
15.000,8.125,0.314666
15.250,8.125,0.317278
15.500,8.125,0.319868
15.750,8.125,0.322437
16.000,8.125,0.324986
16.250,8.125,0.327515
16.500,8.125,0.330025
16.750,8.125,0.332515
17.000,8.125,0.334988
17.250,8.125,0.337442
17.500,8.125,0.339878
17.750,8.125,0.342297
18.000,8.125,0.344700
18.250,8.125,0.347085
18.500,8.125,0.349454
18.750,8.125,0.351807
19.000,8.125,0.354145
19.250,8.125,0.356467
19.500,8.125,0.358775
19.750,8.125,0.361067
20.000,8.125,0.363345
20.250,8.125,0.365609
20.500,8.125,0.367859
20.750,8.125,0.370095
21.000,8.125,0.372318
21.250,8.125,0.374528
21.500,8.125,0.376724
21.750,8.125,0.378908
22.000,8.125,0.381080
22.250,8.125,0.383239
22.500,8.125,0.385386
22.750,8.125,0.387521
23.000,8.125,0.389644
23.250,8.125,0.391756
23.500,8.125,0.393857
23.750,8.125,0.395946
24.000,8.125,0.398025
24.250,8.125,0.400092
24.500,8.125,0.402149
24.750,8.125,0.404196
25.000,8.125,0.406232
25.250,8.125,0.408258
25.500,8.125,0.410274
25.750,8.125,0.412281
26.000,8.125,0.414277
26.250,8.125,0.416264
26.500,8.125,0.418242
26.750,8.125,0.420210
27.000,8.125,0.422169
27.250,8.125,0.424119
27.500,8.125,0.426060
27.750,8.125,0.427992
28.000,8.125,0.429916
28.250,8.125,0.431831
28.500,8.125,0.433737
28.750,8.125,0.435636
29.000,8.125,0.437526
29.250,8.125,0.439407
29.500,8.125,0.441281
29.750,8.125,0.443147
30.000,8.125,0.445005
30.250,8.125,0.446856
30.500,8.125,0.448698
30.750,8.125,0.450533
31.000,8.125,0.452361
31.250,8.125,0.454181
31.500,8.125,0.455995
31.750,8.125,0.457801
32.000,8.125,0.459599
32.250,8.125,0.461391
32.500,8.125,0.463176
32.750,8.125,0.464954
33.000,8.125,0.466725
33.250,8.125,0.468490
33.500,8.125,0.470248
33.750,8.125,0.471999
34.000,8.125,0.473744
34.250,8.125,0.475483
34.500,8.125,0.477215
34.750,8.125,0.478941
35.000,8.125,0.480661
35.250,8.125,0.482374
35.500,8.125,0.484082
35.750,8.125,0.485783
36.000,8.125,0.487479
36.250,8.125,0.489168
36.500,8.125,0.490852
36.750,8.125,0.492530
37.000,8.125,0.494203
37.250,8.125,0.495870
37.500,8.125,0.497531
37.750,8.125,0.499187
38.000,8.125,0.500837
38.250,8.125,0.502482
38.500,8.125,0.504121
38.750,8.125,0.505755
39.000,8.125,0.507384
39.250,8.125,0.509008
39.500,8.125,0.510626
39.750,8.125,0.512239
40.000,8.125,0.513848
40.250,8.125,0.515451
40.500,8.125,0.517049
40.750,8.125,0.518643
41.000,8.125,0.520231
41.250,8.125,0.521815
41.500,8.125,0.523394
41.750,8.125,0.524968
42.000,8.125,0.526537
42.250,8.125,0.528102
42.500,8.125,0.529662
42.750,8.125,0.531218
43.000,8.125,0.532769
43.250,8.125,0.534315
43.500,8.125,0.535857
43.750,8.125,0.537395
44.000,8.125,0.538928
44.250,8.125,0.540457
44.500,8.125,0.541981
44.750,8.125,0.543502
45.000,8.125,0.545018
1.000,8.250,0.082894
1.250,8.250,0.092679
1.500,8.250,0.101524
1.750,8.250,0.109659
2.000,8.250,0.117230
2.250,8.250,0.124341
2.500,8.250,0.131067
2.750,8.250,0.137465
3.000,8.250,0.143577
3.250,8.250,0.149440
3.500,8.250,0.155081
3.750,8.250,0.160524
4.000,8.250,0.165789
4.250,8.250,0.170891
4.500,8.250,0.175845
4.750,8.250,0.180664
5.000,8.250,0.185357
5.250,8.250,0.189935
5.500,8.250,0.194404
5.750,8.250,0.198774
6.000,8.250,0.203049
6.250,8.250,0.207236
6.500,8.250,0.211340
6.750,8.250,0.215366
7.000,8.250,0.219318
7.250,8.250,0.223200
7.500,8.250,0.227015
7.750,8.250,0.230768
8.000,8.250,0.234461
8.250,8.250,0.238096
8.500,8.250,0.241676
8.750,8.250,0.245205
9.000,8.250,0.248683
9.250,8.250,0.252113
9.500,8.250,0.255497
9.750,8.250,0.258837
10.000,8.250,0.262135
10.250,8.250,0.265391
10.500,8.250,0.268608
10.750,8.250,0.271787
11.000,8.250,0.274929
11.250,8.250,0.278036
11.500,8.250,0.281108
11.750,8.250,0.284147
12.000,8.250,0.287154
12.250,8.250,0.290130
12.500,8.250,0.293076
12.750,8.250,0.295992
13.000,8.250,0.298880
13.250,8.250,0.301740
13.500,8.250,0.304573
13.750,8.250,0.307380
14.000,8.250,0.310162
14.250,8.250,0.312919
14.500,8.250,0.315652
14.750,8.250,0.318362
15.000,8.250,0.321048
15.250,8.250,0.323713
15.500,8.250,0.326355
15.750,8.250,0.328977
16.000,8.250,0.331577
16.250,8.250,0.334158
16.500,8.250,0.336718
16.750,8.250,0.339260
17.000,8.250,0.341782
17.250,8.250,0.344286
17.500,8.250,0.346772
17.750,8.250,0.349240
18.000,8.250,0.351691
18.250,8.250,0.354125
18.500,8.250,0.356542
18.750,8.250,0.358943
19.000,8.250,0.361328
19.250,8.250,0.363697
19.500,8.250,0.366051
19.750,8.250,0.368390
20.000,8.250,0.370715
20.250,8.250,0.373024
20.500,8.250,0.375320
20.750,8.250,0.377602
21.000,8.250,0.379870
21.250,8.250,0.382124
21.500,8.250,0.384365
21.750,8.250,0.386593
22.000,8.250,0.388809
22.250,8.250,0.391012
22.500,8.250,0.393202
22.750,8.250,0.395381
23.000,8.250,0.397547
23.250,8.250,0.399702
23.500,8.250,0.401845
23.750,8.250,0.403977
24.000,8.250,0.406098
24.250,8.250,0.408207
24.500,8.250,0.410306
24.750,8.250,0.412394
25.000,8.250,0.414472
25.250,8.250,0.416539
25.500,8.250,0.418596
25.750,8.250,0.420643
26.000,8.250,0.422680
26.250,8.250,0.424707
26.500,8.250,0.426725
26.750,8.250,0.428733
27.000,8.250,0.430732
27.250,8.250,0.432721
27.500,8.250,0.434701
27.750,8.250,0.436673
28.000,8.250,0.438636
28.250,8.250,0.440589
28.500,8.250,0.442535
28.750,8.250,0.444471
29.000,8.250,0.446400
29.250,8.250,0.448320
29.500,8.250,0.450231
29.750,8.250,0.452135
30.000,8.250,0.454031
30.250,8.250,0.455919
30.500,8.250,0.457799
30.750,8.250,0.459671
31.000,8.250,0.461536
31.250,8.250,0.463393
31.500,8.250,0.465243
31.750,8.250,0.467086
32.000,8.250,0.468921
32.250,8.250,0.470749
32.500,8.250,0.472570
32.750,8.250,0.474384
33.000,8.250,0.476192
33.250,8.250,0.477992
33.500,8.250,0.479786
33.750,8.250,0.481572
34.000,8.250,0.483353
34.250,8.250,0.485127
34.500,8.250,0.486894
34.750,8.250,0.488655
35.000,8.250,0.490409
35.250,8.250,0.492158
35.500,8.250,0.493900
35.750,8.250,0.495636
36.000,8.250,0.497366
36.250,8.250,0.499090
36.500,8.250,0.500808
36.750,8.250,0.502520
37.000,8.250,0.504226
37.250,8.250,0.505927
37.500,8.250,0.507622
37.750,8.250,0.509311
38.000,8.250,0.510995
38.250,8.250,0.512673
38.500,8.250,0.514346
38.750,8.250,0.516013
39.000,8.250,0.517675
39.250,8.250,0.519331
39.500,8.250,0.520983
39.750,8.250,0.522629
40.000,8.250,0.524270
40.250,8.250,0.525906
40.500,8.250,0.527536
40.750,8.250,0.529162
41.000,8.250,0.530783
41.250,8.250,0.532398
41.500,8.250,0.534009
41.750,8.250,0.535615
42.000,8.250,0.537217
42.250,8.250,0.538813
42.500,8.250,0.540405
42.750,8.250,0.541992
43.000,8.250,0.543574
43.250,8.250,0.545152
43.500,8.250,0.546726
43.750,8.250,0.548294
44.000,8.250,0.549859
44.250,8.250,0.551419
44.500,8.250,0.552974
44.750,8.250,0.554525
45.000,8.250,0.556072
1.000,8.375,0.084542
1.250,8.375,0.094521
1.500,8.375,0.103543
1.750,8.375,0.111839
2.000,8.375,0.119561
2.250,8.375,0.126813
2.500,8.375,0.133673
2.750,8.375,0.140197
3.000,8.375,0.146431
3.250,8.375,0.152411
3.500,8.375,0.158164
3.750,8.375,0.163715
4.000,8.375,0.169084
4.250,8.375,0.174288
4.500,8.375,0.179341
4.750,8.375,0.184255
5.000,8.375,0.189042
5.250,8.375,0.193710
5.500,8.375,0.198269
5.750,8.375,0.202725
6.000,8.375,0.207085
6.250,8.375,0.211355
6.500,8.375,0.215541
6.750,8.375,0.219647
7.000,8.375,0.223678
7.250,8.375,0.227637
7.500,8.375,0.231528
7.750,8.375,0.235355
8.000,8.375,0.239121
8.250,8.375,0.242829
8.500,8.375,0.246481
8.750,8.375,0.250079
9.000,8.375,0.253627
9.250,8.375,0.257125
9.500,8.375,0.260577
9.750,8.375,0.263983
10.000,8.375,0.267346
10.250,8.375,0.270667
10.500,8.375,0.273948
10.750,8.375,0.277190
11.000,8.375,0.280395
11.250,8.375,0.283563
11.500,8.375,0.286697
11.750,8.375,0.289796
12.000,8.375,0.292863
12.250,8.375,0.295898
12.500,8.375,0.298902
12.750,8.375,0.301876
13.000,8.375,0.304821
13.250,8.375,0.307738
13.500,8.375,0.310628
13.750,8.375,0.313491
14.000,8.375,0.316328
14.250,8.375,0.319140
14.500,8.375,0.321927
14.750,8.375,0.324690
15.000,8.375,0.327430
15.250,8.375,0.330148
15.500,8.375,0.332843
15.750,8.375,0.335516
16.000,8.375,0.338169
16.250,8.375,0.340800
16.500,8.375,0.343412
16.750,8.375,0.346004
17.000,8.375,0.348576
17.250,8.375,0.351130
17.500,8.375,0.353665
17.750,8.375,0.356183
18.000,8.375,0.358682
18.250,8.375,0.361164
18.500,8.375,0.363630
18.750,8.375,0.366078
19.000,8.375,0.368511
19.250,8.375,0.370927
19.500,8.375,0.373328
19.750,8.375,0.375714
20.000,8.375,0.378084
20.250,8.375,0.380440
20.500,8.375,0.382781
20.750,8.375,0.385108
21.000,8.375,0.387421
21.250,8.375,0.389720
21.500,8.375,0.392006
21.750,8.375,0.394279
22.000,8.375,0.396538
22.250,8.375,0.398785
22.500,8.375,0.401019
22.750,8.375,0.403241
23.000,8.375,0.405450
23.250,8.375,0.407648
23.500,8.375,0.409833
23.750,8.375,0.412008
24.000,8.375,0.414170
24.250,8.375,0.416322
24.500,8.375,0.418462
24.750,8.375,0.420592
25.000,8.375,0.422711
25.250,8.375,0.424819
25.500,8.375,0.426917
25.750,8.375,0.429005
26.000,8.375,0.431082
26.250,8.375,0.433150
26.500,8.375,0.435208
26.750,8.375,0.437256
27.000,8.375,0.439294
27.250,8.375,0.441323
27.500,8.375,0.443343
27.750,8.375,0.445354
28.000,8.375,0.447355
28.250,8.375,0.449348
28.500,8.375,0.451332
28.750,8.375,0.453307
29.000,8.375,0.455274
29.250,8.375,0.457232
29.500,8.375,0.459182
29.750,8.375,0.461123
30.000,8.375,0.463057
30.250,8.375,0.464982
30.500,8.375,0.466900
30.750,8.375,0.468809
31.000,8.375,0.470711
31.250,8.375,0.472605
31.500,8.375,0.474492
31.750,8.375,0.476371
32.000,8.375,0.478243
32.250,8.375,0.480107
32.500,8.375,0.481965
32.750,8.375,0.483815
33.000,8.375,0.485658
33.250,8.375,0.487494
33.500,8.375,0.489323
33.750,8.375,0.491146
34.000,8.375,0.492961
34.250,8.375,0.494770
34.500,8.375,0.496573
34.750,8.375,0.498369
35.000,8.375,0.500158
35.250,8.375,0.501941
35.500,8.375,0.503718
35.750,8.375,0.505489
36.000,8.375,0.507253
36.250,8.375,0.509011
36.500,8.375,0.510764
36.750,8.375,0.512510
37.000,8.375,0.514250
37.250,8.375,0.515984
37.500,8.375,0.517713
37.750,8.375,0.519436
38.000,8.375,0.521153
38.250,8.375,0.522865
38.500,8.375,0.524570
38.750,8.375,0.526271
39.000,8.375,0.527966
39.250,8.375,0.529655
39.500,8.375,0.531339
39.750,8.375,0.533018
40.000,8.375,0.534692
40.250,8.375,0.536360
40.500,8.375,0.538023
40.750,8.375,0.539681
41.000,8.375,0.541334
41.250,8.375,0.542982
41.500,8.375,0.544625
41.750,8.375,0.546263
42.000,8.375,0.547896
42.250,8.375,0.549524
42.500,8.375,0.551148
42.750,8.375,0.552766
43.000,8.375,0.554380
43.250,8.375,0.555989
43.500,8.375,0.557594
43.750,8.375,0.559194
44.000,8.375,0.560789
44.250,8.375,0.562380
44.500,8.375,0.563967
44.750,8.375,0.565549
45.000,8.375,0.567126
1.000,8.500,0.086190
1.250,8.500,0.096363
1.500,8.500,0.105561
1.750,8.500,0.114019
2.000,8.500,0.121891
2.250,8.500,0.129285
2.500,8.500,0.136278
2.750,8.500,0.142930
3.000,8.500,0.149286
3.250,8.500,0.155381
3.500,8.500,0.161247
3.750,8.500,0.166906
4.000,8.500,0.172380
4.250,8.500,0.177685
4.500,8.500,0.182837
4.750,8.500,0.187847
5.000,8.500,0.192727
5.250,8.500,0.197486
5.500,8.500,0.202134
5.750,8.500,0.206676
6.000,8.500,0.211122
6.250,8.500,0.215475
6.500,8.500,0.219742
6.750,8.500,0.223928
7.000,8.500,0.228037
7.250,8.500,0.232074
7.500,8.500,0.236041
7.750,8.500,0.239943
8.000,8.500,0.243782
8.250,8.500,0.247562
8.500,8.500,0.251285
8.750,8.500,0.254954
9.000,8.500,0.258570
9.250,8.500,0.262137
9.500,8.500,0.265656
9.750,8.500,0.269128
10.000,8.500,0.272557
10.250,8.500,0.275943
10.500,8.500,0.279288
10.750,8.500,0.282593
11.000,8.500,0.285860
11.250,8.500,0.289090
11.500,8.500,0.292285
11.750,8.500,0.295445
12.000,8.500,0.298571
12.250,8.500,0.301665
12.500,8.500,0.304728
12.750,8.500,0.307760
13.000,8.500,0.310763
13.250,8.500,0.313737
13.500,8.500,0.316682
13.750,8.500,0.319601
14.000,8.500,0.322494
14.250,8.500,0.325360
14.500,8.500,0.328202
14.750,8.500,0.331019
15.000,8.500,0.333813
15.250,8.500,0.336583
15.500,8.500,0.339331
15.750,8.500,0.342056
16.000,8.500,0.344760
16.250,8.500,0.347443
16.500,8.500,0.350106
16.750,8.500,0.352748
17.000,8.500,0.355371
17.250,8.500,0.357974
17.500,8.500,0.360559
17.750,8.500,0.363125
18.000,8.500,0.365673
18.250,8.500,0.368204
18.500,8.500,0.370717
18.750,8.500,0.373214
19.000,8.500,0.375694
19.250,8.500,0.378157
19.500,8.500,0.380605
19.750,8.500,0.383037
20.000,8.500,0.385454
20.250,8.500,0.387855
20.500,8.500,0.390242
20.750,8.500,0.392614
21.000,8.500,0.394972
21.250,8.500,0.397317
21.500,8.500,0.399647
21.750,8.500,0.401964
22.000,8.500,0.404267
22.250,8.500,0.406558
22.500,8.500,0.408835
22.750,8.500,0.411100
23.000,8.500,0.413353
23.250,8.500,0.415593
23.500,8.500,0.417822
23.750,8.500,0.420038
24.000,8.500,0.422243
24.250,8.500,0.424437
24.500,8.500,0.426619
24.750,8.500,0.428790
25.000,8.500,0.430950
25.250,8.500,0.433100
25.500,8.500,0.435238
25.750,8.500,0.437367
26.000,8.500,0.439485
26.250,8.500,0.441593
26.500,8.500,0.443690
26.750,8.500,0.445778
27.000,8.500,0.447857
27.250,8.500,0.449925
27.500,8.500,0.451984
27.750,8.500,0.454034
28.000,8.500,0.456075
28.250,8.500,0.458106
28.500,8.500,0.460129
28.750,8.500,0.462143
29.000,8.500,0.464148
29.250,8.500,0.466144
29.500,8.500,0.468132
29.750,8.500,0.470111
30.000,8.500,0.472082
30.250,8.500,0.474045
30.500,8.500,0.476000
30.750,8.500,0.477947
31.000,8.500,0.479886
31.250,8.500,0.481817
31.500,8.500,0.483740
31.750,8.500,0.485656
32.000,8.500,0.487565
32.250,8.500,0.489465
32.500,8.500,0.491359
32.750,8.500,0.493245
33.000,8.500,0.495124
33.250,8.500,0.496996
33.500,8.500,0.498861
33.750,8.500,0.500719
34.000,8.500,0.502570
34.250,8.500,0.504414
34.500,8.500,0.506252
34.750,8.500,0.508083
35.000,8.500,0.509907
35.250,8.500,0.511725
35.500,8.500,0.513537
35.750,8.500,0.515342
36.000,8.500,0.517140
36.250,8.500,0.518933
36.500,8.500,0.520719
36.750,8.500,0.522499
37.000,8.500,0.524274
37.250,8.500,0.526042
37.500,8.500,0.527804
37.750,8.500,0.529561
38.000,8.500,0.531311
38.250,8.500,0.533056
38.500,8.500,0.534795
38.750,8.500,0.536529
39.000,8.500,0.538257
39.250,8.500,0.539979
39.500,8.500,0.541696
39.750,8.500,0.543408
40.000,8.500,0.545114
40.250,8.500,0.546815
40.500,8.500,0.548510
40.750,8.500,0.550200
41.000,8.500,0.551886
41.250,8.500,0.553566
41.500,8.500,0.555241
41.750,8.500,0.556911
42.000,8.500,0.558575
42.250,8.500,0.560235
42.500,8.500,0.561890
42.750,8.500,0.563541
43.000,8.500,0.565186
43.250,8.500,0.566827
43.500,8.500,0.568462
43.750,8.500,0.570094
44.000,8.500,0.571720
44.250,8.500,0.573342
44.500,8.500,0.574959
44.750,8.500,0.576572
45.000,8.500,0.578180
1.000,8.625,0.087838
1.250,8.625,0.098206
1.500,8.625,0.107579
1.750,8.625,0.116199
2.000,8.625,0.124222
2.250,8.625,0.131757
2.500,8.625,0.138884
2.750,8.625,0.145663
3.000,8.625,0.152140
3.250,8.625,0.158352
3.500,8.625,0.164330
3.750,8.625,0.170097
4.000,8.625,0.175676
4.250,8.625,0.181083
4.500,8.625,0.186332
4.750,8.625,0.191438
5.000,8.625,0.196412
5.250,8.625,0.201262
5.500,8.625,0.205998
5.750,8.625,0.210628
6.000,8.625,0.215158
6.250,8.625,0.219595
6.500,8.625,0.223944
6.750,8.625,0.228210
7.000,8.625,0.232397
7.250,8.625,0.236511
7.500,8.625,0.240554
7.750,8.625,0.244530
8.000,8.625,0.248443
8.250,8.625,0.252295
8.500,8.625,0.256089
8.750,8.625,0.259828
9.000,8.625,0.263514
9.250,8.625,0.267149
9.500,8.625,0.270735
9.750,8.625,0.274274
10.000,8.625,0.277768
10.250,8.625,0.281219
10.500,8.625,0.284627
10.750,8.625,0.287996
11.000,8.625,0.291325
11.250,8.625,0.294617
11.500,8.625,0.297873
11.750,8.625,0.301093
12.000,8.625,0.304279
12.250,8.625,0.307433
12.500,8.625,0.310554
12.750,8.625,0.313644
13.000,8.625,0.316704
13.250,8.625,0.319735
13.500,8.625,0.322737
13.750,8.625,0.325712
14.000,8.625,0.328659
14.250,8.625,0.331581
14.500,8.625,0.334477
14.750,8.625,0.337348
15.000,8.625,0.340195
15.250,8.625,0.343018
15.500,8.625,0.345818
15.750,8.625,0.348596
16.000,8.625,0.351352
16.250,8.625,0.354086
16.500,8.625,0.356799
16.750,8.625,0.359492
17.000,8.625,0.362165
17.250,8.625,0.364818
17.500,8.625,0.367452
17.750,8.625,0.370068
18.000,8.625,0.372665
18.250,8.625,0.375244
18.500,8.625,0.377805
18.750,8.625,0.380349
19.000,8.625,0.382877
19.250,8.625,0.385387
19.500,8.625,0.387882
19.750,8.625,0.390360
20.000,8.625,0.392823
20.250,8.625,0.395271
20.500,8.625,0.397703
20.750,8.625,0.400121
21.000,8.625,0.402524
21.250,8.625,0.404913
21.500,8.625,0.407288
21.750,8.625,0.409649
22.000,8.625,0.411996
22.250,8.625,0.414331
22.500,8.625,0.416652
22.750,8.625,0.418960
23.000,8.625,0.421256
23.250,8.625,0.423539
23.500,8.625,0.425810
23.750,8.625,0.428069
24.000,8.625,0.430316
24.250,8.625,0.432552
24.500,8.625,0.434776
24.750,8.625,0.436988
25.000,8.625,0.439190
25.250,8.625,0.441380
25.500,8.625,0.443560
25.750,8.625,0.445729
26.000,8.625,0.447887
26.250,8.625,0.450035
26.500,8.625,0.452173
26.750,8.625,0.454301
27.000,8.625,0.456419
27.250,8.625,0.458527
27.500,8.625,0.460626
27.750,8.625,0.462715
28.000,8.625,0.464795
28.250,8.625,0.466865
28.500,8.625,0.468926
28.750,8.625,0.470978
29.000,8.625,0.473022
29.250,8.625,0.475056
29.500,8.625,0.477082
29.750,8.625,0.479099
30.000,8.625,0.481108
30.250,8.625,0.483109
30.500,8.625,0.485101
30.750,8.625,0.487085
31.000,8.625,0.489061
31.250,8.625,0.491029
31.500,8.625,0.492989
31.750,8.625,0.494942
32.000,8.625,0.496886
32.250,8.625,0.498824
32.500,8.625,0.500753
32.750,8.625,0.502676
33.000,8.625,0.504590
33.250,8.625,0.506498
33.500,8.625,0.508399
33.750,8.625,0.510292
34.000,8.625,0.512179
34.250,8.625,0.514058
34.500,8.625,0.515931
34.750,8.625,0.517797
35.000,8.625,0.519656
35.250,8.625,0.521509
35.500,8.625,0.523355
35.750,8.625,0.525194
36.000,8.625,0.527028
36.250,8.625,0.528854
36.500,8.625,0.530675
36.750,8.625,0.532489
37.000,8.625,0.534297
37.250,8.625,0.536099
37.500,8.625,0.537895
37.750,8.625,0.539685
38.000,8.625,0.541469
38.250,8.625,0.543248
38.500,8.625,0.545020
38.750,8.625,0.546787
39.000,8.625,0.548548
39.250,8.625,0.550303
39.500,8.625,0.552053
39.750,8.625,0.553797
40.000,8.625,0.555536
40.250,8.625,0.557269
40.500,8.625,0.558997
40.750,8.625,0.560720
41.000,8.625,0.562437
41.250,8.625,0.564149
41.500,8.625,0.565856
41.750,8.625,0.567558
42.000,8.625,0.569255
42.250,8.625,0.570947
42.500,8.625,0.572633
42.750,8.625,0.574315
43.000,8.625,0.575992
43.250,8.625,0.577664
43.500,8.625,0.579331
43.750,8.625,0.580993
44.000,8.625,0.582651
44.250,8.625,0.584304
44.500,8.625,0.585952
44.750,8.625,0.587596
45.000,8.625,0.589235
1.000,8.750,0.089486
1.250,8.750,0.100048
1.500,8.750,0.109597
1.750,8.750,0.118379
2.000,8.750,0.126552
2.250,8.750,0.134229
2.500,8.750,0.141489
2.750,8.750,0.148395
3.000,8.750,0.154994
3.250,8.750,0.161323
3.500,8.750,0.167413
3.750,8.750,0.173288
4.000,8.750,0.178972
4.250,8.750,0.184480
4.500,8.750,0.189828
4.750,8.750,0.195030
5.000,8.750,0.200096
5.250,8.750,0.205038
5.500,8.750,0.209863
5.750,8.750,0.214579
6.000,8.750,0.219195
6.250,8.750,0.223714
6.500,8.750,0.228145
6.750,8.750,0.232491
7.000,8.750,0.236757
7.250,8.750,0.240948
7.500,8.750,0.245067
7.750,8.750,0.249118
8.000,8.750,0.253104
8.250,8.750,0.257028
8.500,8.750,0.260894
8.750,8.750,0.264703
9.000,8.750,0.268457
9.250,8.750,0.272160
9.500,8.750,0.275814
9.750,8.750,0.279419
10.000,8.750,0.282979
10.250,8.750,0.286494
10.500,8.750,0.289967
10.750,8.750,0.293399
11.000,8.750,0.296791
11.250,8.750,0.300144
11.500,8.750,0.303461
11.750,8.750,0.306742
12.000,8.750,0.309988
12.250,8.750,0.313200
12.500,8.750,0.316380
12.750,8.750,0.319528
13.000,8.750,0.322646
13.250,8.750,0.325733
13.500,8.750,0.328792
13.750,8.750,0.331822
14.000,8.750,0.334825
14.250,8.750,0.337801
14.500,8.750,0.340752
14.750,8.750,0.343677
15.000,8.750,0.346577
15.250,8.750,0.349453
15.500,8.750,0.352306
15.750,8.750,0.355136
16.000,8.750,0.357943
16.250,8.750,0.360729
16.500,8.750,0.363493
16.750,8.750,0.366236
17.000,8.750,0.368959
17.250,8.750,0.371662
17.500,8.750,0.374346
17.750,8.750,0.377010
18.000,8.750,0.379656
18.250,8.750,0.382283
18.500,8.750,0.384893
18.750,8.750,0.387485
19.000,8.750,0.390060
19.250,8.750,0.392617
19.500,8.750,0.395159
19.750,8.750,0.397684
20.000,8.750,0.400193
20.250,8.750,0.402686
20.500,8.750,0.405164
20.750,8.750,0.407627
21.000,8.750,0.410075
21.250,8.750,0.412509
21.500,8.750,0.414929
21.750,8.750,0.417334
22.000,8.750,0.419726
22.250,8.750,0.422104
22.500,8.750,0.424468
22.750,8.750,0.426820
23.000,8.750,0.429159
23.250,8.750,0.431485
23.500,8.750,0.433798
23.750,8.750,0.436100
24.000,8.750,0.438389
24.250,8.750,0.440666
24.500,8.750,0.442932
24.750,8.750,0.445186
25.000,8.750,0.447429
25.250,8.750,0.449661
25.500,8.750,0.451881
25.750,8.750,0.454091
26.000,8.750,0.456290
26.250,8.750,0.458478
26.500,8.750,0.460656
26.750,8.750,0.462824
27.000,8.750,0.464982
27.250,8.750,0.467130
27.500,8.750,0.469267
27.750,8.750,0.471396
28.000,8.750,0.473514
28.250,8.750,0.475624
28.500,8.750,0.477723
28.750,8.750,0.479814
29.000,8.750,0.481896
29.250,8.750,0.483968
29.500,8.750,0.486032
29.750,8.750,0.488087
30.000,8.750,0.490134
30.250,8.750,0.492172
30.500,8.750,0.494201
30.750,8.750,0.496223
31.000,8.750,0.498236
31.250,8.750,0.500241
31.500,8.750,0.502238
31.750,8.750,0.504227
32.000,8.750,0.506208
32.250,8.750,0.508182
32.500,8.750,0.510148
32.750,8.750,0.512106
33.000,8.750,0.514057
33.250,8.750,0.516000
33.500,8.750,0.517936
33.750,8.750,0.519865
34.000,8.750,0.521787
34.250,8.750,0.523702
34.500,8.750,0.525610
34.750,8.750,0.527511
35.000,8.750,0.529405
35.250,8.750,0.531292
35.500,8.750,0.533173
35.750,8.750,0.535047
36.000,8.750,0.536915
36.250,8.750,0.538776
36.500,8.750,0.540630
36.750,8.750,0.542479
37.000,8.750,0.544321
37.250,8.750,0.546157
37.500,8.750,0.547986
37.750,8.750,0.549810
38.000,8.750,0.551627
38.250,8.750,0.553439
38.500,8.750,0.555245
38.750,8.750,0.557045
39.000,8.750,0.558839
39.250,8.750,0.560627
39.500,8.750,0.562409
39.750,8.750,0.564186
40.000,8.750,0.565958
40.250,8.750,0.567724
40.500,8.750,0.569484
40.750,8.750,0.571239
41.000,8.750,0.572989
41.250,8.750,0.574733
41.500,8.750,0.576472
41.750,8.750,0.578206
42.000,8.750,0.579934
42.250,8.750,0.581658
42.500,8.750,0.583376
42.750,8.750,0.585089
43.000,8.750,0.586798
43.250,8.750,0.588501
43.500,8.750,0.590199
43.750,8.750,0.591893
44.000,8.750,0.593582
44.250,8.750,0.595266
44.500,8.750,0.596945
44.750,8.750,0.598619
45.000,8.750,0.600289
1.000,8.875,0.091134
1.250,8.875,0.101891
1.500,8.875,0.111615
1.750,8.875,0.120558
2.000,8.875,0.128882
2.250,8.875,0.136700
2.500,8.875,0.144095
2.750,8.875,0.151128
3.000,8.875,0.157848
3.250,8.875,0.164294
3.500,8.875,0.170495
3.750,8.875,0.176480
4.000,8.875,0.182267
4.250,8.875,0.187877
4.500,8.875,0.193324
4.750,8.875,0.198621
5.000,8.875,0.203781
5.250,8.875,0.208813
5.500,8.875,0.213727
5.750,8.875,0.218531
6.000,8.875,0.223231
6.250,8.875,0.227834
6.500,8.875,0.232346
6.750,8.875,0.236772
7.000,8.875,0.241117
7.250,8.875,0.245385
7.500,8.875,0.249580
7.750,8.875,0.253705
8.000,8.875,0.257765
8.250,8.875,0.261762
8.500,8.875,0.265698
8.750,8.875,0.269577
9.000,8.875,0.273401
9.250,8.875,0.277172
9.500,8.875,0.280893
9.750,8.875,0.284565
10.000,8.875,0.288190
10.250,8.875,0.291770
10.500,8.875,0.295307
10.750,8.875,0.298802
11.000,8.875,0.302256
11.250,8.875,0.305672
11.500,8.875,0.309049
11.750,8.875,0.312390
12.000,8.875,0.315696
12.250,8.875,0.318968
12.500,8.875,0.322206
12.750,8.875,0.325412
13.000,8.875,0.328587
13.250,8.875,0.331732
13.500,8.875,0.334846
13.750,8.875,0.337933
14.000,8.875,0.340991
14.250,8.875,0.344022
14.500,8.875,0.347027
14.750,8.875,0.350005
15.000,8.875,0.352959
15.250,8.875,0.355888
15.500,8.875,0.358794
15.750,8.875,0.361675
16.000,8.875,0.364535
16.250,8.875,0.367372
16.500,8.875,0.370187
16.750,8.875,0.372981
17.000,8.875,0.375754
17.250,8.875,0.378507
17.500,8.875,0.381239
17.750,8.875,0.383953
18.000,8.875,0.386647
18.250,8.875,0.389323
18.500,8.875,0.391981
18.750,8.875,0.394620
19.000,8.875,0.397242
19.250,8.875,0.399847
19.500,8.875,0.402435
19.750,8.875,0.405007
20.000,8.875,0.407562
20.250,8.875,0.410101
20.500,8.875,0.412625
20.750,8.875,0.415134
21.000,8.875,0.417627
21.250,8.875,0.420105
21.500,8.875,0.422569
21.750,8.875,0.425019
22.000,8.875,0.427455
22.250,8.875,0.429877
22.500,8.875,0.432285
22.750,8.875,0.434680
23.000,8.875,0.437062
23.250,8.875,0.439431
23.500,8.875,0.441787
23.750,8.875,0.444131
24.000,8.875,0.446462
24.250,8.875,0.448781
24.500,8.875,0.451089
24.750,8.875,0.453384
25.000,8.875,0.455668
25.250,8.875,0.457941
25.500,8.875,0.460202
25.750,8.875,0.462453
26.000,8.875,0.464692
26.250,8.875,0.466921
26.500,8.875,0.469139
26.750,8.875,0.471347
27.000,8.875,0.473544
27.250,8.875,0.475732
27.500,8.875,0.477909
27.750,8.875,0.480076
28.000,8.875,0.482234
28.250,8.875,0.484382
28.500,8.875,0.486521
28.750,8.875,0.488650
29.000,8.875,0.490770
29.250,8.875,0.492881
29.500,8.875,0.494982
29.750,8.875,0.497075
30.000,8.875,0.499160
30.250,8.875,0.501235
30.500,8.875,0.503302
30.750,8.875,0.505361
31.000,8.875,0.507411
31.250,8.875,0.509453
31.500,8.875,0.511486
31.750,8.875,0.513512
32.000,8.875,0.515530
32.250,8.875,0.517540
32.500,8.875,0.519542
32.750,8.875,0.521536
33.000,8.875,0.523523
33.250,8.875,0.525502
33.500,8.875,0.527474
33.750,8.875,0.529439
34.000,8.875,0.531396
34.250,8.875,0.533346
34.500,8.875,0.535289
34.750,8.875,0.537225
35.000,8.875,0.539154
35.250,8.875,0.541076
35.500,8.875,0.542991
35.750,8.875,0.544900
36.000,8.875,0.546802
36.250,8.875,0.548697
36.500,8.875,0.550586
36.750,8.875,0.552468
37.000,8.875,0.554344
37.250,8.875,0.556214
37.500,8.875,0.558077
37.750,8.875,0.559935
38.000,8.875,0.561786
38.250,8.875,0.563631
38.500,8.875,0.565469
38.750,8.875,0.567302
39.000,8.875,0.569130
39.250,8.875,0.570951
39.500,8.875,0.572766
39.750,8.875,0.574576
40.000,8.875,0.576380
40.250,8.875,0.578178
40.500,8.875,0.579971
40.750,8.875,0.581758
41.000,8.875,0.583540
41.250,8.875,0.585317
41.500,8.875,0.587088
41.750,8.875,0.588853
42.000,8.875,0.590614
42.250,8.875,0.592369
42.500,8.875,0.594119
42.750,8.875,0.595864
43.000,8.875,0.597603
43.250,8.875,0.599338
43.500,8.875,0.601068
43.750,8.875,0.602792
44.000,8.875,0.604512
44.250,8.875,0.606227
44.500,8.875,0.607937
44.750,8.875,0.609643
45.000,8.875,0.611343
1.000,9.000,0.092782
1.250,9.000,0.103733
1.500,9.000,0.113634
1.750,9.000,0.122738
2.000,9.000,0.131213
2.250,9.000,0.139172
2.500,9.000,0.146700
2.750,9.000,0.153861
3.000,9.000,0.160702
3.250,9.000,0.167264
3.500,9.000,0.173578
3.750,9.000,0.179671
4.000,9.000,0.185563
4.250,9.000,0.191274
4.500,9.000,0.196819
4.750,9.000,0.202213
5.000,9.000,0.207466
5.250,9.000,0.212589
5.500,9.000,0.217592
5.750,9.000,0.222482
6.000,9.000,0.227267
6.250,9.000,0.231954
6.500,9.000,0.236547
6.750,9.000,0.241053
7.000,9.000,0.245477
7.250,9.000,0.249822
7.500,9.000,0.254093
7.750,9.000,0.258293
8.000,9.000,0.262426
8.250,9.000,0.266495
8.500,9.000,0.270502
8.750,9.000,0.274451
9.000,9.000,0.278345
9.250,9.000,0.282184
9.500,9.000,0.285972
9.750,9.000,0.289710
10.000,9.000,0.293401
10.250,9.000,0.297046
10.500,9.000,0.300647
10.750,9.000,0.304205
11.000,9.000,0.307722
11.250,9.000,0.311199
11.500,9.000,0.314637
11.750,9.000,0.318039
12.000,9.000,0.321405
12.250,9.000,0.324735
12.500,9.000,0.328032
12.750,9.000,0.331296
13.000,9.000,0.334529
13.250,9.000,0.337730
13.500,9.000,0.340901
13.750,9.000,0.344043
14.000,9.000,0.347157
14.250,9.000,0.350243
14.500,9.000,0.353302
14.750,9.000,0.356334
15.000,9.000,0.359341
15.250,9.000,0.362323
15.500,9.000,0.365281
15.750,9.000,0.368215
16.000,9.000,0.371126
16.250,9.000,0.374014
16.500,9.000,0.376880
16.750,9.000,0.379725
17.000,9.000,0.382548
17.250,9.000,0.385351
17.500,9.000,0.388133
17.750,9.000,0.390896
18.000,9.000,0.393639
18.250,9.000,0.396363
18.500,9.000,0.399068
18.750,9.000,0.401756
19.000,9.000,0.404425
19.250,9.000,0.407077
19.500,9.000,0.409712
19.750,9.000,0.412330
20.000,9.000,0.414932
20.250,9.000,0.417517
20.500,9.000,0.420086
20.750,9.000,0.422640
21.000,9.000,0.425178
21.250,9.000,0.427702
21.500,9.000,0.430210
21.750,9.000,0.432704
22.000,9.000,0.435184
22.250,9.000,0.437650
22.500,9.000,0.440101
22.750,9.000,0.442540
23.000,9.000,0.444965
23.250,9.000,0.447376
23.500,9.000,0.449775
23.750,9.000,0.452161
24.000,9.000,0.454535
24.250,9.000,0.456896
24.500,9.000,0.459245
24.750,9.000,0.461582
25.000,9.000,0.463908
25.250,9.000,0.466221
25.500,9.000,0.468524
25.750,9.000,0.470815
26.000,9.000,0.473095
26.250,9.000,0.475364
26.500,9.000,0.477622
26.750,9.000,0.479870
27.000,9.000,0.482107
27.250,9.000,0.484334
27.500,9.000,0.486550
27.750,9.000,0.488757
28.000,9.000,0.490954
28.250,9.000,0.493141
28.500,9.000,0.495318
28.750,9.000,0.497486
29.000,9.000,0.499644
29.250,9.000,0.501793
29.500,9.000,0.503933
29.750,9.000,0.506063
30.000,9.000,0.508185
30.250,9.000,0.510298
30.500,9.000,0.512403
30.750,9.000,0.514498
31.000,9.000,0.516586
31.250,9.000,0.518665
31.500,9.000,0.520735
31.750,9.000,0.522797
32.000,9.000,0.524852
32.250,9.000,0.526898
32.500,9.000,0.528936
32.750,9.000,0.530967
33.000,9.000,0.532989
33.250,9.000,0.535004
33.500,9.000,0.537012
33.750,9.000,0.539012
34.000,9.000,0.541005
34.250,9.000,0.542990
34.500,9.000,0.544968
34.750,9.000,0.546939
35.000,9.000,0.548903
35.250,9.000,0.550860
35.500,9.000,0.552810
35.750,9.000,0.554753
36.000,9.000,0.556689
36.250,9.000,0.558619
36.500,9.000,0.560542
36.750,9.000,0.562458
37.000,9.000,0.564368
37.250,9.000,0.566271
37.500,9.000,0.568168
37.750,9.000,0.570059
38.000,9.000,0.571944
38.250,9.000,0.573822
38.500,9.000,0.575694
38.750,9.000,0.577560
39.000,9.000,0.579420
39.250,9.000,0.581275
39.500,9.000,0.583123
39.750,9.000,0.584965
40.000,9.000,0.586802
40.250,9.000,0.588633
40.500,9.000,0.590458
40.750,9.000,0.592278
41.000,9.000,0.594092
41.250,9.000,0.595900
41.500,9.000,0.597703
41.750,9.000,0.599501
42.000,9.000,0.601293
42.250,9.000,0.603080
42.500,9.000,0.604862
42.750,9.000,0.606638
43.000,9.000,0.608409
43.250,9.000,0.610175
43.500,9.000,0.611936
43.750,9.000,0.613692
44.000,9.000,0.615443
44.250,9.000,0.617189
44.500,9.000,0.618930
44.750,9.000,0.620666
45.000,9.000,0.622397
1.000,9.125,0.094429
1.250,9.125,0.105575
1.500,9.125,0.115652
1.750,9.125,0.124918
2.000,9.125,0.133543
2.250,9.125,0.141644
2.500,9.125,0.149306
2.750,9.125,0.156593
3.000,9.125,0.163557
3.250,9.125,0.170235
3.500,9.125,0.176661
3.750,9.125,0.182862
4.000,9.125,0.188859
4.250,9.125,0.194671
4.500,9.125,0.200315
4.750,9.125,0.205804
5.000,9.125,0.211151
5.250,9.125,0.216365
5.500,9.125,0.221457
5.750,9.125,0.226434
6.000,9.125,0.231304
6.250,9.125,0.236073
6.500,9.125,0.240749
6.750,9.125,0.245335
7.000,9.125,0.249837
7.250,9.125,0.254259
7.500,9.125,0.258606
7.750,9.125,0.262880
8.000,9.125,0.267087
8.250,9.125,0.271228
8.500,9.125,0.275307
8.750,9.125,0.279326
9.000,9.125,0.283288
9.250,9.125,0.287196
9.500,9.125,0.291051
9.750,9.125,0.294856
10.000,9.125,0.298612
10.250,9.125,0.302322
10.500,9.125,0.305986
10.750,9.125,0.309607
11.000,9.125,0.313187
11.250,9.125,0.316726
11.500,9.125,0.320226
11.750,9.125,0.323688
12.000,9.125,0.327113
12.250,9.125,0.330503
12.500,9.125,0.333858
12.750,9.125,0.337180
13.000,9.125,0.340470
13.250,9.125,0.343728
13.500,9.125,0.346956
13.750,9.125,0.350154
14.000,9.125,0.353322
14.250,9.125,0.356463
14.500,9.125,0.359576
14.750,9.125,0.362663
15.000,9.125,0.365723
15.250,9.125,0.368759
15.500,9.125,0.371769
15.750,9.125,0.374755
16.000,9.125,0.377718
16.250,9.125,0.380657
16.500,9.125,0.383574
16.750,9.125,0.386469
17.000,9.125,0.389342
17.250,9.125,0.392195
17.500,9.125,0.395026
17.750,9.125,0.397838
18.000,9.125,0.400630
18.250,9.125,0.403403
18.500,9.125,0.406156
18.750,9.125,0.408891
19.000,9.125,0.411608
19.250,9.125,0.414307
19.500,9.125,0.416989
19.750,9.125,0.419653
20.000,9.125,0.422301
20.250,9.125,0.424932
20.500,9.125,0.427547
20.750,9.125,0.430146
21.000,9.125,0.432730
21.250,9.125,0.435298
21.500,9.125,0.437851
21.750,9.125,0.440389
22.000,9.125,0.442913
22.250,9.125,0.445423
22.500,9.125,0.447918
22.750,9.125,0.450400
23.000,9.125,0.452867
23.250,9.125,0.455322
23.500,9.125,0.457763
23.750,9.125,0.460192
24.000,9.125,0.462608
24.250,9.125,0.465011
24.500,9.125,0.467402
24.750,9.125,0.469780
25.000,9.125,0.472147
25.250,9.125,0.474502
25.500,9.125,0.476845
25.750,9.125,0.479177
26.000,9.125,0.481497
26.250,9.125,0.483807
26.500,9.125,0.486105
26.750,9.125,0.488393
27.000,9.125,0.490670
27.250,9.125,0.492936
27.500,9.125,0.495192
27.750,9.125,0.497438
28.000,9.125,0.499673
28.250,9.125,0.501899
28.500,9.125,0.504115
28.750,9.125,0.506321
29.000,9.125,0.508518
29.250,9.125,0.510705
29.500,9.125,0.512883
29.750,9.125,0.515052
30.000,9.125,0.517211
30.250,9.125,0.519362
30.500,9.125,0.521503
30.750,9.125,0.523636
31.000,9.125,0.525761
31.250,9.125,0.527876
31.500,9.125,0.529984
31.750,9.125,0.532083
32.000,9.125,0.534173
32.250,9.125,0.536256
32.500,9.125,0.538330
32.750,9.125,0.540397
33.000,9.125,0.542456
33.250,9.125,0.544506
33.500,9.125,0.546550
33.750,9.125,0.548585
34.000,9.125,0.550613
34.250,9.125,0.552634
34.500,9.125,0.554647
34.750,9.125,0.556653
35.000,9.125,0.558652
35.250,9.125,0.560643
35.500,9.125,0.562628
35.750,9.125,0.564606
36.000,9.125,0.566576
36.250,9.125,0.568540
36.500,9.125,0.570497
36.750,9.125,0.572448
37.000,9.125,0.574392
37.250,9.125,0.576329
37.500,9.125,0.578260
37.750,9.125,0.580184
38.000,9.125,0.582102
38.250,9.125,0.584014
38.500,9.125,0.585919
38.750,9.125,0.587818
39.000,9.125,0.589711
39.250,9.125,0.591598
39.500,9.125,0.593480
39.750,9.125,0.595355
40.000,9.125,0.597224
40.250,9.125,0.599087
40.500,9.125,0.600945
40.750,9.125,0.602797
41.000,9.125,0.604643
41.250,9.125,0.606484
41.500,9.125,0.608319
41.750,9.125,0.610148
42.000,9.125,0.611972
42.250,9.125,0.613791
42.500,9.125,0.615604
42.750,9.125,0.617412
43.000,9.125,0.619215
43.250,9.125,0.621012
43.500,9.125,0.622805
43.750,9.125,0.624592
44.000,9.125,0.626374
44.250,9.125,0.628151
44.500,9.125,0.629923
44.750,9.125,0.631690
45.000,9.125,0.633452
1.000,9.250,0.096077
1.250,9.250,0.107418
1.500,9.250,0.117670
1.750,9.250,0.127098
2.000,9.250,0.135874
2.250,9.250,0.144116
2.500,9.250,0.151911
2.750,9.250,0.159326
3.000,9.250,0.166411
3.250,9.250,0.173206
3.500,9.250,0.179744
3.750,9.250,0.186053
4.000,9.250,0.192155
4.250,9.250,0.198068
4.500,9.250,0.203811
4.750,9.250,0.209396
5.000,9.250,0.214835
5.250,9.250,0.220141
5.500,9.250,0.225321
5.750,9.250,0.230385
6.000,9.250,0.235340
6.250,9.250,0.240193
6.500,9.250,0.244950
6.750,9.250,0.249616
7.000,9.250,0.254197
7.250,9.250,0.258696
7.500,9.250,0.263118
7.750,9.250,0.267468
8.000,9.250,0.271748
8.250,9.250,0.275961
8.500,9.250,0.280111
8.750,9.250,0.284200
9.000,9.250,0.288232
9.250,9.250,0.292208
9.500,9.250,0.296130
9.750,9.250,0.300001
10.000,9.250,0.303823
10.250,9.250,0.307597
10.500,9.250,0.311326
10.750,9.250,0.315010
11.000,9.250,0.318652
11.250,9.250,0.322253
11.500,9.250,0.325814
11.750,9.250,0.329336
12.000,9.250,0.332821
12.250,9.250,0.336270
12.500,9.250,0.339684
12.750,9.250,0.343064
13.000,9.250,0.346411
13.250,9.250,0.349727
13.500,9.250,0.353010
13.750,9.250,0.356264
14.000,9.250,0.359488
14.250,9.250,0.362684
14.500,9.250,0.365851
14.750,9.250,0.368992
15.000,9.250,0.372106
15.250,9.250,0.375194
15.500,9.250,0.378257
15.750,9.250,0.381295
16.000,9.250,0.384309
16.250,9.250,0.387300
16.500,9.250,0.390268
16.750,9.250,0.393213
17.000,9.250,0.396137
17.250,9.250,0.399039
17.500,9.250,0.401920
17.750,9.250,0.404781
18.000,9.250,0.407621
18.250,9.250,0.410442
18.500,9.250,0.413244
18.750,9.250,0.416027
19.000,9.250,0.418791
19.250,9.250,0.421537
19.500,9.250,0.424266
19.750,9.250,0.426977
20.000,9.250,0.429671
20.250,9.250,0.432348
20.500,9.250,0.435008
20.750,9.250,0.437653
21.000,9.250,0.440281
21.250,9.250,0.442894
21.500,9.250,0.445492
21.750,9.250,0.448075
22.000,9.250,0.450642
22.250,9.250,0.453196
22.500,9.250,0.455734
22.750,9.250,0.458259
23.000,9.250,0.460770
23.250,9.250,0.463268
23.500,9.250,0.465752
23.750,9.250,0.468223
24.000,9.250,0.470681
24.250,9.250,0.473126
24.500,9.250,0.475558
24.750,9.250,0.477978
25.000,9.250,0.480386
25.250,9.250,0.482782
25.500,9.250,0.485166
25.750,9.250,0.487539
26.000,9.250,0.489900
26.250,9.250,0.492249
26.500,9.250,0.494588
26.750,9.250,0.496915
27.000,9.250,0.499232
27.250,9.250,0.501538
27.500,9.250,0.503833
27.750,9.250,0.506118
28.000,9.250,0.508393
28.250,9.250,0.510658
28.500,9.250,0.512912
28.750,9.250,0.515157
29.000,9.250,0.517392
29.250,9.250,0.519617
29.500,9.250,0.521833
29.750,9.250,0.524040
30.000,9.250,0.526237
30.250,9.250,0.528425
30.500,9.250,0.530604
30.750,9.250,0.532774
31.000,9.250,0.534936
31.250,9.250,0.537088
31.500,9.250,0.539232
31.750,9.250,0.541368
32.000,9.250,0.543495
32.250,9.250,0.545614
32.500,9.250,0.547725
32.750,9.250,0.549827
33.000,9.250,0.551922
33.250,9.250,0.554009
33.500,9.250,0.556087
33.750,9.250,0.558158
34.000,9.250,0.560222
34.250,9.250,0.562278
34.500,9.250,0.564326
34.750,9.250,0.566367
35.000,9.250,0.568401
35.250,9.250,0.570427
35.500,9.250,0.572446
35.750,9.250,0.574458
36.000,9.250,0.576464
36.250,9.250,0.578462
36.500,9.250,0.580453
36.750,9.250,0.582437
37.000,9.250,0.584415
37.250,9.250,0.586386
37.500,9.250,0.588351
37.750,9.250,0.590309
38.000,9.250,0.592260
38.250,9.250,0.594205
38.500,9.250,0.596144
38.750,9.250,0.598076
39.000,9.250,0.600002
39.250,9.250,0.601922
39.500,9.250,0.603836
39.750,9.250,0.605744
40.000,9.250,0.607646
40.250,9.250,0.609542
40.500,9.250,0.611432
40.750,9.250,0.613316
41.000,9.250,0.615195
41.250,9.250,0.617067
41.500,9.250,0.618934
41.750,9.250,0.620796
42.000,9.250,0.622652
42.250,9.250,0.624502
42.500,9.250,0.626347
42.750,9.250,0.628187
43.000,9.250,0.630021
43.250,9.250,0.631850
43.500,9.250,0.633673
43.750,9.250,0.635491
44.000,9.250,0.637304
44.250,9.250,0.639112
44.500,9.250,0.640915
44.750,9.250,0.642713
45.000,9.250,0.644506
1.000,9.375,0.097725
1.250,9.375,0.109260
1.500,9.375,0.119688
1.750,9.375,0.129278
2.000,9.375,0.138204
2.250,9.375,0.146588
2.500,9.375,0.154517
2.750,9.375,0.162059
3.000,9.375,0.169265
3.250,9.375,0.176176
3.500,9.375,0.182827
3.750,9.375,0.189244
4.000,9.375,0.195450
4.250,9.375,0.201466
4.500,9.375,0.207306
4.750,9.375,0.212987
5.000,9.375,0.218520
5.250,9.375,0.223916
5.500,9.375,0.229186
5.750,9.375,0.234337
6.000,9.375,0.239377
6.250,9.375,0.244313
6.500,9.375,0.249151
6.750,9.375,0.253897
7.000,9.375,0.258556
7.250,9.375,0.263133
7.500,9.375,0.267631
7.750,9.375,0.272055
8.000,9.375,0.276408
8.250,9.375,0.280694
8.500,9.375,0.284915
8.750,9.375,0.289075
9.000,9.375,0.293175
9.250,9.375,0.297219
9.500,9.375,0.301209
9.750,9.375,0.305147
10.000,9.375,0.309034
10.250,9.375,0.312873
10.500,9.375,0.316666
10.750,9.375,0.320413
11.000,9.375,0.324118
11.250,9.375,0.327780
11.500,9.375,0.331402
11.750,9.375,0.334985
12.000,9.375,0.338530
12.250,9.375,0.342038
12.500,9.375,0.345511
12.750,9.375,0.348949
13.000,9.375,0.352353
13.250,9.375,0.355725
13.500,9.375,0.359065
13.750,9.375,0.362374
14.000,9.375,0.365654
14.250,9.375,0.368904
14.500,9.375,0.372126
14.750,9.375,0.375320
15.000,9.375,0.378488
15.250,9.375,0.381629
15.500,9.375,0.384744
15.750,9.375,0.387835
16.000,9.375,0.390901
16.250,9.375,0.393943
16.500,9.375,0.396961
16.750,9.375,0.399957
17.000,9.375,0.402931
17.250,9.375,0.405883
17.500,9.375,0.408814
17.750,9.375,0.411723
18.000,9.375,0.414613
18.250,9.375,0.417482
18.500,9.375,0.420332
18.750,9.375,0.423162
19.000,9.375,0.425974
19.250,9.375,0.428767
19.500,9.375,0.431542
19.750,9.375,0.434300
20.000,9.375,0.437040
20.250,9.375,0.439763
20.500,9.375,0.442469
20.750,9.375,0.445159
21.000,9.375,0.447833
21.250,9.375,0.450491
21.500,9.375,0.453133
21.750,9.375,0.455760
22.000,9.375,0.458371
22.250,9.375,0.460969
22.500,9.375,0.463551
22.750,9.375,0.466119
23.000,9.375,0.468673
23.250,9.375,0.471214
23.500,9.375,0.473740
23.750,9.375,0.476253
24.000,9.375,0.478753
24.250,9.375,0.481240
24.500,9.375,0.483715
24.750,9.375,0.486176
25.000,9.375,0.488626
25.250,9.375,0.491063
25.500,9.375,0.493488
25.750,9.375,0.495901
26.000,9.375,0.498302
26.250,9.375,0.500692
26.500,9.375,0.503071
26.750,9.375,0.505438
27.000,9.375,0.507795
27.250,9.375,0.510140
27.500,9.375,0.512475
27.750,9.375,0.514799
28.000,9.375,0.517113
28.250,9.375,0.519416
28.500,9.375,0.521709
28.750,9.375,0.523993
29.000,9.375,0.526266
29.250,9.375,0.528529
29.500,9.375,0.530783
29.750,9.375,0.533028
30.000,9.375,0.535263
30.250,9.375,0.537488
30.500,9.375,0.539705
30.750,9.375,0.541912
31.000,9.375,0.544110
31.250,9.375,0.546300
31.500,9.375,0.548481
31.750,9.375,0.550653
32.000,9.375,0.552817
32.250,9.375,0.554972
32.500,9.375,0.557119
32.750,9.375,0.559258
33.000,9.375,0.561388
33.250,9.375,0.563511
33.500,9.375,0.565625
33.750,9.375,0.567732
34.000,9.375,0.569831
34.250,9.375,0.571922
34.500,9.375,0.574005
34.750,9.375,0.576081
35.000,9.375,0.578150
35.250,9.375,0.580211
35.500,9.375,0.582265
35.750,9.375,0.584311
36.000,9.375,0.586351
36.250,9.375,0.588383
36.500,9.375,0.590409
36.750,9.375,0.592427
37.000,9.375,0.594439
37.250,9.375,0.596444
37.500,9.375,0.598442
37.750,9.375,0.600433
38.000,9.375,0.602418
38.250,9.375,0.604397
38.500,9.375,0.606368
38.750,9.375,0.608334
39.000,9.375,0.610293
39.250,9.375,0.612246
39.500,9.375,0.614193
39.750,9.375,0.616133
40.000,9.375,0.618068
40.250,9.375,0.619996
40.500,9.375,0.621919
40.750,9.375,0.623835
41.000,9.375,0.625746
41.250,9.375,0.627651
41.500,9.375,0.629550
41.750,9.375,0.631443
42.000,9.375,0.633331
42.250,9.375,0.635213
42.500,9.375,0.637090
42.750,9.375,0.638961
43.000,9.375,0.640827
43.250,9.375,0.642687
43.500,9.375,0.644541
43.750,9.375,0.646391
44.000,9.375,0.648235
44.250,9.375,0.650074
44.500,9.375,0.651908
44.750,9.375,0.653737
45.000,9.375,0.655560
1.000,9.500,0.099373
1.250,9.500,0.111102
1.500,9.500,0.121707
1.750,9.500,0.131458
2.000,9.500,0.140535
2.250,9.500,0.149059
2.500,9.500,0.157123
2.750,9.500,0.164791
3.000,9.500,0.172119
3.250,9.500,0.179147
3.500,9.500,0.185910
3.750,9.500,0.192435
4.000,9.500,0.198746
4.250,9.500,0.204863
4.500,9.500,0.210802
4.750,9.500,0.216578
5.000,9.500,0.222205
5.250,9.500,0.227692
5.500,9.500,0.233050
5.750,9.500,0.238288
6.000,9.500,0.243413
6.250,9.500,0.248432
6.500,9.500,0.253352
6.750,9.500,0.258179
7.000,9.500,0.262916
7.250,9.500,0.267570
7.500,9.500,0.272144
7.750,9.500,0.276643
8.000,9.500,0.281069
8.250,9.500,0.285427
8.500,9.500,0.289720
8.750,9.500,0.293949
9.000,9.500,0.298119
9.250,9.500,0.302231
9.500,9.500,0.306288
9.750,9.500,0.310292
10.000,9.500,0.314245
10.250,9.500,0.318149
10.500,9.500,0.322005
10.750,9.500,0.325816
11.000,9.500,0.329583
11.250,9.500,0.333307
11.500,9.500,0.336990
11.750,9.500,0.340633
12.000,9.500,0.344238
12.250,9.500,0.347805
12.500,9.500,0.351337
12.750,9.500,0.354833
13.000,9.500,0.358294
13.250,9.500,0.361723
13.500,9.500,0.365120
13.750,9.500,0.368485
14.000,9.500,0.371820
14.250,9.500,0.375125
14.500,9.500,0.378401
14.750,9.500,0.381649
15.000,9.500,0.384870
15.250,9.500,0.388064
15.500,9.500,0.391232
15.750,9.500,0.394374
16.000,9.500,0.397492
16.250,9.500,0.400585
16.500,9.500,0.403655
16.750,9.500,0.406702
17.000,9.500,0.409725
17.250,9.500,0.412727
17.500,9.500,0.415707
17.750,9.500,0.418666
18.000,9.500,0.421604
18.250,9.500,0.424522
18.500,9.500,0.427419
18.750,9.500,0.430298
19.000,9.500,0.433157
19.250,9.500,0.435997
19.500,9.500,0.438819
19.750,9.500,0.441623
20.000,9.500,0.444410
20.250,9.500,0.447178
20.500,9.500,0.449930
20.750,9.500,0.452666
21.000,9.500,0.455384
21.250,9.500,0.458087
21.500,9.500,0.460774
21.750,9.500,0.463445
22.000,9.500,0.466101
22.250,9.500,0.468741
22.500,9.500,0.471368
22.750,9.500,0.473979
23.000,9.500,0.476576
23.250,9.500,0.479159
23.500,9.500,0.481728
23.750,9.500,0.484284
24.000,9.500,0.486826
24.250,9.500,0.489355
24.500,9.500,0.491871
24.750,9.500,0.494374
25.000,9.500,0.496865
25.250,9.500,0.499343
25.500,9.500,0.501809
25.750,9.500,0.504263
26.000,9.500,0.506705
26.250,9.500,0.509135
26.500,9.500,0.511554
26.750,9.500,0.513961
27.000,9.500,0.516357
27.250,9.500,0.518742
27.500,9.500,0.521116
27.750,9.500,0.523480
28.000,9.500,0.525832
28.250,9.500,0.528175
28.500,9.500,0.530507
28.750,9.500,0.532828
29.000,9.500,0.535140
29.250,9.500,0.537442
29.500,9.500,0.539734
29.750,9.500,0.542016
30.000,9.500,0.544288
30.250,9.500,0.546551
30.500,9.500,0.548805
30.750,9.500,0.551050
31.000,9.500,0.553285
31.250,9.500,0.555512
31.500,9.500,0.557730
31.750,9.500,0.559938
32.000,9.500,0.562139
32.250,9.500,0.564330
32.500,9.500,0.566513
32.750,9.500,0.568688
33.000,9.500,0.570854
33.250,9.500,0.573013
33.500,9.500,0.575163
33.750,9.500,0.577305
34.000,9.500,0.579439
34.250,9.500,0.581566
34.500,9.500,0.583684
34.750,9.500,0.585795
35.000,9.500,0.587899
35.250,9.500,0.589994
35.500,9.500,0.592083
35.750,9.500,0.594164
36.000,9.500,0.596238
36.250,9.500,0.598305
36.500,9.500,0.600364
36.750,9.500,0.602417
37.000,9.500,0.604462
37.250,9.500,0.606501
37.500,9.500,0.608533
37.750,9.500,0.610558
38.000,9.500,0.612576
38.250,9.500,0.614588
38.500,9.500,0.616593
38.750,9.500,0.618592
39.000,9.500,0.620584
39.250,9.500,0.622570
39.500,9.500,0.624550
39.750,9.500,0.626523
40.000,9.500,0.628490
40.250,9.500,0.630451
40.500,9.500,0.632406
40.750,9.500,0.634355
41.000,9.500,0.636298
41.250,9.500,0.638235
41.500,9.500,0.640166
41.750,9.500,0.642091
42.000,9.500,0.644011
42.250,9.500,0.645924
42.500,9.500,0.647833
42.750,9.500,0.649735
43.000,9.500,0.651632
43.250,9.500,0.653524
43.500,9.500,0.655410
43.750,9.500,0.657291
44.000,9.500,0.659166
44.250,9.500,0.661036
44.500,9.500,0.662901
44.750,9.500,0.664760
45.000,9.500,0.666614
1.000,9.625,0.101021
1.250,9.625,0.112945
1.500,9.625,0.123725
1.750,9.625,0.133638
2.000,9.625,0.142865
2.250,9.625,0.151531
2.500,9.625,0.159728
2.750,9.625,0.167524
3.000,9.625,0.174973
3.250,9.625,0.182118
3.500,9.625,0.188993
3.750,9.625,0.195626
4.000,9.625,0.202042
4.250,9.625,0.208260
4.500,9.625,0.214298
4.750,9.625,0.220170
5.000,9.625,0.225890
5.250,9.625,0.231468
5.500,9.625,0.236915
5.750,9.625,0.242240
6.000,9.625,0.247450
6.250,9.625,0.252552
6.500,9.625,0.257554
6.750,9.625,0.262460
7.000,9.625,0.267276
7.250,9.625,0.272007
7.500,9.625,0.276657
7.750,9.625,0.281230
8.000,9.625,0.285730
8.250,9.625,0.290160
8.500,9.625,0.294524
8.750,9.625,0.298824
9.000,9.625,0.303063
9.250,9.625,0.307243
9.500,9.625,0.311367
9.750,9.625,0.315438
10.000,9.625,0.319456
10.250,9.625,0.323425
10.500,9.625,0.327345
10.750,9.625,0.331219
11.000,9.625,0.335048
11.250,9.625,0.338834
11.500,9.625,0.342578
11.750,9.625,0.346282
12.000,9.625,0.349947
12.250,9.625,0.353573
12.500,9.625,0.357163
12.750,9.625,0.360717
13.000,9.625,0.364236
13.250,9.625,0.367721
13.500,9.625,0.371174
13.750,9.625,0.374595
14.000,9.625,0.377985
14.250,9.625,0.381345
14.500,9.625,0.384676
14.750,9.625,0.387978
15.000,9.625,0.391252
15.250,9.625,0.394499
15.500,9.625,0.397720
15.750,9.625,0.400914
16.000,9.625,0.404083
16.250,9.625,0.407228
16.500,9.625,0.410349
16.750,9.625,0.413446
17.000,9.625,0.416520
17.250,9.625,0.419571
17.500,9.625,0.422601
17.750,9.625,0.425608
18.000,9.625,0.428595
18.250,9.625,0.431561
18.500,9.625,0.434507
18.750,9.625,0.437433
19.000,9.625,0.440340
19.250,9.625,0.443227
19.500,9.625,0.446096
19.750,9.625,0.448947
20.000,9.625,0.451779
20.250,9.625,0.454594
20.500,9.625,0.457391
20.750,9.625,0.460172
21.000,9.625,0.462936
21.250,9.625,0.465683
21.500,9.625,0.468414
21.750,9.625,0.471130
22.000,9.625,0.473830
22.250,9.625,0.476514
22.500,9.625,0.479184
22.750,9.625,0.481839
23.000,9.625,0.484479
23.250,9.625,0.487105
23.500,9.625,0.489717
23.750,9.625,0.492315
24.000,9.625,0.494899
24.250,9.625,0.497470
24.500,9.625,0.500028
24.750,9.625,0.502572
25.000,9.625,0.505104
25.250,9.625,0.507624
25.500,9.625,0.510130
25.750,9.625,0.512625
26.000,9.625,0.515107
26.250,9.625,0.517578
26.500,9.625,0.520037
26.750,9.625,0.522484
27.000,9.625,0.524920
27.250,9.625,0.527344
27.500,9.625,0.529758
27.750,9.625,0.532160
28.000,9.625,0.534552
28.250,9.625,0.536933
28.500,9.625,0.539304
28.750,9.625,0.541664
29.000,9.625,0.544014
29.250,9.625,0.546354
29.500,9.625,0.548684
29.750,9.625,0.551004
30.000,9.625,0.553314
30.250,9.625,0.555615
30.500,9.625,0.557906
30.750,9.625,0.560188
31.000,9.625,0.562460
31.250,9.625,0.564724
31.500,9.625,0.566978
31.750,9.625,0.569224
32.000,9.625,0.571460
32.250,9.625,0.573688
32.500,9.625,0.575908
32.750,9.625,0.578118
33.000,9.625,0.580321
33.250,9.625,0.582515
33.500,9.625,0.584701
33.750,9.625,0.586878
34.000,9.625,0.589048
34.250,9.625,0.591209
34.500,9.625,0.593363
34.750,9.625,0.595509
35.000,9.625,0.597647
35.250,9.625,0.599778
35.500,9.625,0.601901
35.750,9.625,0.604017
36.000,9.625,0.606125
36.250,9.625,0.608226
36.500,9.625,0.610320
36.750,9.625,0.612406
37.000,9.625,0.614486
37.250,9.625,0.616558
37.500,9.625,0.618624
37.750,9.625,0.620683
38.000,9.625,0.622734
38.250,9.625,0.624780
38.500,9.625,0.626818
38.750,9.625,0.628850
39.000,9.625,0.630875
39.250,9.625,0.632894
39.500,9.625,0.634906
39.750,9.625,0.636912
40.000,9.625,0.638912
40.250,9.625,0.640906
40.500,9.625,0.642893
40.750,9.625,0.644874
41.000,9.625,0.646849
41.250,9.625,0.648818
41.500,9.625,0.650781
41.750,9.625,0.652739
42.000,9.625,0.654690
42.250,9.625,0.656636
42.500,9.625,0.658575
42.750,9.625,0.660510
43.000,9.625,0.662438
43.250,9.625,0.664361
43.500,9.625,0.666278
43.750,9.625,0.668190
44.000,9.625,0.670097
44.250,9.625,0.671998
44.500,9.625,0.673893
44.750,9.625,0.675784
45.000,9.625,0.677669
1.000,9.750,0.102669
1.250,9.750,0.114787
1.500,9.750,0.125743
1.750,9.750,0.135818
2.000,9.750,0.145196
2.250,9.750,0.154003
2.500,9.750,0.162334
2.750,9.750,0.170257
3.000,9.750,0.177827
3.250,9.750,0.185089
3.500,9.750,0.192076
3.750,9.750,0.198817
4.000,9.750,0.205337
4.250,9.750,0.211657
4.500,9.750,0.217793
4.750,9.750,0.223761
5.000,9.750,0.229574
5.250,9.750,0.235244
5.500,9.750,0.240780
5.750,9.750,0.246191
6.000,9.750,0.251486
6.250,9.750,0.256672
6.500,9.750,0.261755
6.750,9.750,0.266741
7.000,9.750,0.271636
7.250,9.750,0.276444
7.500,9.750,0.281170
7.750,9.750,0.285818
8.000,9.750,0.290391
8.250,9.750,0.294893
8.500,9.750,0.299328
8.750,9.750,0.303698
9.000,9.750,0.308006
9.250,9.750,0.312255
9.500,9.750,0.316446
9.750,9.750,0.320583
10.000,9.750,0.324667
10.250,9.750,0.328700
10.500,9.750,0.332685
10.750,9.750,0.336622
11.000,9.750,0.340514
11.250,9.750,0.344361
11.500,9.750,0.348167
11.750,9.750,0.351931
12.000,9.750,0.355655
12.250,9.750,0.359341
12.500,9.750,0.362989
12.750,9.750,0.366601
13.000,9.750,0.370177
13.250,9.750,0.373720
13.500,9.750,0.377229
13.750,9.750,0.380706
14.000,9.750,0.384151
14.250,9.750,0.387566
14.500,9.750,0.390951
14.750,9.750,0.394307
15.000,9.750,0.397634
15.250,9.750,0.400934
15.500,9.750,0.404207
15.750,9.750,0.407454
16.000,9.750,0.410675
16.250,9.750,0.413871
16.500,9.750,0.417042
16.750,9.750,0.420190
17.000,9.750,0.423314
17.250,9.750,0.426415
17.500,9.750,0.429494
17.750,9.750,0.432551
18.000,9.750,0.435587
18.250,9.750,0.438601
18.500,9.750,0.441595
18.750,9.750,0.444569
19.000,9.750,0.447523
19.250,9.750,0.450457
19.500,9.750,0.453373
19.750,9.750,0.456270
20.000,9.750,0.459149
20.250,9.750,0.462009
20.500,9.750,0.464852
20.750,9.750,0.467678
21.000,9.750,0.470487
21.250,9.750,0.473279
21.500,9.750,0.476055
21.750,9.750,0.478815
22.000,9.750,0.481559
22.250,9.750,0.484287
22.500,9.750,0.487001
22.750,9.750,0.489699
23.000,9.750,0.492382
23.250,9.750,0.495051
23.500,9.750,0.497705
23.750,9.750,0.500346
24.000,9.750,0.502972
24.250,9.750,0.505585
24.500,9.750,0.508184
24.750,9.750,0.510770
25.000,9.750,0.513344
25.250,9.750,0.515904
25.500,9.750,0.518452
25.750,9.750,0.520987
26.000,9.750,0.523510
26.250,9.750,0.526021
26.500,9.750,0.528520
26.750,9.750,0.531007
27.000,9.750,0.533482
27.250,9.750,0.535947
27.500,9.750,0.538399
27.750,9.750,0.540841
28.000,9.750,0.543272
28.250,9.750,0.545692
28.500,9.750,0.548101
28.750,9.750,0.550500
29.000,9.750,0.552888
29.250,9.750,0.555266
29.500,9.750,0.557634
29.750,9.750,0.559992
30.000,9.750,0.562340
30.250,9.750,0.564678
30.500,9.750,0.567007
30.750,9.750,0.569326
31.000,9.750,0.571635
31.250,9.750,0.573936
31.500,9.750,0.576227
31.750,9.750,0.578509
32.000,9.750,0.580782
32.250,9.750,0.583046
32.500,9.750,0.585302
32.750,9.750,0.587549
33.000,9.750,0.589787
33.250,9.750,0.592017
33.500,9.750,0.594238
33.750,9.750,0.596451
34.000,9.750,0.598656
34.250,9.750,0.600853
34.500,9.750,0.603042
34.750,9.750,0.605223
35.000,9.750,0.607396
35.250,9.750,0.609562
35.500,9.750,0.611720
35.750,9.750,0.613870
36.000,9.750,0.616012
36.250,9.750,0.618148
36.500,9.750,0.620276
36.750,9.750,0.622396
37.000,9.750,0.624510
37.250,9.750,0.626616
37.500,9.750,0.628715
37.750,9.750,0.630807
38.000,9.750,0.632893
38.250,9.750,0.634971
38.500,9.750,0.637043
38.750,9.750,0.639108
39.000,9.750,0.641166
39.250,9.750,0.643218
39.500,9.750,0.645263
39.750,9.750,0.647302
40.000,9.750,0.649334
40.250,9.750,0.651360
40.500,9.750,0.653380
40.750,9.750,0.655393
41.000,9.750,0.657401
41.250,9.750,0.659402
41.500,9.750,0.661397
41.750,9.750,0.663386
42.000,9.750,0.665369
42.250,9.750,0.667347
42.500,9.750,0.669318
42.750,9.750,0.671284
43.000,9.750,0.673244
43.250,9.750,0.675198
43.500,9.750,0.677147
43.750,9.750,0.679090
44.000,9.750,0.681027
44.250,9.750,0.682959
44.500,9.750,0.684886
44.750,9.750,0.686807
45.000,9.750,0.688723
1.000,9.875,0.104317
1.250,9.875,0.116630
1.500,9.875,0.127761
1.750,9.875,0.137998
2.000,9.875,0.147526
2.250,9.875,0.156475
2.500,9.875,0.164939
2.750,9.875,0.172990
3.000,9.875,0.180682
3.250,9.875,0.188059
3.500,9.875,0.195158
3.750,9.875,0.202008
4.000,9.875,0.208633
4.250,9.875,0.215054
4.500,9.875,0.221289
4.750,9.875,0.227353
5.000,9.875,0.233259
5.250,9.875,0.239019
5.500,9.875,0.244644
5.750,9.875,0.250142
6.000,9.875,0.255522
6.250,9.875,0.260791
6.500,9.875,0.265956
6.750,9.875,0.271022
7.000,9.875,0.275996
7.250,9.875,0.280881
7.500,9.875,0.285683
7.750,9.875,0.290405
8.000,9.875,0.295052
8.250,9.875,0.299627
8.500,9.875,0.304133
8.750,9.875,0.308573
9.000,9.875,0.312950
9.250,9.875,0.317267
9.500,9.875,0.321525
9.750,9.875,0.325728
10.000,9.875,0.329878
10.250,9.875,0.333976
10.500,9.875,0.338024
10.750,9.875,0.342025
11.000,9.875,0.345979
11.250,9.875,0.349889
11.500,9.875,0.353755
11.750,9.875,0.357579
12.000,9.875,0.361363
12.250,9.875,0.365108
12.500,9.875,0.368815
12.750,9.875,0.372485
13.000,9.875,0.376119
13.250,9.875,0.379718
13.500,9.875,0.383284
13.750,9.875,0.386816
14.000,9.875,0.390317
14.250,9.875,0.393787
14.500,9.875,0.397226
14.750,9.875,0.400636
15.000,9.875,0.404016
15.250,9.875,0.407369
15.500,9.875,0.410695
15.750,9.875,0.413994
16.000,9.875,0.417266
16.250,9.875,0.420514
16.500,9.875,0.423736
16.750,9.875,0.426934
17.000,9.875,0.430108
17.250,9.875,0.433259
17.500,9.875,0.436388
17.750,9.875,0.439494
18.000,9.875,0.442578
18.250,9.875,0.445641
18.500,9.875,0.448683
18.750,9.875,0.451704
19.000,9.875,0.454706
19.250,9.875,0.457687
19.500,9.875,0.460650
19.750,9.875,0.463593
20.000,9.875,0.466518
20.250,9.875,0.469425
20.500,9.875,0.472313
20.750,9.875,0.475185
21.000,9.875,0.478039
21.250,9.875,0.480876
21.500,9.875,0.483696
21.750,9.875,0.486500
22.000,9.875,0.489288
22.250,9.875,0.492060
22.500,9.875,0.494817
22.750,9.875,0.497558
23.000,9.875,0.500285
23.250,9.875,0.502996
23.500,9.875,0.505693
23.750,9.875,0.508376
24.000,9.875,0.511045
24.250,9.875,0.513700
24.500,9.875,0.516341
24.750,9.875,0.518969
25.000,9.875,0.521583
25.250,9.875,0.524184
25.500,9.875,0.526773
25.750,9.875,0.529349
26.000,9.875,0.531912
26.250,9.875,0.534464
26.500,9.875,0.537003
26.750,9.875,0.539530
27.000,9.875,0.542045
27.250,9.875,0.544549
27.500,9.875,0.547041
27.750,9.875,0.549522
28.000,9.875,0.551992
28.250,9.875,0.554450
28.500,9.875,0.556898
28.750,9.875,0.559335
29.000,9.875,0.561762
29.250,9.875,0.564178
29.500,9.875,0.566584
29.750,9.875,0.568980
30.000,9.875,0.571366
30.250,9.875,0.573741
30.500,9.875,0.576107
30.750,9.875,0.578464
31.000,9.875,0.580810
31.250,9.875,0.583148
31.500,9.875,0.585475
31.750,9.875,0.587794
32.000,9.875,0.590104
32.250,9.875,0.592404
32.500,9.875,0.594696
32.750,9.875,0.596979
33.000,9.875,0.599253
33.250,9.875,0.601519
33.500,9.875,0.603776
33.750,9.875,0.606025
34.000,9.875,0.608265
34.250,9.875,0.610497
34.500,9.875,0.612721
34.750,9.875,0.614937
35.000,9.875,0.617145
35.250,9.875,0.619345
35.500,9.875,0.621538
35.750,9.875,0.623723
36.000,9.875,0.625900
36.250,9.875,0.628069
36.500,9.875,0.630231
36.750,9.875,0.632386
37.000,9.875,0.634533
37.250,9.875,0.636673
37.500,9.875,0.638806
37.750,9.875,0.640932
38.000,9.875,0.643051
38.250,9.875,0.645163
38.500,9.875,0.647267
38.750,9.875,0.649366
39.000,9.875,0.651457
39.250,9.875,0.653542
39.500,9.875,0.655620
39.750,9.875,0.657691
40.000,9.875,0.659756
40.250,9.875,0.661815
40.500,9.875,0.663867
40.750,9.875,0.665913
41.000,9.875,0.667952
41.250,9.875,0.669985
41.500,9.875,0.672013
41.750,9.875,0.674034
42.000,9.875,0.676049
42.250,9.875,0.678058
42.500,9.875,0.680061
42.750,9.875,0.682058
43.000,9.875,0.684050
43.250,9.875,0.686035
43.500,9.875,0.688015
43.750,9.875,0.689989
44.000,9.875,0.691958
44.250,9.875,0.693921
44.500,9.875,0.695879
44.750,9.875,0.697830
45.000,9.875,0.699777
1.000,10.000,0.105964
1.250,10.000,0.118472
1.500,10.000,0.129779
1.750,10.000,0.140178
2.000,10.000,0.149856
2.250,10.000,0.158947
2.500,10.000,0.167545
2.750,10.000,0.175722
3.000,10.000,0.183536
3.250,10.000,0.191030
3.500,10.000,0.198241
3.750,10.000,0.205199
4.000,10.000,0.211929
4.250,10.000,0.218451
4.500,10.000,0.224785
4.750,10.000,0.230944
5.000,10.000,0.236944
5.250,10.000,0.242795
5.500,10.000,0.248509
5.750,10.000,0.254094
6.000,10.000,0.259559
6.250,10.000,0.264911
6.500,10.000,0.270157
6.750,10.000,0.275304
7.000,10.000,0.280356
7.250,10.000,0.285318
7.500,10.000,0.290196
7.750,10.000,0.294993
8.000,10.000,0.299713
8.250,10.000,0.304360
8.500,10.000,0.308937
8.750,10.000,0.313447
9.000,10.000,0.317893
9.250,10.000,0.322278
9.500,10.000,0.326604
9.750,10.000,0.330874
10.000,10.000,0.335089
10.250,10.000,0.339252
10.500,10.000,0.343364
10.750,10.000,0.347428
11.000,10.000,0.351444
11.250,10.000,0.355416
11.500,10.000,0.359343
11.750,10.000,0.363228
12.000,10.000,0.367072
12.250,10.000,0.370876
12.500,10.000,0.374641
12.750,10.000,0.378369
13.000,10.000,0.382060
13.250,10.000,0.385716
13.500,10.000,0.389338
13.750,10.000,0.392927
14.000,10.000,0.396483
14.250,10.000,0.400007
14.500,10.000,0.403501
14.750,10.000,0.406964
15.000,10.000,0.410399
15.250,10.000,0.413804
15.500,10.000,0.417183
15.750,10.000,0.420533
16.000,10.000,0.423858
16.250,10.000,0.427156
16.500,10.000,0.430430
16.750,10.000,0.433678
17.000,10.000,0.436903
17.250,10.000,0.440103
17.500,10.000,0.443281
17.750,10.000,0.446436
18.000,10.000,0.449569
18.250,10.000,0.452680
18.500,10.000,0.455770
18.750,10.000,0.458840
19.000,10.000,0.461888
19.250,10.000,0.464917
19.500,10.000,0.467926
19.750,10.000,0.470916
20.000,10.000,0.473888
20.250,10.000,0.476840
20.500,10.000,0.479775
20.750,10.000,0.482691
21.000,10.000,0.485590
21.250,10.000,0.488472
21.500,10.000,0.491337
21.750,10.000,0.494185
22.000,10.000,0.497017
22.250,10.000,0.499833
22.500,10.000,0.502634
22.750,10.000,0.505418
23.000,10.000,0.508188
23.250,10.000,0.510942
23.500,10.000,0.513682
23.750,10.000,0.516407
24.000,10.000,0.519118
24.250,10.000,0.521814
24.500,10.000,0.524497
24.750,10.000,0.527167
25.000,10.000,0.529822
25.250,10.000,0.532465
25.500,10.000,0.535094
25.750,10.000,0.537711
26.000,10.000,0.540315
26.250,10.000,0.542906
26.500,10.000,0.545485
26.750,10.000,0.548052
27.000,10.000,0.550608
27.250,10.000,0.553151
27.500,10.000,0.555682
27.750,10.000,0.558202
28.000,10.000,0.560711
28.250,10.000,0.563209
28.500,10.000,0.565695
28.750,10.000,0.568171
29.000,10.000,0.570636
29.250,10.000,0.573090
29.500,10.000,0.575534
29.750,10.000,0.577968
30.000,10.000,0.580391
30.250,10.000,0.582805
30.500,10.000,0.585208
30.750,10.000,0.587601
31.000,10.000,0.589985
31.250,10.000,0.592359
31.500,10.000,0.594724
31.750,10.000,0.597079
32.000,10.000,0.599426
32.250,10.000,0.601762
32.500,10.000,0.604090
32.750,10.000,0.606409
33.000,10.000,0.608720
33.250,10.000,0.611021
33.500,10.000,0.613314
33.750,10.000,0.615598
34.000,10.000,0.617874
34.250,10.000,0.620141
34.500,10.000,0.622400
34.750,10.000,0.624651
35.000,10.000,0.626894
35.250,10.000,0.629129
35.500,10.000,0.631356
35.750,10.000,0.633575
36.000,10.000,0.635787
36.250,10.000,0.637991
36.500,10.000,0.640187
36.750,10.000,0.642375
37.000,10.000,0.644557
37.250,10.000,0.646731
37.500,10.000,0.648897
37.750,10.000,0.651057
38.000,10.000,0.653209
38.250,10.000,0.655354
38.500,10.000,0.657492
38.750,10.000,0.659623
39.000,10.000,0.661748
39.250,10.000,0.663865
39.500,10.000,0.665976
39.750,10.000,0.668081
40.000,10.000,0.670178
40.250,10.000,0.672269
40.500,10.000,0.674354
40.750,10.000,0.676432
41.000,10.000,0.678504
41.250,10.000,0.680569
41.500,10.000,0.682628
41.750,10.000,0.684681
42.000,10.000,0.686728
42.250,10.000,0.688769
42.500,10.000,0.690804
42.750,10.000,0.692833
43.000,10.000,0.694855
43.250,10.000,0.696872
43.500,10.000,0.698884
43.750,10.000,0.700889
44.000,10.000,0.702889
44.250,10.000,0.704883
44.500,10.000,0.706871
44.750,10.000,0.708854
45.000,10.000,0.710831
1.000,10.125,0.107612
1.250,10.125,0.120314
1.500,10.125,0.131798
1.750,10.125,0.142358
2.000,10.125,0.152187
2.250,10.125,0.161419
2.500,10.125,0.170150
2.750,10.125,0.178455
3.000,10.125,0.186390
3.250,10.125,0.194001
3.500,10.125,0.201324
3.750,10.125,0.208390
4.000,10.125,0.215225
4.250,10.125,0.221849
4.500,10.125,0.228280
4.750,10.125,0.234536
5.000,10.125,0.240628
5.250,10.125,0.246571
5.500,10.125,0.252373
5.750,10.125,0.258045
6.000,10.125,0.263595
6.250,10.125,0.269031
6.500,10.125,0.274359
6.750,10.125,0.279585
7.000,10.125,0.284715
7.250,10.125,0.289755
7.500,10.125,0.294709
7.750,10.125,0.299580
8.000,10.125,0.304374
8.250,10.125,0.309093
8.500,10.125,0.313741
8.750,10.125,0.318322
9.000,10.125,0.322837
9.250,10.125,0.327290
9.500,10.125,0.331683
9.750,10.125,0.336019
10.000,10.125,0.340300
10.250,10.125,0.344528
10.500,10.125,0.348704
10.750,10.125,0.352831
11.000,10.125,0.356910
11.250,10.125,0.360943
11.500,10.125,0.364931
11.750,10.125,0.368876
12.000,10.125,0.372780
12.250,10.125,0.376643
12.500,10.125,0.380467
12.750,10.125,0.384253
13.000,10.125,0.388002
13.250,10.125,0.391715
13.500,10.125,0.395393
13.750,10.125,0.399037
14.000,10.125,0.402648
14.250,10.125,0.406228
14.500,10.125,0.409776
14.750,10.125,0.413293
15.000,10.125,0.416781
15.250,10.125,0.420240
15.500,10.125,0.423670
15.750,10.125,0.427073
16.000,10.125,0.430449
16.250,10.125,0.433799
16.500,10.125,0.437123
16.750,10.125,0.440422
17.000,10.125,0.443697
17.250,10.125,0.446948
17.500,10.125,0.450175
17.750,10.125,0.453379
18.000,10.125,0.456560
18.250,10.125,0.459720
18.500,10.125,0.462858
18.750,10.125,0.465975
19.000,10.125,0.469071
19.250,10.125,0.472147
19.500,10.125,0.475203
19.750,10.125,0.478240
20.000,10.125,0.481257
20.250,10.125,0.484256
20.500,10.125,0.487236
20.750,10.125,0.490198
21.000,10.125,0.493142
21.250,10.125,0.496068
21.500,10.125,0.498978
21.750,10.125,0.501871
22.000,10.125,0.504747
22.250,10.125,0.507606
22.500,10.125,0.510450
22.750,10.125,0.513278
23.000,10.125,0.516091
23.250,10.125,0.518888
23.500,10.125,0.521670
23.750,10.125,0.524438
24.000,10.125,0.527191
24.250,10.125,0.529929
24.500,10.125,0.532654
24.750,10.125,0.535365
25.000,10.125,0.538062
25.250,10.125,0.540745
25.500,10.125,0.543416
25.750,10.125,0.546073
26.000,10.125,0.548717
26.250,10.125,0.551349
26.500,10.125,0.553968
26.750,10.125,0.556575
27.000,10.125,0.559170
27.250,10.125,0.561753
27.500,10.125,0.564324
27.750,10.125,0.566883
28.000,10.125,0.569431
28.250,10.125,0.571967
28.500,10.125,0.574493
28.750,10.125,0.577007
29.000,10.125,0.579510
29.250,10.125,0.582003
29.500,10.125,0.584485
29.750,10.125,0.586956
30.000,10.125,0.589417
30.250,10.125,0.591868
30.500,10.125,0.594309
30.750,10.125,0.596739
31.000,10.125,0.599160
31.250,10.125,0.601571
31.500,10.125,0.603973
31.750,10.125,0.606365
32.000,10.125,0.608747
32.250,10.125,0.611121
32.500,10.125,0.613485
32.750,10.125,0.615840
33.000,10.125,0.618186
33.250,10.125,0.620523
33.500,10.125,0.622851
33.750,10.125,0.625171
34.000,10.125,0.627482
34.250,10.125,0.629785
34.500,10.125,0.632079
34.750,10.125,0.634365
35.000,10.125,0.636643
35.250,10.125,0.638913
35.500,10.125,0.641174
35.750,10.125,0.643428
36.000,10.125,0.645674
36.250,10.125,0.647912
36.500,10.125,0.650142
36.750,10.125,0.652365
37.000,10.125,0.654580
37.250,10.125,0.656788
37.500,10.125,0.658988
37.750,10.125,0.661181
38.000,10.125,0.663367
38.250,10.125,0.665546
38.500,10.125,0.667717
38.750,10.125,0.669881
39.000,10.125,0.672039
39.250,10.125,0.674189
39.500,10.125,0.676333
39.750,10.125,0.678470
40.000,10.125,0.680600
40.250,10.125,0.682724
40.500,10.125,0.684841
40.750,10.125,0.686951
41.000,10.125,0.689055
41.250,10.125,0.691153
41.500,10.125,0.693244
41.750,10.125,0.695329
42.000,10.125,0.697408
42.250,10.125,0.699480
42.500,10.125,0.701547
42.750,10.125,0.703607
43.000,10.125,0.705661
43.250,10.125,0.707710
43.500,10.125,0.709752
43.750,10.125,0.711789
44.000,10.125,0.713819
44.250,10.125,0.715844
44.500,10.125,0.717864
44.750,10.125,0.719877
45.000,10.125,0.721885
1.000,10.250,0.109260
1.250,10.250,0.122157
1.500,10.250,0.133816
1.750,10.250,0.144538
2.000,10.250,0.154517
2.250,10.250,0.163890
2.500,10.250,0.172756
2.750,10.250,0.181188
3.000,10.250,0.189244
3.250,10.250,0.196972
3.500,10.250,0.204407
3.750,10.250,0.211581
4.000,10.250,0.218520
4.250,10.250,0.225246
4.500,10.250,0.231776
4.750,10.250,0.238127
5.000,10.250,0.244313
5.250,10.250,0.250347
5.500,10.250,0.256238
5.750,10.250,0.261997
6.000,10.250,0.267632
6.250,10.250,0.273151
6.500,10.250,0.278560
6.750,10.250,0.283866
7.000,10.250,0.289075
7.250,10.250,0.294192
7.500,10.250,0.299221
7.750,10.250,0.304168
8.000,10.250,0.309035
8.250,10.250,0.313826
8.500,10.250,0.318545
8.750,10.250,0.323196
9.000,10.250,0.327781
9.250,10.250,0.332302
9.500,10.250,0.336763
9.750,10.250,0.341165
10.000,10.250,0.345511
10.250,10.250,0.349803
10.500,10.250,0.354044
10.750,10.250,0.358234
11.000,10.250,0.362375
11.250,10.250,0.366470
11.500,10.250,0.370519
11.750,10.250,0.374525
12.000,10.250,0.378488
12.250,10.250,0.382411
12.500,10.250,0.386293
12.750,10.250,0.390137
13.000,10.250,0.393943
13.250,10.250,0.397713
13.500,10.250,0.401448
13.750,10.250,0.405148
14.000,10.250,0.408814
14.250,10.250,0.412448
14.500,10.250,0.416050
14.750,10.250,0.419622
15.000,10.250,0.423163
15.250,10.250,0.426675
15.500,10.250,0.430158
15.750,10.250,0.433613
16.000,10.250,0.437041
16.250,10.250,0.440442
16.500,10.250,0.443817
16.750,10.250,0.447167
17.000,10.250,0.450491
17.250,10.250,0.453792
17.500,10.250,0.457068
17.750,10.250,0.460321
18.000,10.250,0.463552
18.250,10.250,0.466760
18.500,10.250,0.469946
18.750,10.250,0.473111
19.000,10.250,0.476254
19.250,10.250,0.479377
19.500,10.250,0.482480
19.750,10.250,0.485563
20.000,10.250,0.488626
20.250,10.250,0.491671
20.500,10.250,0.494697
20.750,10.250,0.497704
21.000,10.250,0.500693
21.250,10.250,0.503665
21.500,10.250,0.506619
21.750,10.250,0.509556
22.000,10.250,0.512476
22.250,10.250,0.515379
22.500,10.250,0.518267
22.750,10.250,0.521138
23.000,10.250,0.523994
23.250,10.250,0.526834
23.500,10.250,0.529658
23.750,10.250,0.532468
24.000,10.250,0.535263
24.250,10.250,0.538044
24.500,10.250,0.540810
24.750,10.250,0.543563
25.000,10.250,0.546301
25.250,10.250,0.549026
25.500,10.250,0.551737
25.750,10.250,0.554435
26.000,10.250,0.557120
26.250,10.250,0.559792
26.500,10.250,0.562451
26.750,10.250,0.565098
27.000,10.250,0.567733
27.250,10.250,0.570355
27.500,10.250,0.572965
27.750,10.250,0.575564
28.000,10.250,0.578151
28.250,10.250,0.580726
28.500,10.250,0.583290
28.750,10.250,0.585843
29.000,10.250,0.588384
29.250,10.250,0.590915
29.500,10.250,0.593435
29.750,10.250,0.595944
30.000,10.250,0.598443
30.250,10.250,0.600931
30.500,10.250,0.603409
30.750,10.250,0.605877
31.000,10.250,0.608335
31.250,10.250,0.610783
31.500,10.250,0.613221
31.750,10.250,0.615650
32.000,10.250,0.618069
32.250,10.250,0.620479
32.500,10.250,0.622879
32.750,10.250,0.625270
33.000,10.250,0.627652
33.250,10.250,0.630025
33.500,10.250,0.632389
33.750,10.250,0.634744
34.000,10.250,0.637091
34.250,10.250,0.639429
34.500,10.250,0.641758
34.750,10.250,0.644079
35.000,10.250,0.646392
35.250,10.250,0.648697
35.500,10.250,0.650993
35.750,10.250,0.653281
36.000,10.250,0.655561
36.250,10.250,0.657834
36.500,10.250,0.660098
36.750,10.250,0.662355
37.000,10.250,0.664604
37.250,10.250,0.666845
37.500,10.250,0.669079
37.750,10.250,0.671306
38.000,10.250,0.673525
38.250,10.250,0.675737
38.500,10.250,0.677942
38.750,10.250,0.680139
39.000,10.250,0.682330
39.250,10.250,0.684513
39.500,10.250,0.686690
39.750,10.250,0.688859
40.000,10.250,0.691022
40.250,10.250,0.693178
40.500,10.250,0.695328
40.750,10.250,0.697470
41.000,10.250,0.699607
41.250,10.250,0.701736
41.500,10.250,0.703860
41.750,10.250,0.705976
42.000,10.250,0.708087
42.250,10.250,0.710191
42.500,10.250,0.712289
42.750,10.250,0.714381
43.000,10.250,0.716467
43.250,10.250,0.718547
43.500,10.250,0.720621
43.750,10.250,0.722688
44.000,10.250,0.724750
44.250,10.250,0.726806
44.500,10.250,0.728856
44.750,10.250,0.730901
45.000,10.250,0.732940
1.000,10.375,0.110908
1.250,10.375,0.123999
1.500,10.375,0.135834
1.750,10.375,0.146718
2.000,10.375,0.156848
2.250,10.375,0.166362
2.500,10.375,0.175361
2.750,10.375,0.183920
3.000,10.375,0.192098
3.250,10.375,0.199942
3.500,10.375,0.207490
3.750,10.375,0.214773
4.000,10.375,0.221816
4.250,10.375,0.228643
4.500,10.375,0.235272
4.750,10.375,0.241719
5.000,10.375,0.247998
5.250,10.375,0.254122
5.500,10.375,0.260102
5.750,10.375,0.265948
6.000,10.375,0.271668
6.250,10.375,0.277270
6.500,10.375,0.282761
6.750,10.375,0.288148
7.000,10.375,0.293435
7.250,10.375,0.298629
7.500,10.375,0.303734
7.750,10.375,0.308755
8.000,10.375,0.313695
8.250,10.375,0.318559
8.500,10.375,0.323350
8.750,10.375,0.328070
9.000,10.375,0.332724
9.250,10.375,0.337314
9.500,10.375,0.341842
9.750,10.375,0.346310
10.000,10.375,0.350722
10.250,10.375,0.355079
10.500,10.375,0.359383
10.750,10.375,0.363636
11.000,10.375,0.367840
11.250,10.375,0.371997
11.500,10.375,0.376108
11.750,10.375,0.380174
12.000,10.375,0.384197
12.250,10.375,0.388178
12.500,10.375,0.392119
12.750,10.375,0.396021
13.000,10.375,0.399885
13.250,10.375,0.403711
13.500,10.375,0.407502
13.750,10.375,0.411258
14.000,10.375,0.414980
14.250,10.375,0.418669
14.500,10.375,0.422325
14.750,10.375,0.425951
15.000,10.375,0.429545
15.250,10.375,0.433110
15.500,10.375,0.436646
15.750,10.375,0.440153
16.000,10.375,0.443632
16.250,10.375,0.447085
16.500,10.375,0.450511
16.750,10.375,0.453911
17.000,10.375,0.457286
17.250,10.375,0.460636
17.500,10.375,0.463962
17.750,10.375,0.467264
18.000,10.375,0.470543
18.250,10.375,0.473799
18.500,10.375,0.477034
18.750,10.375,0.480246
19.000,10.375,0.483437
19.250,10.375,0.486607
19.500,10.375,0.489757
19.750,10.375,0.492886
20.000,10.375,0.495996
20.250,10.375,0.499086
20.500,10.375,0.502158
20.750,10.375,0.505210
21.000,10.375,0.508245
21.250,10.375,0.511261
21.500,10.375,0.514260
21.750,10.375,0.517241
22.000,10.375,0.520205
22.250,10.375,0.523152
22.500,10.375,0.526083
22.750,10.375,0.528998
23.000,10.375,0.531896
23.250,10.375,0.534779
23.500,10.375,0.537647
23.750,10.375,0.540499
24.000,10.375,0.543336
24.250,10.375,0.546159
24.500,10.375,0.548967
24.750,10.375,0.551761
25.000,10.375,0.554540
25.250,10.375,0.557306
25.500,10.375,0.560058
25.750,10.375,0.562797
26.000,10.375,0.565522
26.250,10.375,0.568235
26.500,10.375,0.570934
26.750,10.375,0.573621
27.000,10.375,0.576295
27.250,10.375,0.578957
27.500,10.375,0.581607
27.750,10.375,0.584245
28.000,10.375,0.586870
28.250,10.375,0.589484
28.500,10.375,0.592087
28.750,10.375,0.594678
29.000,10.375,0.597258
29.250,10.375,0.599827
29.500,10.375,0.602385
29.750,10.375,0.604932
30.000,10.375,0.607469
30.250,10.375,0.609994
30.500,10.375,0.612510
30.750,10.375,0.615015
31.000,10.375,0.617510
31.250,10.375,0.619995
31.500,10.375,0.622470
31.750,10.375,0.624935
32.000,10.375,0.627391
32.250,10.375,0.629837
32.500,10.375,0.632273
32.750,10.375,0.634700
33.000,10.375,0.637118
33.250,10.375,0.639527
33.500,10.375,0.641927
33.750,10.375,0.644318
34.000,10.375,0.646700
34.250,10.375,0.649073
34.500,10.375,0.651437
34.750,10.375,0.653793
35.000,10.375,0.656141
35.250,10.375,0.658480
35.500,10.375,0.660811
35.750,10.375,0.663134
36.000,10.375,0.665448
36.250,10.375,0.667755
36.500,10.375,0.670054
36.750,10.375,0.672344
37.000,10.375,0.674627
37.250,10.375,0.676903
37.500,10.375,0.679170
37.750,10.375,0.681431
38.000,10.375,0.683683
38.250,10.375,0.685929
38.500,10.375,0.688166
38.750,10.375,0.690397
39.000,10.375,0.692621
39.250,10.375,0.694837
39.500,10.375,0.697046
39.750,10.375,0.699249
40.000,10.375,0.701444
40.250,10.375,0.703633
40.500,10.375,0.705815
40.750,10.375,0.707990
41.000,10.375,0.710158
41.250,10.375,0.712320
41.500,10.375,0.714475
41.750,10.375,0.716624
42.000,10.375,0.718766
42.250,10.375,0.720902
42.500,10.375,0.723032
42.750,10.375,0.725156
43.000,10.375,0.727273
43.250,10.375,0.729384
43.500,10.375,0.731489
43.750,10.375,0.733588
44.000,10.375,0.735681
44.250,10.375,0.737768
44.500,10.375,0.739849
44.750,10.375,0.741924
45.000,10.375,0.743994
1.000,10.500,0.112556
1.250,10.500,0.125841
1.500,10.500,0.137852
1.750,10.500,0.148898
2.000,10.500,0.159178
2.250,10.500,0.168834
2.500,10.500,0.177967
2.750,10.500,0.186653
3.000,10.500,0.194953
3.250,10.500,0.202913
3.500,10.500,0.210573
3.750,10.500,0.217964
4.000,10.500,0.225112
4.250,10.500,0.232040
4.500,10.500,0.238767
4.750,10.500,0.245310
5.000,10.500,0.251683
5.250,10.500,0.257898
5.500,10.500,0.263967
5.750,10.500,0.269900
6.000,10.500,0.275705
6.250,10.500,0.281390
6.500,10.500,0.286962
6.750,10.500,0.292429
7.000,10.500,0.297795
7.250,10.500,0.303066
7.500,10.500,0.308247
7.750,10.500,0.313342
8.000,10.500,0.318356
8.250,10.500,0.323292
8.500,10.500,0.328154
8.750,10.500,0.332945
9.000,10.500,0.337668
9.250,10.500,0.342326
9.500,10.500,0.346921
9.750,10.500,0.351456
10.000,10.500,0.355933
10.250,10.500,0.360355
10.500,10.500,0.364723
10.750,10.500,0.369039
11.000,10.500,0.373306
11.250,10.500,0.377524
11.500,10.500,0.381696
11.750,10.500,0.385822
12.000,10.500,0.389905
12.250,10.500,0.393946
12.500,10.500,0.397945
12.750,10.500,0.401905
13.000,10.500,0.405826
13.250,10.500,0.409710
13.500,10.500,0.413557
13.750,10.500,0.417369
14.000,10.500,0.421146
14.250,10.500,0.424889
14.500,10.500,0.428600
14.750,10.500,0.432279
15.000,10.500,0.435927
15.250,10.500,0.439545
15.500,10.500,0.443133
15.750,10.500,0.446693
16.000,10.500,0.450224
16.250,10.500,0.453727
16.500,10.500,0.457204
16.750,10.500,0.460655
17.000,10.500,0.464080
17.250,10.500,0.467480
17.500,10.500,0.470855
17.750,10.500,0.474207
18.000,10.500,0.477534
18.250,10.500,0.480839
18.500,10.500,0.484121
18.750,10.500,0.487382
19.000,10.500,0.490620
19.250,10.500,0.493837
19.500,10.500,0.497034
19.750,10.500,0.500210
20.000,10.500,0.503365
20.250,10.500,0.506502
20.500,10.500,0.509619
20.750,10.500,0.512717
21.000,10.500,0.515796
21.250,10.500,0.518857
21.500,10.500,0.521900
21.750,10.500,0.524926
22.000,10.500,0.527934
22.250,10.500,0.530925
22.500,10.500,0.533900
22.750,10.500,0.536858
23.000,10.500,0.539799
23.250,10.500,0.542725
23.500,10.500,0.545635
23.750,10.500,0.548530
24.000,10.500,0.551409
24.250,10.500,0.554274
24.500,10.500,0.557123
24.750,10.500,0.559959
25.000,10.500,0.562780
25.250,10.500,0.565587
25.500,10.500,0.568380
25.750,10.500,0.571159
26.000,10.500,0.573925
26.250,10.500,0.576678
26.500,10.500,0.579417
26.750,10.500,0.582144
27.000,10.500,0.584858
27.250,10.500,0.587559
27.500,10.500,0.590248
27.750,10.500,0.592925
28.000,10.500,0.595590
28.250,10.500,0.598243
28.500,10.500,0.600884
28.750,10.500,0.603514
29.000,10.500,0.606132
29.250,10.500,0.608739
29.500,10.500,0.611335
29.750,10.500,0.613920
30.000,10.500,0.616494
30.250,10.500,0.619058
30.500,10.500,0.621610
30.750,10.500,0.624153
31.000,10.500,0.626685
31.250,10.500,0.629207
31.500,10.500,0.631719
31.750,10.500,0.634220
32.000,10.500,0.636713
32.250,10.500,0.639195
32.500,10.500,0.641668
32.750,10.500,0.644131
33.000,10.500,0.646585
33.250,10.500,0.649029
33.500,10.500,0.651465
33.750,10.500,0.653891
34.000,10.500,0.656308
34.250,10.500,0.658717
34.500,10.500,0.661116
34.750,10.500,0.663507
35.000,10.500,0.665890
35.250,10.500,0.668264
35.500,10.500,0.670629
35.750,10.500,0.672987
36.000,10.500,0.675336
36.250,10.500,0.677676
36.500,10.500,0.680009
36.750,10.500,0.682334
37.000,10.500,0.684651
37.250,10.500,0.686960
37.500,10.500,0.689262
37.750,10.500,0.691555
38.000,10.500,0.693841
38.250,10.500,0.696120
38.500,10.500,0.698391
38.750,10.500,0.700655
39.000,10.500,0.702912
39.250,10.500,0.705161
39.500,10.500,0.707403
39.750,10.500,0.709638
40.000,10.500,0.711866
40.250,10.500,0.714087
40.500,10.500,0.716302
40.750,10.500,0.718509
41.000,10.500,0.720710
41.250,10.500,0.722904
41.500,10.500,0.725091
41.750,10.500,0.727272
42.000,10.500,0.729446
42.250,10.500,0.731614
42.500,10.500,0.733775
42.750,10.500,0.735930
43.000,10.500,0.738079
43.250,10.500,0.740221
43.500,10.500,0.742357
43.750,10.500,0.744488
44.000,10.500,0.746612
44.250,10.500,0.748730
44.500,10.500,0.750842
44.750,10.500,0.752948
45.000,10.500,0.755048
1.000,10.625,0.114204
1.250,10.625,0.127684
1.500,10.625,0.139871
1.750,10.625,0.151077
2.000,10.625,0.161509
2.250,10.625,0.171306
2.500,10.625,0.180572
2.750,10.625,0.189386
3.000,10.625,0.197807
3.250,10.625,0.205884
3.500,10.625,0.213656
3.750,10.625,0.221155
4.000,10.625,0.228408
4.250,10.625,0.235437
4.500,10.625,0.242263
4.750,10.625,0.248901
5.000,10.625,0.255367
5.250,10.625,0.261674
5.500,10.625,0.267832
5.750,10.625,0.273851
6.000,10.625,0.279741
6.250,10.625,0.285510
6.500,10.625,0.291164
6.750,10.625,0.296710
7.000,10.625,0.302155
7.250,10.625,0.307503
7.500,10.625,0.312760
7.750,10.625,0.317930
8.000,10.625,0.323017
8.250,10.625,0.328025
8.500,10.625,0.332958
8.750,10.625,0.337819
9.000,10.625,0.342611
9.250,10.625,0.347337
9.500,10.625,0.352000
9.750,10.625,0.356601
10.000,10.625,0.361144
10.250,10.625,0.365631
10.500,10.625,0.370063
10.750,10.625,0.374442
11.000,10.625,0.378771
11.250,10.625,0.383051
11.500,10.625,0.387284
11.750,10.625,0.391471
12.000,10.625,0.395614
12.250,10.625,0.399713
12.500,10.625,0.403771
12.750,10.625,0.407789
13.000,10.625,0.411768
13.250,10.625,0.415708
13.500,10.625,0.419612
13.750,10.625,0.423479
14.000,10.625,0.427312
14.250,10.625,0.431110
14.500,10.625,0.434875
14.750,10.625,0.438608
15.000,10.625,0.442309
15.250,10.625,0.445980
15.500,10.625,0.449621
15.750,10.625,0.453232
16.000,10.625,0.456815
16.250,10.625,0.460370
16.500,10.625,0.463898
16.750,10.625,0.467399
17.000,10.625,0.470874
17.250,10.625,0.474324
17.500,10.625,0.477749
17.750,10.625,0.481149
18.000,10.625,0.484526
18.250,10.625,0.487879
18.500,10.625,0.491209
18.750,10.625,0.494517
19.000,10.625,0.497803
19.250,10.625,0.501067
19.500,10.625,0.504310
19.750,10.625,0.507533
20.000,10.625,0.510735
20.250,10.625,0.513917
20.500,10.625,0.517080
20.750,10.625,0.520223
21.000,10.625,0.523348
21.250,10.625,0.526454
21.500,10.625,0.529541
21.750,10.625,0.532611
22.000,10.625,0.535663
22.250,10.625,0.538698
22.500,10.625,0.541716
22.750,10.625,0.544717
23.000,10.625,0.547702
23.250,10.625,0.550671
23.500,10.625,0.553623
23.750,10.625,0.556560
24.000,10.625,0.559482
24.250,10.625,0.562389
24.500,10.625,0.565280
24.750,10.625,0.568157
25.000,10.625,0.571019
25.250,10.625,0.573867
25.500,10.625,0.576701
25.750,10.625,0.579521
26.000,10.625,0.582327
26.250,10.625,0.585120
26.500,10.625,0.587900
26.750,10.625,0.590667
27.000,10.625,0.593420
27.250,10.625,0.596161
27.500,10.625,0.598890
27.750,10.625,0.601606
28.000,10.625,0.604310
28.250,10.625,0.607002
28.500,10.625,0.609681
28.750,10.625,0.612350
29.000,10.625,0.615006
29.250,10.625,0.617652
29.500,10.625,0.620285
29.750,10.625,0.622908
30.000,10.625,0.625520
30.250,10.625,0.628121
30.500,10.625,0.630711
30.750,10.625,0.633291
31.000,10.625,0.635860
31.250,10.625,0.638419
31.500,10.625,0.640967
31.750,10.625,0.643506
32.000,10.625,0.646034
32.250,10.625,0.648553
32.500,10.625,0.651062
32.750,10.625,0.653561
33.000,10.625,0.656051
33.250,10.625,0.658531
33.500,10.625,0.661002
33.750,10.625,0.663464
34.000,10.625,0.665917
34.250,10.625,0.668361
34.500,10.625,0.670795
34.750,10.625,0.673221
35.000,10.625,0.675639
35.250,10.625,0.678048
35.500,10.625,0.680448
35.750,10.625,0.682839
36.000,10.625,0.685223
36.250,10.625,0.687598
36.500,10.625,0.689965
36.750,10.625,0.692324
37.000,10.625,0.694675
37.250,10.625,0.697018
37.500,10.625,0.699353
37.750,10.625,0.701680
38.000,10.625,0.704000
38.250,10.625,0.706312
38.500,10.625,0.708616
38.750,10.625,0.710913
39.000,10.625,0.713203
39.250,10.625,0.715485
39.500,10.625,0.717760
39.750,10.625,0.720028
40.000,10.625,0.722288
40.250,10.625,0.724542
40.500,10.625,0.726789
40.750,10.625,0.729028
41.000,10.625,0.731261
41.250,10.625,0.733487
41.500,10.625,0.735707
41.750,10.625,0.737919
42.000,10.625,0.740125
42.250,10.625,0.742325
42.500,10.625,0.744518
42.750,10.625,0.746704
43.000,10.625,0.748884
43.250,10.625,0.751058
43.500,10.625,0.753226
43.750,10.625,0.755387
44.000,10.625,0.757542
44.250,10.625,0.759691
44.500,10.625,0.761834
44.750,10.625,0.763971
45.000,10.625,0.766102
1.000,10.750,0.115852
1.250,10.750,0.129526
1.500,10.750,0.141889
1.750,10.750,0.153257
2.000,10.750,0.163839
2.250,10.750,0.173778
2.500,10.750,0.183178
2.750,10.750,0.192118
3.000,10.750,0.200661
3.250,10.750,0.208855
3.500,10.750,0.216739
3.750,10.750,0.224346
4.000,10.750,0.231703
4.250,10.750,0.238834
4.500,10.750,0.245759
4.750,10.750,0.252493
5.000,10.750,0.259052
5.250,10.750,0.265450
5.500,10.750,0.271696
5.750,10.750,0.277803
6.000,10.750,0.283777
6.250,10.750,0.289629
6.500,10.750,0.295365
6.750,10.750,0.300991
7.000,10.750,0.306515
7.250,10.750,0.311940
7.500,10.750,0.317273
7.750,10.750,0.322517
8.000,10.750,0.327678
8.250,10.750,0.332759
8.500,10.750,0.337763
8.750,10.750,0.342694
9.000,10.750,0.347555
9.250,10.750,0.352349
9.500,10.750,0.357079
9.750,10.750,0.361747
10.000,10.750,0.366355
10.250,10.750,0.370906
10.500,10.750,0.375402
10.750,10.750,0.379845
11.000,10.750,0.384237
11.250,10.750,0.388578
11.500,10.750,0.392872
11.750,10.750,0.397120
12.000,10.750,0.401322
12.250,10.750,0.405481
12.500,10.750,0.409598
12.750,10.750,0.413673
13.000,10.750,0.417709
13.250,10.750,0.421706
13.500,10.750,0.425666
13.750,10.750,0.429589
14.000,10.750,0.433477
14.250,10.750,0.437330
14.500,10.750,0.441150
14.750,10.750,0.444937
15.000,10.750,0.448692
15.250,10.750,0.452415
15.500,10.750,0.456108
15.750,10.750,0.459772
16.000,10.750,0.463407
16.250,10.750,0.467013
16.500,10.750,0.470592
16.750,10.750,0.474143
17.000,10.750,0.477669
17.250,10.750,0.481168
17.500,10.750,0.484642
17.750,10.750,0.488092
18.000,10.750,0.491517
18.250,10.750,0.494919
18.500,10.750,0.498297
18.750,10.750,0.501652
19.000,10.750,0.504986
19.250,10.750,0.508297
19.500,10.750,0.511587
19.750,10.750,0.514856
20.000,10.750,0.518104
20.250,10.750,0.521333
20.500,10.750,0.524541
20.750,10.750,0.527729
21.000,10.750,0.530899
21.250,10.750,0.534050
21.500,10.750,0.537182
21.750,10.750,0.540296
22.000,10.750,0.543393
22.250,10.750,0.546471
22.500,10.750,0.549533
22.750,10.750,0.552577
23.000,10.750,0.555605
23.250,10.750,0.558617
23.500,10.750,0.561612
23.750,10.750,0.564591
24.000,10.750,0.567555
24.250,10.750,0.570503
24.500,10.750,0.573437
24.750,10.750,0.576355
25.000,10.750,0.579258
25.250,10.750,0.582147
25.500,10.750,0.585022
25.750,10.750,0.587883
26.000,10.750,0.590730
26.250,10.750,0.593563
26.500,10.750,0.596383
26.750,10.750,0.599190
27.000,10.750,0.601983
27.250,10.750,0.604763
27.500,10.750,0.607531
27.750,10.750,0.610287
28.000,10.750,0.613029
28.250,10.750,0.615760
28.500,10.750,0.618479
28.750,10.750,0.621185
29.000,10.750,0.623880
29.250,10.750,0.626564
29.500,10.750,0.629236
29.750,10.750,0.631896
30.000,10.750,0.634546
30.250,10.750,0.637184
30.500,10.750,0.639812
30.750,10.750,0.642429
31.000,10.750,0.645035
31.250,10.750,0.647631
31.500,10.750,0.650216
31.750,10.750,0.652791
32.000,10.750,0.655356
32.250,10.750,0.657911
32.500,10.750,0.660456
32.750,10.750,0.662991
33.000,10.750,0.665517
33.250,10.750,0.668033
33.500,10.750,0.670540
33.750,10.750,0.673037
34.000,10.750,0.675526
34.250,10.750,0.678005
34.500,10.750,0.680474
34.750,10.750,0.682936
35.000,10.750,0.685388
35.250,10.750,0.687831
35.500,10.750,0.690266
35.750,10.750,0.692692
36.000,10.750,0.695110
36.250,10.750,0.697519
36.500,10.750,0.699921
36.750,10.750,0.702313
37.000,10.750,0.704698
37.250,10.750,0.707075
37.500,10.750,0.709444
37.750,10.750,0.711805
38.000,10.750,0.714158
38.250,10.750,0.716503
38.500,10.750,0.718841
38.750,10.750,0.721171
39.000,10.750,0.723493
39.250,10.750,0.725809
39.500,10.750,0.728116
39.750,10.750,0.730417
40.000,10.750,0.732710
40.250,10.750,0.734996
40.500,10.750,0.737276
40.750,10.750,0.739548
41.000,10.750,0.741813
41.250,10.750,0.744071
41.500,10.750,0.746322
41.750,10.750,0.748567
42.000,10.750,0.750805
42.250,10.750,0.753036
42.500,10.750,0.755260
42.750,10.750,0.757479
43.000,10.750,0.759690
43.250,10.750,0.761895
43.500,10.750,0.764094
43.750,10.750,0.766287
44.000,10.750,0.768473
44.250,10.750,0.770653
44.500,10.750,0.772827
44.750,10.750,0.774995
45.000,10.750,0.777157
1.000,10.875,0.117500
1.250,10.875,0.131368
1.500,10.875,0.143907
1.750,10.875,0.155437
2.000,10.875,0.166169
2.250,10.875,0.176249
2.500,10.875,0.185783
2.750,10.875,0.194851
3.000,10.875,0.203515
3.250,10.875,0.211825
3.500,10.875,0.219822
3.750,10.875,0.227537
4.000,10.875,0.234999
4.250,10.875,0.242232
4.500,10.875,0.249254
4.750,10.875,0.256084
5.000,10.875,0.262737
5.250,10.875,0.269225
5.500,10.875,0.275561
5.750,10.875,0.281754
6.000,10.875,0.287814
6.250,10.875,0.293749
6.500,10.875,0.299566
6.750,10.875,0.305273
7.000,10.875,0.310875
7.250,10.875,0.316377
7.500,10.875,0.321786
7.750,10.875,0.327105
8.000,10.875,0.332339
8.250,10.875,0.337492
8.500,10.875,0.342567
8.750,10.875,0.347568
9.000,10.875,0.352499
9.250,10.875,0.357361
9.500,10.875,0.362158
9.750,10.875,0.366892
10.000,10.875,0.371566
10.250,10.875,0.376182
10.500,10.875,0.380742
10.750,10.875,0.385248
11.000,10.875,0.389702
11.250,10.875,0.394105
11.500,10.875,0.398460
11.750,10.875,0.402768
12.000,10.875,0.407030
12.250,10.875,0.411248
12.500,10.875,0.415424
12.750,10.875,0.419557
13.000,10.875,0.423651
13.250,10.875,0.427705
13.500,10.875,0.431721
13.750,10.875,0.435700
14.000,10.875,0.439643
14.250,10.875,0.443551
14.500,10.875,0.447425
14.750,10.875,0.451266
15.000,10.875,0.455074
15.250,10.875,0.458850
15.500,10.875,0.462596
15.750,10.875,0.466312
16.000,10.875,0.469998
16.250,10.875,0.473656
16.500,10.875,0.477285
16.750,10.875,0.480888
17.000,10.875,0.484463
17.250,10.875,0.488012
17.500,10.875,0.491536
17.750,10.875,0.495034
18.000,10.875,0.498508
18.250,10.875,0.501958
18.500,10.875,0.505385
18.750,10.875,0.508788
19.000,10.875,0.512169
19.250,10.875,0.515527
19.500,10.875,0.518864
19.750,10.875,0.522179
20.000,10.875,0.525474
20.250,10.875,0.528748
20.500,10.875,0.532002
20.750,10.875,0.535236
21.000,10.875,0.538451
21.250,10.875,0.541646
21.500,10.875,0.544823
21.750,10.875,0.547981
22.000,10.875,0.551122
22.250,10.875,0.554244
22.500,10.875,0.557349
22.750,10.875,0.560437
23.000,10.875,0.563508
23.250,10.875,0.566562
23.500,10.875,0.569600
23.750,10.875,0.572622
24.000,10.875,0.575628
24.250,10.875,0.578618
24.500,10.875,0.581593
24.750,10.875,0.584553
25.000,10.875,0.587498
25.250,10.875,0.590428
25.500,10.875,0.593344
25.750,10.875,0.596245
26.000,10.875,0.599132
26.250,10.875,0.602006
26.500,10.875,0.604866
26.750,10.875,0.607712
27.000,10.875,0.610546
27.250,10.875,0.613366
27.500,10.875,0.616173
27.750,10.875,0.618967
28.000,10.875,0.621749
28.250,10.875,0.624519
28.500,10.875,0.627276
28.750,10.875,0.630021
29.000,10.875,0.632754
29.250,10.875,0.635476
29.500,10.875,0.638186
29.750,10.875,0.640884
30.000,10.875,0.643571
30.250,10.875,0.646247
30.500,10.875,0.648912
30.750,10.875,0.651566
31.000,10.875,0.654210
31.250,10.875,0.656842
31.500,10.875,0.659465
31.750,10.875,0.662076
32.000,10.875,0.664678
32.250,10.875,0.667269
32.500,10.875,0.669850
32.750,10.875,0.672422
33.000,10.875,0.674983
33.250,10.875,0.677535
33.500,10.875,0.680078
33.750,10.875,0.682611
34.000,10.875,0.685134
34.250,10.875,0.687648
34.500,10.875,0.690154
34.750,10.875,0.692650
35.000,10.875,0.695137
35.250,10.875,0.697615
35.500,10.875,0.700084
35.750,10.875,0.702545
36.000,10.875,0.704997
36.250,10.875,0.707441
36.500,10.875,0.709876
36.750,10.875,0.712303
37.000,10.875,0.714722
37.250,10.875,0.717132
37.500,10.875,0.719535
37.750,10.875,0.721929
38.000,10.875,0.724316
38.250,10.875,0.726695
38.500,10.875,0.729065
38.750,10.875,0.731429
39.000,10.875,0.733784
39.250,10.875,0.736132
39.500,10.875,0.738473
39.750,10.875,0.740806
40.000,10.875,0.743132
40.250,10.875,0.745451
40.500,10.875,0.747762
40.750,10.875,0.750067
41.000,10.875,0.752364
41.250,10.875,0.754654
41.500,10.875,0.756938
41.750,10.875,0.759214
42.000,10.875,0.761484
42.250,10.875,0.763747
42.500,10.875,0.766003
42.750,10.875,0.768253
43.000,10.875,0.770496
43.250,10.875,0.772733
43.500,10.875,0.774963
43.750,10.875,0.777186
44.000,10.875,0.779404
44.250,10.875,0.781615
44.500,10.875,0.783820
44.750,10.875,0.786018
45.000,10.875,0.788211
1.000,11.000,0.119147
1.250,11.000,0.133211
1.500,11.000,0.145925
1.750,11.000,0.157617
2.000,11.000,0.168500
2.250,11.000,0.178721
2.500,11.000,0.188389
2.750,11.000,0.197584
3.000,11.000,0.206369
3.250,11.000,0.214796
3.500,11.000,0.222904
3.750,11.000,0.230728
4.000,11.000,0.238295
4.250,11.000,0.245629
4.500,11.000,0.252750
4.750,11.000,0.259676
5.000,11.000,0.266422
5.250,11.000,0.273001
5.500,11.000,0.279425
5.750,11.000,0.285705
6.000,11.000,0.291850
6.250,11.000,0.297869
6.500,11.000,0.303767
6.750,11.000,0.309554
7.000,11.000,0.315234
7.250,11.000,0.320814
7.500,11.000,0.326299
7.750,11.000,0.331692
8.000,11.000,0.337000
8.250,11.000,0.342225
8.500,11.000,0.347371
8.750,11.000,0.352443
9.000,11.000,0.357442
9.250,11.000,0.362373
9.500,11.000,0.367237
9.750,11.000,0.372038
10.000,11.000,0.376777
10.250,11.000,0.381458
10.500,11.000,0.386082
10.750,11.000,0.390651
11.000,11.000,0.395167
11.250,11.000,0.399633
11.500,11.000,0.404049
11.750,11.000,0.408417
12.000,11.000,0.412739
12.250,11.000,0.417016
12.500,11.000,0.421250
12.750,11.000,0.425441
13.000,11.000,0.429592
13.250,11.000,0.433703
13.500,11.000,0.437776
13.750,11.000,0.441810
14.000,11.000,0.445809
14.250,11.000,0.449772
14.500,11.000,0.453700
14.750,11.000,0.457594
15.000,11.000,0.461456
15.250,11.000,0.465285
15.500,11.000,0.469084
15.750,11.000,0.472852
16.000,11.000,0.476590
16.250,11.000,0.480299
16.500,11.000,0.483979
16.750,11.000,0.487632
17.000,11.000,0.491257
17.250,11.000,0.494856
17.500,11.000,0.498429
17.750,11.000,0.501977
18.000,11.000,0.505500
18.250,11.000,0.508998
18.500,11.000,0.512472
18.750,11.000,0.515923
19.000,11.000,0.519352
19.250,11.000,0.522757
19.500,11.000,0.526141
19.750,11.000,0.529503
20.000,11.000,0.532843
20.250,11.000,0.536163
20.500,11.000,0.539463
20.750,11.000,0.542742
21.000,11.000,0.546002
21.250,11.000,0.549242
21.500,11.000,0.552464
21.750,11.000,0.555667
22.000,11.000,0.558851
22.250,11.000,0.562017
22.500,11.000,0.565166
22.750,11.000,0.568297
23.000,11.000,0.571411
23.250,11.000,0.574508
23.500,11.000,0.577588
23.750,11.000,0.580653
24.000,11.000,0.583701
24.250,11.000,0.586733
24.500,11.000,0.589750
24.750,11.000,0.592751
25.000,11.000,0.595737
25.250,11.000,0.598708
25.500,11.000,0.601665
25.750,11.000,0.604607
26.000,11.000,0.607535
26.250,11.000,0.610449
26.500,11.000,0.613349
26.750,11.000,0.616235
27.000,11.000,0.619108
27.250,11.000,0.621968
27.500,11.000,0.624814
27.750,11.000,0.627648
28.000,11.000,0.630469
28.250,11.000,0.633277
28.500,11.000,0.636073
28.750,11.000,0.638857
29.000,11.000,0.641628
29.250,11.000,0.644388
29.500,11.000,0.647136
29.750,11.000,0.649872
30.000,11.000,0.652597
30.250,11.000,0.655311
30.500,11.000,0.658013
30.750,11.000,0.660704
31.000,11.000,0.663385
31.250,11.000,0.666054
31.500,11.000,0.668713
31.750,11.000,0.671362
32.000,11.000,0.674000
32.250,11.000,0.676627
32.500,11.000,0.679245
32.750,11.000,0.681852
33.000,11.000,0.684450
33.250,11.000,0.687037
33.500,11.000,0.689615
33.750,11.000,0.692184
34.000,11.000,0.694743
34.250,11.000,0.697292
34.500,11.000,0.699833
34.750,11.000,0.702364
35.000,11.000,0.704886
35.250,11.000,0.707399
35.500,11.000,0.709903
35.750,11.000,0.712398
36.000,11.000,0.714884
36.250,11.000,0.717362
36.500,11.000,0.719832
36.750,11.000,0.722293
37.000,11.000,0.724745
37.250,11.000,0.727190
37.500,11.000,0.729626
37.750,11.000,0.732054
38.000,11.000,0.734474
38.250,11.000,0.736886
38.500,11.000,0.739290
38.750,11.000,0.741687
39.000,11.000,0.744075
39.250,11.000,0.746456
39.500,11.000,0.748830
39.750,11.000,0.751196
40.000,11.000,0.753554
40.250,11.000,0.755906
40.500,11.000,0.758249
40.750,11.000,0.760586
41.000,11.000,0.762916
41.250,11.000,0.765238
41.500,11.000,0.767553
41.750,11.000,0.769862
42.000,11.000,0.772163
42.250,11.000,0.774458
42.500,11.000,0.776746
42.750,11.000,0.779027
43.000,11.000,0.781302
43.250,11.000,0.783570
43.500,11.000,0.785831
43.750,11.000,0.788086
44.000,11.000,0.790334
44.250,11.000,0.792577
44.500,11.000,0.794812
44.750,11.000,0.797042
45.000,11.000,0.799265
1.000,11.125,0.120795
1.250,11.125,0.135053
1.500,11.125,0.147943
1.750,11.125,0.159797
2.000,11.125,0.170830
2.250,11.125,0.181193
2.500,11.125,0.190994
2.750,11.125,0.200316
3.000,11.125,0.209224
3.250,11.125,0.217767
3.500,11.125,0.225987
3.750,11.125,0.233919
4.000,11.125,0.241591
4.250,11.125,0.249026
4.500,11.125,0.256245
4.750,11.125,0.263267
5.000,11.125,0.270106
5.250,11.125,0.276777
5.500,11.125,0.283290
5.750,11.125,0.289657
6.000,11.125,0.295887
6.250,11.125,0.301988
6.500,11.125,0.307969
6.750,11.125,0.313835
7.000,11.125,0.319594
7.250,11.125,0.325251
7.500,11.125,0.330811
7.750,11.125,0.336280
8.000,11.125,0.341661
8.250,11.125,0.346958
8.500,11.125,0.352176
8.750,11.125,0.357317
9.000,11.125,0.362386
9.250,11.125,0.367384
9.500,11.125,0.372316
9.750,11.125,0.377183
10.000,11.125,0.381988
10.250,11.125,0.386734
10.500,11.125,0.391421
10.750,11.125,0.396054
11.000,11.125,0.400633
11.250,11.125,0.405160
11.500,11.125,0.409637
11.750,11.125,0.414065
12.000,11.125,0.418447
12.250,11.125,0.422783
12.500,11.125,0.427076
12.750,11.125,0.431325
13.000,11.125,0.435534
13.250,11.125,0.439701
13.500,11.125,0.443830
13.750,11.125,0.447921
14.000,11.125,0.451975
14.250,11.125,0.455992
14.500,11.125,0.459975
14.750,11.125,0.463923
15.000,11.125,0.467838
15.250,11.125,0.471721
15.500,11.125,0.475571
15.750,11.125,0.479391
16.000,11.125,0.483181
16.250,11.125,0.486941
16.500,11.125,0.490673
16.750,11.125,0.494376
17.000,11.125,0.498052
17.250,11.125,0.501700
17.500,11.125,0.505323
17.750,11.125,0.508920
18.000,11.125,0.512491
18.250,11.125,0.516038
18.500,11.125,0.519560
18.750,11.125,0.523059
19.000,11.125,0.526534
19.250,11.125,0.529987
19.500,11.125,0.533417
19.750,11.125,0.536826
20.000,11.125,0.540213
20.250,11.125,0.543579
20.500,11.125,0.546924
20.750,11.125,0.550249
21.000,11.125,0.553553
21.250,11.125,0.556839
21.500,11.125,0.560105
21.750,11.125,0.563352
22.000,11.125,0.566580
22.250,11.125,0.569790
22.500,11.125,0.572982
22.750,11.125,0.576157
23.000,11.125,0.579314
23.250,11.125,0.582454
23.500,11.125,0.585577
23.750,11.125,0.588683
24.000,11.125,0.591774
24.250,11.125,0.594848
24.500,11.125,0.597906
24.750,11.125,0.600949
25.000,11.125,0.603976
25.250,11.125,0.606989
25.500,11.125,0.609986
25.750,11.125,0.612969
26.000,11.125,0.615937
26.250,11.125,0.618892
26.500,11.125,0.621832
26.750,11.125,0.624758
27.000,11.125,0.627671
27.250,11.125,0.630570
27.500,11.125,0.633456
27.750,11.125,0.636329
28.000,11.125,0.639189
28.250,11.125,0.642036
28.500,11.125,0.644870
28.750,11.125,0.647692
29.000,11.125,0.650502
29.250,11.125,0.653300
29.500,11.125,0.656086
29.750,11.125,0.658860
30.000,11.125,0.661623
30.250,11.125,0.664374
30.500,11.125,0.667114
30.750,11.125,0.669842
31.000,11.125,0.672560
31.250,11.125,0.675266
31.500,11.125,0.677962
31.750,11.125,0.680647
32.000,11.125,0.683321
32.250,11.125,0.685985
32.500,11.125,0.688639
32.750,11.125,0.691283
33.000,11.125,0.693916
33.250,11.125,0.696540
33.500,11.125,0.699153
33.750,11.125,0.701757
34.000,11.125,0.704351
34.250,11.125,0.706936
34.500,11.125,0.709512
34.750,11.125,0.712078
35.000,11.125,0.714634
35.250,11.125,0.717182
35.500,11.125,0.719721
35.750,11.125,0.722251
36.000,11.125,0.724772
36.250,11.125,0.727284
36.500,11.125,0.729787
36.750,11.125,0.732282
37.000,11.125,0.734769
37.250,11.125,0.737247
37.500,11.125,0.739717
37.750,11.125,0.742179
38.000,11.125,0.744632
38.250,11.125,0.747078
38.500,11.125,0.749515
38.750,11.125,0.751945
39.000,11.125,0.754366
39.250,11.125,0.756780
39.500,11.125,0.759187
39.750,11.125,0.761585
40.000,11.125,0.763976
40.250,11.125,0.766360
40.500,11.125,0.768736
40.750,11.125,0.771105
41.000,11.125,0.773467
41.250,11.125,0.775822
41.500,11.125,0.778169
41.750,11.125,0.780509
42.000,11.125,0.782843
42.250,11.125,0.785169
42.500,11.125,0.787489
42.750,11.125,0.789802
43.000,11.125,0.792108
43.250,11.125,0.794407
43.500,11.125,0.796700
43.750,11.125,0.798986
44.000,11.125,0.801265
44.250,11.125,0.803538
44.500,11.125,0.805805
44.750,11.125,0.808065
45.000,11.125,0.810319
1.000,11.250,0.122443
1.250,11.250,0.136896
1.500,11.250,0.149962
1.750,11.250,0.161977
2.000,11.250,0.173161
2.250,11.250,0.183665
2.500,11.250,0.193600
2.750,11.250,0.203049
3.000,11.250,0.212078
3.250,11.250,0.220738
3.500,11.250,0.229070
3.750,11.250,0.237110
4.000,11.250,0.244886
4.250,11.250,0.252423
4.500,11.250,0.259741
4.750,11.250,0.266859
5.000,11.250,0.273791
5.250,11.250,0.280552
5.500,11.250,0.287155
5.750,11.250,0.293608
6.000,11.250,0.299923
6.250,11.250,0.306108
6.500,11.250,0.312170
6.750,11.250,0.318117
7.000,11.250,0.323954
7.250,11.250,0.329688
7.500,11.250,0.335324
7.750,11.250,0.340867
8.000,11.250,0.346322
8.250,11.250,0.351691
8.500,11.250,0.356980
8.750,11.250,0.362192
9.000,11.250,0.367329
9.250,11.250,0.372396
9.500,11.250,0.377395
9.750,11.250,0.382329
10.000,11.250,0.387199
10.250,11.250,0.392009
10.500,11.250,0.396761
10.750,11.250,0.401457
11.000,11.250,0.406098
11.250,11.250,0.410687
11.500,11.250,0.415225
11.750,11.250,0.419714
12.000,11.250,0.424155
12.250,11.250,0.428551
12.500,11.250,0.432902
12.750,11.250,0.437209
13.000,11.250,0.441475
13.250,11.250,0.445700
13.500,11.250,0.449885
13.750,11.250,0.454031
14.000,11.250,0.458140
14.250,11.250,0.462213
14.500,11.250,0.466250
14.750,11.250,0.470252
15.000,11.250,0.474220
15.250,11.250,0.478156
15.500,11.250,0.482059
15.750,11.250,0.485931
16.000,11.250,0.489773
16.250,11.250,0.493584
16.500,11.250,0.497366
16.750,11.250,0.501120
17.000,11.250,0.504846
17.250,11.250,0.508545
17.500,11.250,0.512216
17.750,11.250,0.515862
18.000,11.250,0.519482
18.250,11.250,0.523077
18.500,11.250,0.526648
18.750,11.250,0.530194
19.000,11.250,0.533717
19.250,11.250,0.537217
19.500,11.250,0.540694
19.750,11.250,0.544149
20.000,11.250,0.547582
20.250,11.250,0.550994
20.500,11.250,0.554385
20.750,11.250,0.557755
21.000,11.250,0.561105
21.250,11.250,0.564435
21.500,11.250,0.567745
21.750,11.250,0.571037
22.000,11.250,0.574309
22.250,11.250,0.577563
22.500,11.250,0.580799
22.750,11.250,0.584017
23.000,11.250,0.587217
23.250,11.250,0.590399
23.500,11.250,0.593565
23.750,11.250,0.596714
24.000,11.250,0.599846
24.250,11.250,0.602963
24.500,11.250,0.606063
24.750,11.250,0.609147
25.000,11.250,0.612216
25.250,11.250,0.615269
25.500,11.250,0.618308
25.750,11.250,0.621331
26.000,11.250,0.624340
26.250,11.250,0.627334
26.500,11.250,0.630315
26.750,11.250,0.633281
27.000,11.250,0.636233
27.250,11.250,0.639172
27.500,11.250,0.642097
27.750,11.250,0.645009
28.000,11.250,0.647908
28.250,11.250,0.650794
28.500,11.250,0.653667
28.750,11.250,0.656528
29.000,11.250,0.659376
29.250,11.250,0.662213
29.500,11.250,0.665036
29.750,11.250,0.667848
30.000,11.250,0.670649
30.250,11.250,0.673437
30.500,11.250,0.676214
30.750,11.250,0.678980
31.000,11.250,0.681735
31.250,11.250,0.684478
31.500,11.250,0.687210
31.750,11.250,0.689932
32.000,11.250,0.692643
32.250,11.250,0.695343
32.500,11.250,0.698033
32.750,11.250,0.700713
33.000,11.250,0.703382
33.250,11.250,0.706042
33.500,11.250,0.708691
33.750,11.250,0.711330
34.000,11.250,0.713960
34.250,11.250,0.716580
34.500,11.250,0.719191
34.750,11.250,0.721792
35.000,11.250,0.724383
35.250,11.250,0.726966
35.500,11.250,0.729539
35.750,11.250,0.732104
36.000,11.250,0.734659
36.250,11.250,0.737205
36.500,11.250,0.739743
36.750,11.250,0.742272
37.000,11.250,0.744793
37.250,11.250,0.747305
37.500,11.250,0.749808
37.750,11.250,0.752303
38.000,11.250,0.754790
38.250,11.250,0.757269
38.500,11.250,0.759740
38.750,11.250,0.762202
39.000,11.250,0.764657
39.250,11.250,0.767104
39.500,11.250,0.769543
39.750,11.250,0.771975
40.000,11.250,0.774398
40.250,11.250,0.776815
40.500,11.250,0.779223
40.750,11.250,0.781625
41.000,11.250,0.784019
41.250,11.250,0.786405
41.500,11.250,0.788785
41.750,11.250,0.791157
42.000,11.250,0.793522
42.250,11.250,0.795880
42.500,11.250,0.798232
42.750,11.250,0.800576
43.000,11.250,0.802913
43.250,11.250,0.805244
43.500,11.250,0.807568
43.750,11.250,0.809885
44.000,11.250,0.812196
44.250,11.250,0.814500
44.500,11.250,0.816798
44.750,11.250,0.819089
45.000,11.250,0.821374
1.000,11.375,0.124091
1.250,11.375,0.138738
1.500,11.375,0.151980
1.750,11.375,0.164157
2.000,11.375,0.175491
2.250,11.375,0.186137
2.500,11.375,0.196205
2.750,11.375,0.205782
3.000,11.375,0.214932
3.250,11.375,0.223708
3.500,11.375,0.232153
3.750,11.375,0.240301
4.000,11.375,0.248182
4.250,11.375,0.255820
4.500,11.375,0.263237
4.750,11.375,0.270450
5.000,11.375,0.277476
5.250,11.375,0.284328
5.500,11.375,0.291019
5.750,11.375,0.297560
6.000,11.375,0.303960
6.250,11.375,0.310228
6.500,11.375,0.316371
6.750,11.375,0.322398
7.000,11.375,0.328314
7.250,11.375,0.334125
7.500,11.375,0.339837
7.750,11.375,0.345455
8.000,11.375,0.350982
8.250,11.375,0.356424
8.500,11.375,0.361784
8.750,11.375,0.367066
9.000,11.375,0.372273
9.250,11.375,0.377408
9.500,11.375,0.382474
9.750,11.375,0.387474
10.000,11.375,0.392410
10.250,11.375,0.397285
10.500,11.375,0.402101
10.750,11.375,0.406860
11.000,11.375,0.411563
11.250,11.375,0.416214
11.500,11.375,0.420813
11.750,11.375,0.425363
12.000,11.375,0.429864
12.250,11.375,0.434319
12.500,11.375,0.438728
12.750,11.375,0.443094
13.000,11.375,0.447416
13.250,11.375,0.451698
13.500,11.375,0.455939
13.750,11.375,0.460142
14.000,11.375,0.464306
14.250,11.375,0.468433
14.500,11.375,0.472524
14.750,11.375,0.476581
15.000,11.375,0.480602
15.250,11.375,0.484591
15.500,11.375,0.488547
15.750,11.375,0.492471
16.000,11.375,0.496364
16.250,11.375,0.500227
16.500,11.375,0.504060
16.750,11.375,0.507864
17.000,11.375,0.511640
17.250,11.375,0.515389
17.500,11.375,0.519110
17.750,11.375,0.522805
18.000,11.375,0.526474
18.250,11.375,0.530117
18.500,11.375,0.533736
18.750,11.375,0.537330
19.000,11.375,0.540900
19.250,11.375,0.544447
19.500,11.375,0.547971
19.750,11.375,0.551473
20.000,11.375,0.554952
20.250,11.375,0.558410
20.500,11.375,0.561846
20.750,11.375,0.565261
21.000,11.375,0.568656
21.250,11.375,0.572031
21.500,11.375,0.575386
21.750,11.375,0.578722
22.000,11.375,0.582038
22.250,11.375,0.585336
22.500,11.375,0.588615
22.750,11.375,0.591876
23.000,11.375,0.595120
23.250,11.375,0.598345
23.500,11.375,0.601553
23.750,11.375,0.604745
24.000,11.375,0.607919
24.250,11.375,0.611077
24.500,11.375,0.614219
24.750,11.375,0.617345
25.000,11.375,0.620455
25.250,11.375,0.623550
25.500,11.375,0.626629
25.750,11.375,0.629693
26.000,11.375,0.632742
26.250,11.375,0.635777
26.500,11.375,0.638798
26.750,11.375,0.641804
27.000,11.375,0.644796
27.250,11.375,0.647774
27.500,11.375,0.650739
27.750,11.375,0.653690
28.000,11.375,0.656628
28.250,11.375,0.659553
28.500,11.375,0.662465
28.750,11.375,0.665364
29.000,11.375,0.668251
29.250,11.375,0.671125
29.500,11.375,0.673987
29.750,11.375,0.676837
30.000,11.375,0.679674
30.250,11.375,0.682501
30.500,11.375,0.685315
30.750,11.375,0.688118
31.000,11.375,0.690909
31.250,11.375,0.693690
31.500,11.375,0.696459
31.750,11.375,0.699217
32.000,11.375,0.701965
32.250,11.375,0.704701
32.500,11.375,0.707428
32.750,11.375,0.710143
33.000,11.375,0.712849
33.250,11.375,0.715544
33.500,11.375,0.718229
33.750,11.375,0.720904
34.000,11.375,0.723569
34.250,11.375,0.726224
34.500,11.375,0.728870
34.750,11.375,0.731506
35.000,11.375,0.734132
35.250,11.375,0.736750
35.500,11.375,0.739358
35.750,11.375,0.741956
36.000,11.375,0.744546
36.250,11.375,0.747127
36.500,11.375,0.749699
36.750,11.375,0.752262
37.000,11.375,0.754816
37.250,11.375,0.757362
37.500,11.375,0.759899
37.750,11.375,0.762428
38.000,11.375,0.764948
38.250,11.375,0.767460
38.500,11.375,0.769964
38.750,11.375,0.772460
39.000,11.375,0.774948
39.250,11.375,0.777428
39.500,11.375,0.779900
39.750,11.375,0.782364
40.000,11.375,0.784820
40.250,11.375,0.787269
40.500,11.375,0.789710
40.750,11.375,0.792144
41.000,11.375,0.794570
41.250,11.375,0.796989
41.500,11.375,0.799400
41.750,11.375,0.801805
42.000,11.375,0.804202
42.250,11.375,0.806592
42.500,11.375,0.808974
42.750,11.375,0.811350
43.000,11.375,0.813719
43.250,11.375,0.816081
43.500,11.375,0.818436
43.750,11.375,0.820785
44.000,11.375,0.823127
44.250,11.375,0.825462
44.500,11.375,0.827790
44.750,11.375,0.830112
45.000,11.375,0.832428
1.000,11.500,0.125739
1.250,11.500,0.140580
1.500,11.500,0.153998
1.750,11.500,0.166337
2.000,11.500,0.177822
2.250,11.500,0.188608
2.500,11.500,0.198811
2.750,11.500,0.208514
3.000,11.500,0.217786
3.250,11.500,0.226679
3.500,11.500,0.235236
3.750,11.500,0.243492
4.000,11.500,0.251478
4.250,11.500,0.259217
4.500,11.500,0.266732
4.750,11.500,0.274042
5.000,11.500,0.281161
5.250,11.500,0.288104
5.500,11.500,0.294884
5.750,11.500,0.301511
6.000,11.500,0.307996
6.250,11.500,0.314347
6.500,11.500,0.320572
6.750,11.500,0.326679
7.000,11.500,0.332674
7.250,11.500,0.338562
7.500,11.500,0.344350
7.750,11.500,0.350042
8.000,11.500,0.355643
8.250,11.500,0.361157
8.500,11.500,0.366589
8.750,11.500,0.371941
9.000,11.500,0.377217
9.250,11.500,0.382420
9.500,11.500,0.387553
9.750,11.500,0.392620
10.000,11.500,0.397621
10.250,11.500,0.402561
10.500,11.500,0.407441
10.750,11.500,0.412262
11.000,11.500,0.417029
11.250,11.500,0.421741
11.500,11.500,0.426401
11.750,11.500,0.431011
12.000,11.500,0.435572
12.250,11.500,0.440086
12.500,11.500,0.444554
12.750,11.500,0.448978
13.000,11.500,0.453358
13.250,11.500,0.457696
13.500,11.500,0.461994
13.750,11.500,0.466252
14.000,11.500,0.470472
14.250,11.500,0.474654
14.500,11.500,0.478799
14.750,11.500,0.482909
15.000,11.500,0.486985
15.250,11.500,0.491026
15.500,11.500,0.495034
15.750,11.500,0.499011
16.000,11.500,0.502956
16.250,11.500,0.506870
16.500,11.500,0.510754
16.750,11.500,0.514609
17.000,11.500,0.518435
17.250,11.500,0.522233
17.500,11.500,0.526003
17.750,11.500,0.529747
18.000,11.500,0.533465
18.250,11.500,0.537157
18.500,11.500,0.540823
18.750,11.500,0.544465
19.000,11.500,0.548083
19.250,11.500,0.551677
19.500,11.500,0.555248
19.750,11.500,0.558796
20.000,11.500,0.562321
20.250,11.500,0.565825
20.500,11.500,0.569307
20.750,11.500,0.572768
21.000,11.500,0.576208
21.250,11.500,0.579628
21.500,11.500,0.583027
21.750,11.500,0.586407
22.000,11.500,0.589768
22.250,11.500,0.593109
22.500,11.500,0.596432
22.750,11.500,0.599736
23.000,11.500,0.603022
23.250,11.500,0.606291
23.500,11.500,0.609542
23.750,11.500,0.612775
24.000,11.500,0.615992
24.250,11.500,0.619192
24.500,11.500,0.622376
24.750,11.500,0.625543
25.000,11.500,0.628694
25.250,11.500,0.631830
25.500,11.500,0.634950
25.750,11.500,0.638055
26.000,11.500,0.641145
26.250,11.500,0.644220
26.500,11.500,0.647280
26.750,11.500,0.650327
27.000,11.500,0.653358
27.250,11.500,0.656376
27.500,11.500,0.659380
27.750,11.500,0.662371
28.000,11.500,0.665348
28.250,11.500,0.668311
28.500,11.500,0.671262
28.750,11.500,0.674200
29.000,11.500,0.677125
29.250,11.500,0.680037
29.500,11.500,0.682937
29.750,11.500,0.685825
30.000,11.500,0.688700
30.250,11.500,0.691564
30.500,11.500,0.694416
30.750,11.500,0.697256
31.000,11.500,0.700084
31.250,11.500,0.702902
31.500,11.500,0.705708
31.750,11.500,0.708503
32.000,11.500,0.711286
32.250,11.500,0.714060
32.500,11.500,0.716822
32.750,11.500,0.719574
33.000,11.500,0.722315
33.250,11.500,0.725046
33.500,11.500,0.727766
33.750,11.500,0.730477
34.000,11.500,0.733177
34.250,11.500,0.735868
34.500,11.500,0.738549
34.750,11.500,0.741220
35.000,11.500,0.743881
35.250,11.500,0.746533
35.500,11.500,0.749176
35.750,11.500,0.751809
36.000,11.500,0.754433
36.250,11.500,0.757048
36.500,11.500,0.759654
36.750,11.500,0.762251
37.000,11.500,0.764840
37.250,11.500,0.767419
37.500,11.500,0.769990
37.750,11.500,0.772553
38.000,11.500,0.775106
38.250,11.500,0.777652
38.500,11.500,0.780189
38.750,11.500,0.782718
39.000,11.500,0.785239
39.250,11.500,0.787752
39.500,11.500,0.790257
39.750,11.500,0.792753
40.000,11.500,0.795242
40.250,11.500,0.797724
40.500,11.500,0.800197
40.750,11.500,0.802663
41.000,11.500,0.805122
41.250,11.500,0.807573
41.500,11.500,0.810016
41.750,11.500,0.812452
42.000,11.500,0.814881
42.250,11.500,0.817303
42.500,11.500,0.819717
42.750,11.500,0.822125
43.000,11.500,0.824525
43.250,11.500,0.826918
43.500,11.500,0.829305
43.750,11.500,0.831684
44.000,11.500,0.834057
44.250,11.500,0.836423
44.500,11.500,0.838783
44.750,11.500,0.841136
45.000,11.500,0.843482
1.000,11.625,0.127387
1.250,11.625,0.142423
1.500,11.625,0.156016
1.750,11.625,0.168517
2.000,11.625,0.180152
2.250,11.625,0.191080
2.500,11.625,0.201416
2.750,11.625,0.211247
3.000,11.625,0.220640
3.250,11.625,0.229650
3.500,11.625,0.238319
3.750,11.625,0.246683
4.000,11.625,0.254773
4.250,11.625,0.262614
4.500,11.625,0.270228
4.750,11.625,0.277633
5.000,11.625,0.284845
5.250,11.625,0.291880
5.500,11.625,0.298748
5.750,11.625,0.305463
6.000,11.625,0.312033
6.250,11.625,0.318467
6.500,11.625,0.324774
6.750,11.625,0.330960
7.000,11.625,0.337034
7.250,11.625,0.342999
7.500,11.625,0.348863
7.750,11.625,0.354630
8.000,11.625,0.360304
8.250,11.625,0.365891
8.500,11.625,0.371393
8.750,11.625,0.376815
9.000,11.625,0.382160
9.250,11.625,0.387432
9.500,11.625,0.392632
9.750,11.625,0.397765
10.000,11.625,0.402832
10.250,11.625,0.407837
10.500,11.625,0.412780
10.750,11.625,0.417665
11.000,11.625,0.422494
11.250,11.625,0.427268
11.500,11.625,0.431989
11.750,11.625,0.436660
12.000,11.625,0.441281
12.250,11.625,0.445854
12.500,11.625,0.450380
12.750,11.625,0.454862
13.000,11.625,0.459299
13.250,11.625,0.463695
13.500,11.625,0.468049
13.750,11.625,0.472363
14.000,11.625,0.476638
14.250,11.625,0.480874
14.500,11.625,0.485074
14.750,11.625,0.489238
15.000,11.625,0.493367
15.250,11.625,0.497461
15.500,11.625,0.501522
15.750,11.625,0.505550
16.000,11.625,0.509547
16.250,11.625,0.513512
16.500,11.625,0.517447
16.750,11.625,0.521353
17.000,11.625,0.525229
17.250,11.625,0.529077
17.500,11.625,0.532897
17.750,11.625,0.536690
18.000,11.625,0.540456
18.250,11.625,0.544196
18.500,11.625,0.547911
18.750,11.625,0.551601
19.000,11.625,0.555266
19.250,11.625,0.558907
19.500,11.625,0.562525
19.750,11.625,0.566119
20.000,11.625,0.569691
20.250,11.625,0.573240
20.500,11.625,0.576768
20.750,11.625,0.580274
21.000,11.625,0.583759
21.250,11.625,0.587224
21.500,11.625,0.590668
21.750,11.625,0.594092
22.000,11.625,0.597497
22.250,11.625,0.600882
22.500,11.625,0.604248
22.750,11.625,0.607596
23.000,11.625,0.610925
23.250,11.625,0.614237
23.500,11.625,0.617530
23.750,11.625,0.620806
24.000,11.625,0.624065
24.250,11.625,0.627307
24.500,11.625,0.630532
24.750,11.625,0.633741
25.000,11.625,0.636934
25.250,11.625,0.640110
25.500,11.625,0.643272
25.750,11.625,0.646417
26.000,11.625,0.649547
26.250,11.625,0.652663
26.500,11.625,0.655763
26.750,11.625,0.658849
27.000,11.625,0.661921
27.250,11.625,0.664978
27.500,11.625,0.668022
27.750,11.625,0.671051
28.000,11.625,0.674067
28.250,11.625,0.677070
28.500,11.625,0.680059
28.750,11.625,0.683035
29.000,11.625,0.685999
29.250,11.625,0.688949
29.500,11.625,0.691887
29.750,11.625,0.694813
30.000,11.625,0.697726
30.250,11.625,0.700627
30.500,11.625,0.703516
30.750,11.625,0.706394
31.000,11.625,0.709259
31.250,11.625,0.712114
31.500,11.625,0.714956
31.750,11.625,0.717788
32.000,11.625,0.720608
32.250,11.625,0.723418
32.500,11.625,0.726216
32.750,11.625,0.729004
33.000,11.625,0.731781
33.250,11.625,0.734548
33.500,11.625,0.737304
33.750,11.625,0.740050
34.000,11.625,0.742786
34.250,11.625,0.745512
34.500,11.625,0.748228
34.750,11.625,0.750934
35.000,11.625,0.753630
35.250,11.625,0.756317
35.500,11.625,0.758994
35.750,11.625,0.761662
36.000,11.625,0.764320
36.250,11.625,0.766970
36.500,11.625,0.769610
36.750,11.625,0.772241
37.000,11.625,0.774863
37.250,11.625,0.777477
37.500,11.625,0.780081
37.750,11.625,0.782677
38.000,11.625,0.785265
38.250,11.625,0.787843
38.500,11.625,0.790414
38.750,11.625,0.792976
39.000,11.625,0.795530
39.250,11.625,0.798076
39.500,11.625,0.800613
39.750,11.625,0.803143
40.000,11.625,0.805665
40.250,11.625,0.808178
40.500,11.625,0.810684
40.750,11.625,0.813183
41.000,11.625,0.815673
41.250,11.625,0.818156
41.500,11.625,0.820632
41.750,11.625,0.823100
42.000,11.625,0.825560
42.250,11.625,0.828014
42.500,11.625,0.830460
42.750,11.625,0.832899
43.000,11.625,0.835331
43.250,11.625,0.837756
43.500,11.625,0.840173
43.750,11.625,0.842584
44.000,11.625,0.844988
44.250,11.625,0.847385
44.500,11.625,0.849776
44.750,11.625,0.852159
45.000,11.625,0.854536
1.000,11.750,0.129035
1.250,11.750,0.144265
1.500,11.750,0.158034
1.750,11.750,0.170697
2.000,11.750,0.182482
2.250,11.750,0.193552
2.500,11.750,0.204022
2.750,11.750,0.213980
3.000,11.750,0.223495
3.250,11.750,0.232620
3.500,11.750,0.241402
3.750,11.750,0.249874
4.000,11.750,0.258069
4.250,11.750,0.266012
4.500,11.750,0.273724
4.750,11.750,0.281224
5.000,11.750,0.288530
5.250,11.750,0.295655
5.500,11.750,0.302613
5.750,11.750,0.309414
6.000,11.750,0.316069
6.250,11.750,0.322587
6.500,11.750,0.328975
6.750,11.750,0.335242
7.000,11.750,0.341393
7.250,11.750,0.347436
7.500,11.750,0.353376
7.750,11.750,0.359217
8.000,11.750,0.364965
8.250,11.750,0.370624
8.500,11.750,0.376197
8.750,11.750,0.381690
9.000,11.750,0.387104
9.250,11.750,0.392443
9.500,11.750,0.397711
9.750,11.750,0.402910
10.000,11.750,0.408043
10.250,11.750,0.413112
10.500,11.750,0.418120
10.750,11.750,0.423068
11.000,11.750,0.427959
11.250,11.750,0.432795
11.500,11.750,0.437578
11.750,11.750,0.442308
12.000,11.750,0.446989
12.250,11.750,0.451621
12.500,11.750,0.456206
12.750,11.750,0.460746
13.000,11.750,0.465241
13.250,11.750,0.469693
13.500,11.750,0.474103
13.750,11.750,0.478473
14.000,11.750,0.482803
14.250,11.750,0.487095
14.500,11.750,0.491349
14.750,11.750,0.495567
15.000,11.750,0.499749
15.250,11.750,0.503896
15.500,11.750,0.508010
15.750,11.750,0.512090
16.000,11.750,0.516138
16.250,11.750,0.520155
16.500,11.750,0.524141
16.750,11.750,0.528097
17.000,11.750,0.532023
17.250,11.750,0.535921
17.500,11.750,0.539791
17.750,11.750,0.543632
18.000,11.750,0.547447
18.250,11.750,0.551236
18.500,11.750,0.554999
18.750,11.750,0.558736
19.000,11.750,0.562449
19.250,11.750,0.566137
19.500,11.750,0.569801
19.750,11.750,0.573442
20.000,11.750,0.577060
20.250,11.750,0.580656
20.500,11.750,0.584229
20.750,11.750,0.587781
21.000,11.750,0.591311
21.250,11.750,0.594820
21.500,11.750,0.598309
21.750,11.750,0.601777
22.000,11.750,0.605226
22.250,11.750,0.608655
22.500,11.750,0.612065
22.750,11.750,0.615456
23.000,11.750,0.618828
23.250,11.750,0.622182
23.500,11.750,0.625518
23.750,11.750,0.628837
24.000,11.750,0.632138
24.250,11.750,0.635422
24.500,11.750,0.638689
24.750,11.750,0.641939
25.000,11.750,0.645173
25.250,11.750,0.648391
25.500,11.750,0.651593
25.750,11.750,0.654779
26.000,11.750,0.657950
26.250,11.750,0.661106
26.500,11.750,0.664246
26.750,11.750,0.667372
27.000,11.750,0.670484
27.250,11.750,0.673580
27.500,11.750,0.676663
27.750,11.750,0.679732
28.000,11.750,0.682787
28.250,11.750,0.685828
28.500,11.750,0.688856
28.750,11.750,0.691871
29.000,11.750,0.694873
29.250,11.750,0.697861
29.500,11.750,0.700837
29.750,11.750,0.703801
30.000,11.750,0.706752
30.250,11.750,0.709690
30.500,11.750,0.712617
30.750,11.750,0.715532
31.000,11.750,0.718434
31.250,11.750,0.721325
31.500,11.750,0.724205
31.750,11.750,0.727073
32.000,11.750,0.729930
32.250,11.750,0.732776
32.500,11.750,0.735610
32.750,11.750,0.738434
33.000,11.750,0.741247
33.250,11.750,0.744050
33.500,11.750,0.746842
33.750,11.750,0.749623
34.000,11.750,0.752395
34.250,11.750,0.755156
34.500,11.750,0.757907
34.750,11.750,0.760648
35.000,11.750,0.763379
35.250,11.750,0.766101
35.500,11.750,0.768812
35.750,11.750,0.771515
36.000,11.750,0.774208
36.250,11.750,0.776891
36.500,11.750,0.779566
36.750,11.750,0.782231
37.000,11.750,0.784887
37.250,11.750,0.787534
37.500,11.750,0.790172
37.750,11.750,0.792802
38.000,11.750,0.795423
38.250,11.750,0.798035
38.500,11.750,0.800639
38.750,11.750,0.803234
39.000,11.750,0.805821
39.250,11.750,0.808400
39.500,11.750,0.810970
39.750,11.750,0.813532
40.000,11.750,0.816087
40.250,11.750,0.818633
40.500,11.750,0.821171
40.750,11.750,0.823702
41.000,11.750,0.826225
41.250,11.750,0.828740
41.500,11.750,0.831247
41.750,11.750,0.833747
42.000,11.750,0.836240
42.250,11.750,0.838725
42.500,11.750,0.841203
42.750,11.750,0.843673
43.000,11.750,0.846137
43.250,11.750,0.848593
43.500,11.750,0.851042
43.750,11.750,0.853484
44.000,11.750,0.855919
44.250,11.750,0.858347
44.500,11.750,0.860768
44.750,11.750,0.863183
45.000,11.750,0.865590
1.000,11.875,0.130682
1.250,11.875,0.146107
1.500,11.875,0.160053
1.750,11.875,0.172877
2.000,11.875,0.184813
2.250,11.875,0.196024
2.500,11.875,0.206627
2.750,11.875,0.216712
3.000,11.875,0.226349
3.250,11.875,0.235591
3.500,11.875,0.244485
3.750,11.875,0.253066
4.000,11.875,0.261365
4.250,11.875,0.269409
4.500,11.875,0.277219
4.750,11.875,0.284816
5.000,11.875,0.292215
5.250,11.875,0.299431
5.500,11.875,0.306478
5.750,11.875,0.313366
6.000,11.875,0.320105
6.250,11.875,0.326706
6.500,11.875,0.333176
6.750,11.875,0.339523
7.000,11.875,0.345753
7.250,11.875,0.351873
7.500,11.875,0.357889
7.750,11.875,0.363805
8.000,11.875,0.369626
8.250,11.875,0.375357
8.500,11.875,0.381002
8.750,11.875,0.386564
9.000,11.875,0.392047
9.250,11.875,0.397455
9.500,11.875,0.402790
9.750,11.875,0.408056
10.000,11.875,0.413254
10.250,11.875,0.418388
10.500,11.875,0.423460
10.750,11.875,0.428471
11.000,11.875,0.433425
11.250,11.875,0.438322
11.500,11.875,0.443166
11.750,11.875,0.447957
12.000,11.875,0.452697
12.250,11.875,0.457389
12.500,11.875,0.462032
12.750,11.875,0.466630
13.000,11.875,0.471182
13.250,11.875,0.475691
13.500,11.875,0.480158
13.750,11.875,0.484584
14.000,11.875,0.488969
14.250,11.875,0.493316
14.500,11.875,0.497624
14.750,11.875,0.501896
15.000,11.875,0.506131
15.250,11.875,0.510331
15.500,11.875,0.514497
15.750,11.875,0.518630
16.000,11.875,0.522730
16.250,11.875,0.526798
16.500,11.875,0.530835
16.750,11.875,0.534841
17.000,11.875,0.538818
17.250,11.875,0.542765
17.500,11.875,0.546684
17.750,11.875,0.550575
18.000,11.875,0.554439
18.250,11.875,0.558276
18.500,11.875,0.562087
18.750,11.875,0.565872
19.000,11.875,0.569632
19.250,11.875,0.573367
19.500,11.875,0.577078
19.750,11.875,0.580766
20.000,11.875,0.584430
20.250,11.875,0.588071
20.500,11.875,0.591690
20.750,11.875,0.595287
21.000,11.875,0.598862
21.250,11.875,0.602416
21.500,11.875,0.605950
21.750,11.875,0.609463
22.000,11.875,0.612955
22.250,11.875,0.616428
22.500,11.875,0.619881
22.750,11.875,0.623316
23.000,11.875,0.626731
23.250,11.875,0.630128
23.500,11.875,0.633507
23.750,11.875,0.636868
24.000,11.875,0.640211
24.250,11.875,0.643537
24.500,11.875,0.646845
24.750,11.875,0.650137
25.000,11.875,0.653412
25.250,11.875,0.656671
25.500,11.875,0.659914
25.750,11.875,0.663141
26.000,11.875,0.666353
26.250,11.875,0.669548
26.500,11.875,0.672729
26.750,11.875,0.675895
27.000,11.875,0.679046
27.250,11.875,0.682183
27.500,11.875,0.685305
27.750,11.875,0.688413
28.000,11.875,0.691507
28.250,11.875,0.694587
28.500,11.875,0.697654
28.750,11.875,0.700707
29.000,11.875,0.703747
29.250,11.875,0.706774
29.500,11.875,0.709788
29.750,11.875,0.712789
30.000,11.875,0.715777
30.250,11.875,0.718754
30.500,11.875,0.721718
30.750,11.875,0.724669
31.000,11.875,0.727609
31.250,11.875,0.730537
31.500,11.875,0.733454
31.750,11.875,0.736358
32.000,11.875,0.739252
32.250,11.875,0.742134
32.500,11.875,0.745005
32.750,11.875,0.747865
33.000,11.875,0.750714
33.250,11.875,0.753552
33.500,11.875,0.756380
33.750,11.875,0.759197
34.000,11.875,0.762003
34.250,11.875,0.764800
34.500,11.875,0.767586
34.750,11.875,0.770362
35.000,11.875,0.773128
35.250,11.875,0.775884
35.500,11.875,0.778631
35.750,11.875,0.781368
36.000,11.875,0.784095
36.250,11.875,0.786813
36.500,11.875,0.789521
36.750,11.875,0.792220
37.000,11.875,0.794910
37.250,11.875,0.797591
37.500,11.875,0.800263
37.750,11.875,0.802927
38.000,11.875,0.805581
38.250,11.875,0.808226
38.500,11.875,0.810863
38.750,11.875,0.813492
39.000,11.875,0.816112
39.250,11.875,0.818723
39.500,11.875,0.821327
39.750,11.875,0.823922
40.000,11.875,0.826509
40.250,11.875,0.829087
40.500,11.875,0.831658
40.750,11.875,0.834221
41.000,11.875,0.836776
41.250,11.875,0.839323
41.500,11.875,0.841863
41.750,11.875,0.844395
42.000,11.875,0.846919
42.250,11.875,0.849436
42.500,11.875,0.851946
42.750,11.875,0.854448
43.000,11.875,0.856942
43.250,11.875,0.859430
43.500,11.875,0.861910
43.750,11.875,0.864383
44.000,11.875,0.866849
44.250,11.875,0.869309
44.500,11.875,0.871761
44.750,11.875,0.874206
45.000,11.875,0.876645
1.000,12.000,0.132330
1.250,12.000,0.147950
1.500,12.000,0.162071
1.750,12.000,0.175057
2.000,12.000,0.187143
2.250,12.000,0.198496
2.500,12.000,0.209233
2.750,12.000,0.219445
3.000,12.000,0.229203
3.250,12.000,0.238562
3.500,12.000,0.247567
3.750,12.000,0.256257
4.000,12.000,0.264661
4.250,12.000,0.272806
4.500,12.000,0.280715
4.750,12.000,0.288407
5.000,12.000,0.295900
5.250,12.000,0.303207
5.500,12.000,0.310342
5.750,12.000,0.317317
6.000,12.000,0.324142
6.250,12.000,0.330826
6.500,12.000,0.337378
6.750,12.000,0.343804
7.000,12.000,0.350113
7.250,12.000,0.356310
7.500,12.000,0.362402
7.750,12.000,0.368392
8.000,12.000,0.374287
8.250,12.000,0.380090
8.500,12.000,0.385806
8.750,12.000,0.391438
9.000,12.000,0.396991
9.250,12.000,0.402467
9.500,12.000,0.407870
9.750,12.000,0.413201
10.000,12.000,0.418465
10.250,12.000,0.423664
10.500,12.000,0.428799
10.750,12.000,0.433874
11.000,12.000,0.438890
11.250,12.000,0.443849
11.500,12.000,0.448754
11.750,12.000,0.453606
12.000,12.000,0.458406
12.250,12.000,0.463156
12.500,12.000,0.467858
12.750,12.000,0.472514
13.000,12.000,0.477124
13.250,12.000,0.481690
13.500,12.000,0.486213
13.750,12.000,0.490694
14.000,12.000,0.495135
14.250,12.000,0.499536
14.500,12.000,0.503899
14.750,12.000,0.508224
15.000,12.000,0.512513
15.250,12.000,0.516767
15.500,12.000,0.520985
15.750,12.000,0.525170
16.000,12.000,0.529321
16.250,12.000,0.533441
16.500,12.000,0.537528
16.750,12.000,0.541585
17.000,12.000,0.545612
17.250,12.000,0.549609
17.500,12.000,0.553578
17.750,12.000,0.557518
18.000,12.000,0.561430
18.250,12.000,0.565315
18.500,12.000,0.569174
18.750,12.000,0.573007
19.000,12.000,0.576815
19.250,12.000,0.580597
19.500,12.000,0.584355
19.750,12.000,0.588089
20.000,12.000,0.591799
20.250,12.000,0.595487
20.500,12.000,0.599151
20.750,12.000,0.602793
21.000,12.000,0.606414
21.250,12.000,0.610013
21.500,12.000,0.613591
21.750,12.000,0.617148
22.000,12.000,0.620684
22.250,12.000,0.624201
22.500,12.000,0.627698
22.750,12.000,0.631176
23.000,12.000,0.634634
23.250,12.000,0.638074
23.500,12.000,0.641495
23.750,12.000,0.644898
24.000,12.000,0.648284
24.250,12.000,0.651651
24.500,12.000,0.655002
24.750,12.000,0.658335
25.000,12.000,0.661652
25.250,12.000,0.664952
25.500,12.000,0.668235
25.750,12.000,0.671503
26.000,12.000,0.674755
26.250,12.000,0.677991
26.500,12.000,0.681212
26.750,12.000,0.684418
27.000,12.000,0.687609
27.250,12.000,0.690785
27.500,12.000,0.693946
27.750,12.000,0.697093
28.000,12.000,0.700226
28.250,12.000,0.703345
28.500,12.000,0.706451
28.750,12.000,0.709542
29.000,12.000,0.712621
29.250,12.000,0.715686
29.500,12.000,0.718738
29.750,12.000,0.721777
30.000,12.000,0.724803
30.250,12.000,0.727817
30.500,12.000,0.730818
30.750,12.000,0.733807
31.000,12.000,0.736784
31.250,12.000,0.739749
31.500,12.000,0.742702
31.750,12.000,0.745644
32.000,12.000,0.748573
32.250,12.000,0.751492
32.500,12.000,0.754399
32.750,12.000,0.757295
33.000,12.000,0.760180
33.250,12.000,0.763054
33.500,12.000,0.765917
33.750,12.000,0.768770
34.000,12.000,0.771612
34.250,12.000,0.774443
34.500,12.000,0.777265
34.750,12.000,0.780076
35.000,12.000,0.782877
35.250,12.000,0.785668
35.500,12.000,0.788449
35.750,12.000,0.791220
36.000,12.000,0.793982
36.250,12.000,0.796734
36.500,12.000,0.799477
36.750,12.000,0.802210
37.000,12.000,0.804934
37.250,12.000,0.807649
37.500,12.000,0.810355
37.750,12.000,0.813051
38.000,12.000,0.815739
38.250,12.000,0.818418
38.500,12.000,0.821088
38.750,12.000,0.823750
39.000,12.000,0.826403
39.250,12.000,0.829047
39.500,12.000,0.831683
39.750,12.000,0.834311
40.000,12.000,0.836931
40.250,12.000,0.839542
40.500,12.000,0.842145
40.750,12.000,0.844740
41.000,12.000,0.847328
41.250,12.000,0.849907
41.500,12.000,0.852479
41.750,12.000,0.855042
42.000,12.000,0.857599
42.250,12.000,0.860147
42.500,12.000,0.862688
42.750,12.000,0.865222
43.000,12.000,0.867748
43.250,12.000,0.870267
43.500,12.000,0.872779
43.750,12.000,0.875283
44.000,12.000,0.877780
44.250,12.000,0.880270
44.500,12.000,0.882754
44.750,12.000,0.885230
45.000,12.000,0.887699
1.000,12.125,0.133978
1.250,12.125,0.149792
1.500,12.125,0.164089
1.750,12.125,0.177237
2.000,12.125,0.189474
2.250,12.125,0.200967
2.500,12.125,0.211838
2.750,12.125,0.222178
3.000,12.125,0.232057
3.250,12.125,0.241533
3.500,12.125,0.250650
3.750,12.125,0.259448
4.000,12.125,0.267956
4.250,12.125,0.276203
4.500,12.125,0.284211
4.750,12.125,0.291999
5.000,12.125,0.299584
5.250,12.125,0.306983
5.500,12.125,0.314207
5.750,12.125,0.321268
6.000,12.125,0.328178
6.250,12.125,0.334946
6.500,12.125,0.341579
6.750,12.125,0.348086
7.000,12.125,0.354473
7.250,12.125,0.360747
7.500,12.125,0.366914
7.750,12.125,0.372980
8.000,12.125,0.378948
8.250,12.125,0.384823
8.500,12.125,0.390610
8.750,12.125,0.396313
9.000,12.125,0.401935
9.250,12.125,0.407479
9.500,12.125,0.412949
9.750,12.125,0.418347
10.000,12.125,0.423676
10.250,12.125,0.428940
10.500,12.125,0.434139
10.750,12.125,0.439277
11.000,12.125,0.444355
11.250,12.125,0.449377
11.500,12.125,0.454342
11.750,12.125,0.459254
12.000,12.125,0.464114
12.250,12.125,0.468924
12.500,12.125,0.473685
12.750,12.125,0.478398
13.000,12.125,0.483065
13.250,12.125,0.487688
13.500,12.125,0.492267
13.750,12.125,0.496805
14.000,12.125,0.501301
14.250,12.125,0.505757
14.500,12.125,0.510174
14.750,12.125,0.514553
15.000,12.125,0.518895
15.250,12.125,0.523202
15.500,12.125,0.527473
15.750,12.125,0.531710
16.000,12.125,0.535913
16.250,12.125,0.540083
16.500,12.125,0.544222
16.750,12.125,0.548329
17.000,12.125,0.552406
17.250,12.125,0.556453
17.500,12.125,0.560471
17.750,12.125,0.564460
18.000,12.125,0.568421
18.250,12.125,0.572355
18.500,12.125,0.576262
18.750,12.125,0.580143
19.000,12.125,0.583997
19.250,12.125,0.587827
19.500,12.125,0.591632
19.750,12.125,0.595412
20.000,12.125,0.599169
20.250,12.125,0.602902
20.500,12.125,0.606612
20.750,12.125,0.610300
21.000,12.125,0.613965
21.250,12.125,0.617609
21.500,12.125,0.621231
21.750,12.125,0.624833
22.000,12.125,0.628414
22.250,12.125,0.631974
22.500,12.125,0.635514
22.750,12.125,0.639035
23.000,12.125,0.642537
23.250,12.125,0.646020
23.500,12.125,0.649483
23.750,12.125,0.652929
24.000,12.125,0.656357
24.250,12.125,0.659766
24.500,12.125,0.663158
24.750,12.125,0.666533
25.000,12.125,0.669891
25.250,12.125,0.673232
25.500,12.125,0.676557
25.750,12.125,0.679865
26.000,12.125,0.683158
26.250,12.125,0.686434
26.500,12.125,0.689695
26.750,12.125,0.692941
27.000,12.125,0.696171
27.250,12.125,0.699387
27.500,12.125,0.702588
27.750,12.125,0.705774
28.000,12.125,0.708946
28.250,12.125,0.712104
28.500,12.125,0.715248
28.750,12.125,0.718378
29.000,12.125,0.721495
29.250,12.125,0.724598
29.500,12.125,0.727688
29.750,12.125,0.730765
30.000,12.125,0.733829
30.250,12.125,0.736880
30.500,12.125,0.739919
30.750,12.125,0.742945
31.000,12.125,0.745959
31.250,12.125,0.748961
31.500,12.125,0.751951
31.750,12.125,0.754929
32.000,12.125,0.757895
32.250,12.125,0.760850
32.500,12.125,0.763793
32.750,12.125,0.766725
33.000,12.125,0.769646
33.250,12.125,0.772556
33.500,12.125,0.775455
33.750,12.125,0.778343
34.000,12.125,0.781221
34.250,12.125,0.784087
34.500,12.125,0.786944
34.750,12.125,0.789790
35.000,12.125,0.792626
35.250,12.125,0.795452
35.500,12.125,0.798267
35.750,12.125,0.801073
36.000,12.125,0.803869
36.250,12.125,0.806656
36.500,12.125,0.809432
36.750,12.125,0.812200
37.000,12.125,0.814958
37.250,12.125,0.817706
37.500,12.125,0.820446
37.750,12.125,0.823176
38.000,12.125,0.825897
38.250,12.125,0.828609
38.500,12.125,0.831313
38.750,12.125,0.834008
39.000,12.125,0.836694
39.250,12.125,0.839371
39.500,12.125,0.842040
39.750,12.125,0.844700
40.000,12.125,0.847353
40.250,12.125,0.849996
40.500,12.125,0.852632
40.750,12.125,0.855260
41.000,12.125,0.857879
41.250,12.125,0.860491
41.500,12.125,0.863094
41.750,12.125,0.865690
42.000,12.125,0.868278
42.250,12.125,0.870858
42.500,12.125,0.873431
42.750,12.125,0.875996
43.000,12.125,0.878554
43.250,12.125,0.881104
43.500,12.125,0.883647
43.750,12.125,0.886183
44.000,12.125,0.888711
44.250,12.125,0.891232
44.500,12.125,0.893746
44.750,12.125,0.896253
45.000,12.125,0.898753
1.000,12.250,0.135626
1.250,12.250,0.151635
1.500,12.250,0.166107
1.750,12.250,0.179416
2.000,12.250,0.191804
2.250,12.250,0.203439
2.500,12.250,0.214444
2.750,12.250,0.224910
3.000,12.250,0.234911
3.250,12.250,0.244503
3.500,12.250,0.253733
3.750,12.250,0.262639
4.000,12.250,0.271252
4.250,12.250,0.279600
4.500,12.250,0.287706
4.750,12.250,0.295590
5.000,12.250,0.303269
5.250,12.250,0.310758
5.500,12.250,0.318071
5.750,12.250,0.325220
6.000,12.250,0.332215
6.250,12.250,0.339065
6.500,12.250,0.345780
6.750,12.250,0.352367
7.000,12.250,0.358833
7.250,12.250,0.365184
7.500,12.250,0.371427
7.750,12.250,0.377567
8.000,12.250,0.383608
8.250,12.250,0.389556
8.500,12.250,0.395415
8.750,12.250,0.401187
9.000,12.250,0.406878
9.250,12.250,0.412491
9.500,12.250,0.418028
9.750,12.250,0.423492
10.000,12.250,0.428887
10.250,12.250,0.434215
10.500,12.250,0.439479
10.750,12.250,0.444680
11.000,12.250,0.449821
11.250,12.250,0.454904
11.500,12.250,0.459930
11.750,12.250,0.464903
12.000,12.250,0.469823
12.250,12.250,0.474691
12.500,12.250,0.479511
12.750,12.250,0.484282
13.000,12.250,0.489007
13.250,12.250,0.493686
13.500,12.250,0.498322
13.750,12.250,0.502915
14.000,12.250,0.507466
14.250,12.250,0.511977
14.500,12.250,0.516449
14.750,12.250,0.520882
15.000,12.250,0.525278
15.250,12.250,0.529637
15.500,12.250,0.533960
15.750,12.250,0.538249
16.000,12.250,0.542504
16.250,12.250,0.546726
16.500,12.250,0.550916
16.750,12.250,0.555074
17.000,12.250,0.559201
17.250,12.250,0.563297
17.500,12.250,0.567365
17.750,12.250,0.571403
18.000,12.250,0.575413
18.250,12.250,0.579395
18.500,12.250,0.583350
18.750,12.250,0.587278
19.000,12.250,0.591180
19.250,12.250,0.595057
19.500,12.250,0.598909
19.750,12.250,0.602735
20.000,12.250,0.606538
20.250,12.250,0.610317
20.500,12.250,0.614073
20.750,12.250,0.617806
21.000,12.250,0.621517
21.250,12.250,0.625205
21.500,12.250,0.628872
21.750,12.250,0.632518
22.000,12.250,0.636143
22.250,12.250,0.639747
22.500,12.250,0.643331
22.750,12.250,0.646895
23.000,12.250,0.650440
23.250,12.250,0.653965
23.500,12.250,0.657472
23.750,12.250,0.660960
24.000,12.250,0.664429
24.250,12.250,0.667881
24.500,12.250,0.671315
24.750,12.250,0.674731
25.000,12.250,0.678130
25.250,12.250,0.681513
25.500,12.250,0.684878
25.750,12.250,0.688227
26.000,12.250,0.691560
26.250,12.250,0.694877
26.500,12.250,0.698178
26.750,12.250,0.701464
27.000,12.250,0.704734
27.250,12.250,0.707989
27.500,12.250,0.711229
27.750,12.250,0.714455
28.000,12.250,0.717666
28.250,12.250,0.720863
28.500,12.250,0.724045
28.750,12.250,0.727214
29.000,12.250,0.730369
29.250,12.250,0.733510
29.500,12.250,0.736638
29.750,12.250,0.739753
30.000,12.250,0.742855
30.250,12.250,0.745943
30.500,12.250,0.749020
30.750,12.250,0.752083
31.000,12.250,0.755134
31.250,12.250,0.758173
31.500,12.250,0.761199
31.750,12.250,0.764214
32.000,12.250,0.767217
32.250,12.250,0.770208
32.500,12.250,0.773188
32.750,12.250,0.776156
33.000,12.250,0.779113
33.250,12.250,0.782058
33.500,12.250,0.784993
33.750,12.250,0.787916
34.000,12.250,0.790829
34.250,12.250,0.793731
34.500,12.250,0.796623
34.750,12.250,0.799504
35.000,12.250,0.802375
35.250,12.250,0.805235
35.500,12.250,0.808086
35.750,12.250,0.810926
36.000,12.250,0.813756
36.250,12.250,0.816577
36.500,12.250,0.819388
36.750,12.250,0.822189
37.000,12.250,0.824981
37.250,12.250,0.827764
37.500,12.250,0.830537
37.750,12.250,0.833301
38.000,12.250,0.836055
38.250,12.250,0.838801
38.500,12.250,0.841538
38.750,12.250,0.844266
39.000,12.250,0.846985
39.250,12.250,0.849695
39.500,12.250,0.852397
39.750,12.250,0.855090
40.000,12.250,0.857775
40.250,12.250,0.860451
40.500,12.250,0.863119
40.750,12.250,0.865779
41.000,12.250,0.868431
41.250,12.250,0.871074
41.500,12.250,0.873710
41.750,12.250,0.876338
42.000,12.250,0.878957
42.250,12.250,0.881570
42.500,12.250,0.884174
42.750,12.250,0.886771
43.000,12.250,0.889360
43.250,12.250,0.891941
43.500,12.250,0.894515
43.750,12.250,0.897082
44.000,12.250,0.899642
44.250,12.250,0.902194
44.500,12.250,0.904739
44.750,12.250,0.907277
45.000,12.250,0.909807
1.000,12.375,0.137274
1.250,12.375,0.153477
1.500,12.375,0.168126
1.750,12.375,0.181596
2.000,12.375,0.194135
2.250,12.375,0.205911
2.500,12.375,0.217049
2.750,12.375,0.227643
3.000,12.375,0.237765
3.250,12.375,0.247474
3.500,12.375,0.256816
3.750,12.375,0.265830
4.000,12.375,0.274548
4.250,12.375,0.282997
4.500,12.375,0.291202
4.750,12.375,0.299182
5.000,12.375,0.306954
5.250,12.375,0.314534
5.500,12.375,0.321936
5.750,12.375,0.329171
6.000,12.375,0.336251
6.250,12.375,0.343185
6.500,12.375,0.349981
6.750,12.375,0.356648
7.000,12.375,0.363193
7.250,12.375,0.369621
7.500,12.375,0.375940
7.750,12.375,0.382154
8.000,12.375,0.388269
8.250,12.375,0.394289
8.500,12.375,0.400219
8.750,12.375,0.406062
9.000,12.375,0.411822
9.250,12.375,0.417502
9.500,12.375,0.423107
9.750,12.375,0.428638
10.000,12.375,0.434098
10.250,12.375,0.439491
10.500,12.375,0.444818
10.750,12.375,0.450083
11.000,12.375,0.455286
11.250,12.375,0.460431
11.500,12.375,0.465519
11.750,12.375,0.470551
12.000,12.375,0.475531
12.250,12.375,0.480459
12.500,12.375,0.485337
12.750,12.375,0.490166
13.000,12.375,0.494948
13.250,12.375,0.499685
13.500,12.375,0.504377
13.750,12.375,0.509025
14.000,12.375,0.513632
14.250,12.375,0.518198
14.500,12.375,0.522724
14.750,12.375,0.527211
15.000,12.375,0.531660
15.250,12.375,0.536072
15.500,12.375,0.540448
15.750,12.375,0.544789
16.000,12.375,0.549096
16.250,12.375,0.553369
16.500,12.375,0.557609
16.750,12.375,0.561818
17.000,12.375,0.565995
17.250,12.375,0.570142
17.500,12.375,0.574258
17.750,12.375,0.578345
18.000,12.375,0.582404
18.250,12.375,0.586435
18.500,12.375,0.590438
18.750,12.375,0.594414
19.000,12.375,0.598363
19.250,12.375,0.602287
19.500,12.375,0.606185
19.750,12.375,0.610059
20.000,12.375,0.613908
20.250,12.375,0.617733
20.500,12.375,0.621534
20.750,12.375,0.625313
21.000,12.375,0.629068
21.250,12.375,0.632802
21.500,12.375,0.636513
21.750,12.375,0.640203
22.000,12.375,0.643872
22.250,12.375,0.647520
22.500,12.375,0.651148
22.750,12.375,0.654755
23.000,12.375,0.658343
23.250,12.375,0.661911
23.500,12.375,0.665460
23.750,12.375,0.668990
24.000,12.375,0.672502
24.250,12.375,0.675996
24.500,12.375,0.679471
24.750,12.375,0.682929
25.000,12.375,0.686370
25.250,12.375,0.689793
25.500,12.375,0.693199
25.750,12.375,0.696589
26.000,12.375,0.699963
26.250,12.375,0.703320
26.500,12.375,0.706661
26.750,12.375,0.709986
27.000,12.375,0.713296
27.250,12.375,0.716591
27.500,12.375,0.719871
27.750,12.375,0.723135
28.000,12.375,0.726385
28.250,12.375,0.729621
28.500,12.375,0.732842
28.750,12.375,0.736050
29.000,12.375,0.739243
29.250,12.375,0.742422
29.500,12.375,0.745588
29.750,12.375,0.748741
30.000,12.375,0.751880
30.250,12.375,0.755007
30.500,12.375,0.758120
30.750,12.375,0.761221
31.000,12.375,0.764309
31.250,12.375,0.767385
31.500,12.375,0.770448
31.750,12.375,0.773499
32.000,12.375,0.776539
32.250,12.375,0.779566
32.500,12.375,0.782582
32.750,12.375,0.785586
33.000,12.375,0.788579
33.250,12.375,0.791560
33.500,12.375,0.794530
33.750,12.375,0.797490
34.000,12.375,0.800438
34.250,12.375,0.803375
34.500,12.375,0.806302
34.750,12.375,0.809218
35.000,12.375,0.812124
35.250,12.375,0.815019
35.500,12.375,0.817904
35.750,12.375,0.820779
36.000,12.375,0.823644
36.250,12.375,0.826499
36.500,12.375,0.829344
36.750,12.375,0.832179
37.000,12.375,0.835005
37.250,12.375,0.837821
37.500,12.375,0.840628
37.750,12.375,0.843425
38.000,12.375,0.846213
38.250,12.375,0.848992
38.500,12.375,0.851762
38.750,12.375,0.854523
39.000,12.375,0.857276
39.250,12.375,0.860019
39.500,12.375,0.862753
39.750,12.375,0.865479
40.000,12.375,0.868197
40.250,12.375,0.870906
40.500,12.375,0.873606
40.750,12.375,0.876298
41.000,12.375,0.878982
41.250,12.375,0.881658
41.500,12.375,0.884326
41.750,12.375,0.886985
42.000,12.375,0.889637
42.250,12.375,0.892281
42.500,12.375,0.894917
42.750,12.375,0.897545
43.000,12.375,0.900165
43.250,12.375,0.902778
43.500,12.375,0.905384
43.750,12.375,0.907982
44.000,12.375,0.910572
44.250,12.375,0.913156
44.500,12.375,0.915731
44.750,12.375,0.918300
45.000,12.375,0.920862
1.000,12.500,0.138922
1.250,12.500,0.155319
1.500,12.500,0.170144
1.750,12.500,0.183776
2.000,12.500,0.196465
2.250,12.500,0.208383
2.500,12.500,0.219655
2.750,12.500,0.230376
3.000,12.500,0.240620
3.250,12.500,0.250445
3.500,12.500,0.259899
3.750,12.500,0.269021
4.000,12.500,0.277844
4.250,12.500,0.286395
4.500,12.500,0.294698
4.750,12.500,0.302773
5.000,12.500,0.310639
5.250,12.500,0.318310
5.500,12.500,0.325801
5.750,12.500,0.333123
6.000,12.500,0.340288
6.250,12.500,0.347305
6.500,12.500,0.354183
6.750,12.500,0.360929
7.000,12.500,0.367553
7.250,12.500,0.374058
7.500,12.500,0.380453
7.750,12.500,0.386742
8.000,12.500,0.392930
8.250,12.500,0.399023
8.500,12.500,0.405023
8.750,12.500,0.410936
9.000,12.500,0.416765
9.250,12.500,0.422514
9.500,12.500,0.428186
9.750,12.500,0.433783
10.000,12.500,0.439309
10.250,12.500,0.444767
10.500,12.500,0.450158
10.750,12.500,0.455486
11.000,12.500,0.460752
11.250,12.500,0.465958
11.500,12.500,0.471107
11.750,12.500,0.476200
12.000,12.500,0.481239
12.250,12.500,0.486226
12.500,12.500,0.491163
12.750,12.500,0.496050
13.000,12.500,0.500890
13.250,12.500,0.505683
13.500,12.500,0.510431
13.750,12.500,0.515136
14.000,12.500,0.519798
14.250,12.500,0.524418
14.500,12.500,0.528999
14.750,12.500,0.533539
15.000,12.500,0.538042
15.250,12.500,0.542507
15.500,12.500,0.546936
15.750,12.500,0.551329
16.000,12.500,0.555687
16.250,12.500,0.560012
16.500,12.500,0.564303
16.750,12.500,0.568562
17.000,12.500,0.572789
17.250,12.500,0.576986
17.500,12.500,0.581152
17.750,12.500,0.585288
18.000,12.500,0.589395
18.250,12.500,0.593474
18.500,12.500,0.597525
18.750,12.500,0.601549
19.000,12.500,0.605546
19.250,12.500,0.609517
19.500,12.500,0.613462
19.750,12.500,0.617382
20.000,12.500,0.621277
20.250,12.500,0.625148
20.500,12.500,0.628995
20.750,12.500,0.632819
21.000,12.500,0.636620
21.250,12.500,0.640398
21.500,12.500,0.644154
21.750,12.500,0.647888
22.000,12.500,0.651601
22.250,12.500,0.655293
22.500,12.500,0.658964
22.750,12.500,0.662615
23.000,12.500,0.666246
23.250,12.500,0.669857
23.500,12.500,0.673448
23.750,12.500,0.677021
24.000,12.500,0.680575
24.250,12.500,0.684111
24.500,12.500,0.687628
24.750,12.500,0.691127
25.000,12.500,0.694609
25.250,12.500,0.698073
25.500,12.500,0.701521
25.750,12.500,0.704951
26.000,12.500,0.708365
26.250,12.500,0.711762
26.500,12.500,0.715144
26.750,12.500,0.718509
27.000,12.500,0.721859
27.250,12.500,0.725193
27.500,12.500,0.728512
27.750,12.500,0.731816
28.000,12.500,0.735105
28.250,12.500,0.738380
28.500,12.500,0.741640
28.750,12.500,0.744885
29.000,12.500,0.748117
29.250,12.500,0.751335
29.500,12.500,0.754539
29.750,12.500,0.757729
30.000,12.500,0.760906
30.250,12.500,0.764070
30.500,12.500,0.767221
30.750,12.500,0.770359
31.000,12.500,0.773484
31.250,12.500,0.776597
31.500,12.500,0.779697
31.750,12.500,0.782785
32.000,12.500,0.785860
32.250,12.500,0.788924
32.500,12.500,0.791976
32.750,12.500,0.795016
33.000,12.500,0.798045
33.250,12.500,0.801062
33.500,12.500,0.804068
33.750,12.500,0.807063
34.000,12.500,0.810046
34.250,12.500,0.813019
34.500,12.500,0.815981
34.750,12.500,0.818932
35.000,12.500,0.821873
35.250,12.500,0.824803
35.500,12.500,0.827722
35.750,12.500,0.830632
36.000,12.500,0.833531
36.250,12.500,0.836420
36.500,12.500,0.839299
36.750,12.500,0.842169
37.000,12.500,0.845028
37.250,12.500,0.847878
37.500,12.500,0.850719
37.750,12.500,0.853550
38.000,12.500,0.856372
38.250,12.500,0.859184
38.500,12.500,0.861987
38.750,12.500,0.864781
39.000,12.500,0.867566
39.250,12.500,0.870343
39.500,12.500,0.873110
39.750,12.500,0.875869
40.000,12.500,0.878619
40.250,12.500,0.881360
40.500,12.500,0.884093
40.750,12.500,0.886817
41.000,12.500,0.889534
41.250,12.500,0.892242
41.500,12.500,0.894941
41.750,12.500,0.897633
42.000,12.500,0.900316
42.250,12.500,0.902992
42.500,12.500,0.905659
42.750,12.500,0.908319
43.000,12.500,0.910971
43.250,12.500,0.913616
43.500,12.500,0.916252
43.750,12.500,0.918881
44.000,12.500,0.921503
44.250,12.500,0.924117
44.500,12.500,0.926724
44.750,12.500,0.929324
45.000,12.500,0.931916
1.000,12.625,0.140570
1.250,12.625,0.157162
1.500,12.625,0.172162
1.750,12.625,0.185956
2.000,12.625,0.198796
2.250,12.625,0.210855
2.500,12.625,0.222260
2.750,12.625,0.233108
3.000,12.625,0.243474
3.250,12.625,0.253416
3.500,12.625,0.262982
3.750,12.625,0.272212
4.000,12.625,0.281139
4.250,12.625,0.289792
4.500,12.625,0.298193
4.750,12.625,0.306365
5.000,12.625,0.314323
5.250,12.625,0.322086
5.500,12.625,0.329665
5.750,12.625,0.337074
6.000,12.625,0.344324
6.250,12.625,0.351424
6.500,12.625,0.358384
6.750,12.625,0.365211
7.000,12.625,0.371912
7.250,12.625,0.378495
7.500,12.625,0.384966
7.750,12.625,0.391329
8.000,12.625,0.397591
8.250,12.625,0.403756
8.500,12.625,0.409828
8.750,12.625,0.415811
9.000,12.625,0.421709
9.250,12.625,0.427526
9.500,12.625,0.433265
9.750,12.625,0.438929
10.000,12.625,0.444520
10.250,12.625,0.450043
10.500,12.625,0.455498
10.750,12.625,0.460889
11.000,12.625,0.466217
11.250,12.625,0.471485
11.500,12.625,0.476695
11.750,12.625,0.481849
12.000,12.625,0.486948
12.250,12.625,0.491994
12.500,12.625,0.496989
12.750,12.625,0.501934
13.000,12.625,0.506831
13.250,12.625,0.511681
13.500,12.625,0.516486
13.750,12.625,0.521246
14.000,12.625,0.525964
14.250,12.625,0.530639
14.500,12.625,0.535273
14.750,12.625,0.539868
15.000,12.625,0.544424
15.250,12.625,0.548942
15.500,12.625,0.553423
15.750,12.625,0.557869
16.000,12.625,0.562279
16.250,12.625,0.566655
16.500,12.625,0.570997
16.750,12.625,0.575306
17.000,12.625,0.579584
17.250,12.625,0.583830
17.500,12.625,0.588045
17.750,12.625,0.592231
18.000,12.625,0.596387
18.250,12.625,0.600514
18.500,12.625,0.604613
18.750,12.625,0.608685
19.000,12.625,0.612729
19.250,12.625,0.616747
19.500,12.625,0.620739
19.750,12.625,0.624705
20.000,12.625,0.628647
20.250,12.625,0.632564
20.500,12.625,0.636456
20.750,12.625,0.640325
21.000,12.625,0.644171
21.250,12.625,0.647994
21.500,12.625,0.651795
21.750,12.625,0.655573
22.000,12.625,0.659330
22.250,12.625,0.663066
22.500,12.625,0.666781
22.750,12.625,0.670475
23.000,12.625,0.674149
23.250,12.625,0.677802
23.500,12.625,0.681437
23.750,12.625,0.685052
24.000,12.625,0.688648
24.250,12.625,0.692225
24.500,12.625,0.695784
24.750,12.625,0.699325
25.000,12.625,0.702848
25.250,12.625,0.706354
25.500,12.625,0.709842
25.750,12.625,0.713313
26.000,12.625,0.716768
26.250,12.625,0.720205
26.500,12.625,0.723627
26.750,12.625,0.727032
27.000,12.625,0.730421
27.250,12.625,0.733795
27.500,12.625,0.737154
27.750,12.625,0.740497
28.000,12.625,0.743825
28.250,12.625,0.747138
28.500,12.625,0.750437
28.750,12.625,0.753721
29.000,12.625,0.756991
29.250,12.625,0.760247
29.500,12.625,0.763489
29.750,12.625,0.766717
30.000,12.625,0.769932
30.250,12.625,0.773133
30.500,12.625,0.776321
30.750,12.625,0.779497
31.000,12.625,0.782659
31.250,12.625,0.785808
31.500,12.625,0.788945
31.750,12.625,0.792070
32.000,12.625,0.795182
32.250,12.625,0.798282
32.500,12.625,0.801370
32.750,12.625,0.804447
33.000,12.625,0.807511
33.250,12.625,0.810564
33.500,12.625,0.813606
33.750,12.625,0.816636
34.000,12.625,0.819655
34.250,12.625,0.822663
34.500,12.625,0.825660
34.750,12.625,0.828646
35.000,12.625,0.831621
35.250,12.625,0.834586
35.500,12.625,0.837541
35.750,12.625,0.840484
36.000,12.625,0.843418
36.250,12.625,0.846342
36.500,12.625,0.849255
36.750,12.625,0.852158
37.000,12.625,0.855052
37.250,12.625,0.857936
37.500,12.625,0.860810
37.750,12.625,0.863675
38.000,12.625,0.866530
38.250,12.625,0.869375
38.500,12.625,0.872212
38.750,12.625,0.875039
39.000,12.625,0.877857
39.250,12.625,0.880667
39.500,12.625,0.883467
39.750,12.625,0.886258
40.000,12.625,0.889041
40.250,12.625,0.891815
40.500,12.625,0.894580
40.750,12.625,0.897337
41.000,12.625,0.900085
41.250,12.625,0.902825
41.500,12.625,0.905557
41.750,12.625,0.908280
42.000,12.625,0.910996
42.250,12.625,0.913703
42.500,12.625,0.916402
42.750,12.625,0.919094
43.000,12.625,0.921777
43.250,12.625,0.924453
43.500,12.625,0.927121
43.750,12.625,0.929781
44.000,12.625,0.932434
44.250,12.625,0.935079
44.500,12.625,0.937717
44.750,12.625,0.940347
45.000,12.625,0.942970
1.000,12.750,0.142218
1.250,12.750,0.159004
1.500,12.750,0.174180
1.750,12.750,0.188136
2.000,12.750,0.201126
2.250,12.750,0.213326
2.500,12.750,0.224866
2.750,12.750,0.235841
3.000,12.750,0.246328
3.250,12.750,0.256386
3.500,12.750,0.266065
3.750,12.750,0.275403
4.000,12.750,0.284435
4.250,12.750,0.293189
4.500,12.750,0.301689
4.750,12.750,0.309956
5.000,12.750,0.318008
5.250,12.750,0.325861
5.500,12.750,0.333530
5.750,12.750,0.341026
6.000,12.750,0.348360
6.250,12.750,0.355544
6.500,12.750,0.362585
6.750,12.750,0.369492
7.000,12.750,0.376272
7.250,12.750,0.382932
7.500,12.750,0.389479
7.750,12.750,0.395917
8.000,12.750,0.402252
8.250,12.750,0.408489
8.500,12.750,0.414632
8.750,12.750,0.420685
9.000,12.750,0.426653
9.250,12.750,0.432538
9.500,12.750,0.438344
9.750,12.750,0.444074
10.000,12.750,0.449731
10.250,12.750,0.455318
10.500,12.750,0.460838
10.750,12.750,0.466291
11.000,12.750,0.471682
11.250,12.750,0.477012
11.500,12.750,0.482283
11.750,12.750,0.487497
12.000,12.750,0.492656
12.250,12.750,0.497761
12.500,12.750,0.502815
12.750,12.750,0.507818
13.000,12.750,0.512773
13.250,12.750,0.517680
13.500,12.750,0.522541
13.750,12.750,0.527357
14.000,12.750,0.532129
14.250,12.750,0.536859
14.500,12.750,0.541548
14.750,12.750,0.546197
15.000,12.750,0.550806
15.250,12.750,0.555377
15.500,12.750,0.559911
15.750,12.750,0.564408
16.000,12.750,0.568870
16.250,12.750,0.573297
16.500,12.750,0.577690
16.750,12.750,0.582050
17.000,12.750,0.586378
17.250,12.750,0.590674
17.500,12.750,0.594939
17.750,12.750,0.599173
18.000,12.750,0.603378
18.250,12.750,0.607554
18.500,12.750,0.611701
18.750,12.750,0.615820
19.000,12.750,0.619912
19.250,12.750,0.623977
19.500,12.750,0.628016
19.750,12.750,0.632029
20.000,12.750,0.636016
20.250,12.750,0.639979
20.500,12.750,0.643917
20.750,12.750,0.647832
21.000,12.750,0.651723
21.250,12.750,0.655591
21.500,12.750,0.659436
21.750,12.750,0.663258
22.000,12.750,0.667059
22.250,12.750,0.670839
22.500,12.750,0.674597
22.750,12.750,0.678334
23.000,12.750,0.682051
23.250,12.750,0.685748
23.500,12.750,0.689425
23.750,12.750,0.693083
24.000,12.750,0.696721
24.250,12.750,0.700340
24.500,12.750,0.703941
24.750,12.750,0.707523
25.000,12.750,0.711088
25.250,12.750,0.714634
25.500,12.750,0.718163
25.750,12.750,0.721675
26.000,12.750,0.725170
26.250,12.750,0.728648
26.500,12.750,0.732110
26.750,12.750,0.735555
27.000,12.750,0.738984
27.250,12.750,0.742397
27.500,12.750,0.745795
27.750,12.750,0.749177
28.000,12.750,0.752545
28.250,12.750,0.755897
28.500,12.750,0.759234
28.750,12.750,0.762557
29.000,12.750,0.765865
29.250,12.750,0.769159
29.500,12.750,0.772439
29.750,12.750,0.775705
30.000,12.750,0.778958
30.250,12.750,0.782197
30.500,12.750,0.785422
30.750,12.750,0.788634
31.000,12.750,0.791834
31.250,12.750,0.795020
31.500,12.750,0.798194
31.750,12.750,0.801355
32.000,12.750,0.804504
32.250,12.750,0.807640
32.500,12.750,0.810765
32.750,12.750,0.813877
33.000,12.750,0.816978
33.250,12.750,0.820066
33.500,12.750,0.823144
33.750,12.750,0.826209
34.000,12.750,0.829264
34.250,12.750,0.832307
34.500,12.750,0.835339
34.750,12.750,0.838360
35.000,12.750,0.841370
35.250,12.750,0.844370
35.500,12.750,0.847359
35.750,12.750,0.850337
36.000,12.750,0.853305
36.250,12.750,0.856263
36.500,12.750,0.859211
36.750,12.750,0.862148
37.000,12.750,0.865076
37.250,12.750,0.867993
37.500,12.750,0.870901
37.750,12.750,0.873799
38.000,12.750,0.876688
38.250,12.750,0.879567
38.500,12.750,0.882437
38.750,12.750,0.885297
39.000,12.750,0.888148
39.250,12.750,0.890990
39.500,12.750,0.893823
39.750,12.750,0.896648
40.000,12.750,0.899463
40.250,12.750,0.902269
40.500,12.750,0.905067
40.750,12.750,0.907856
41.000,12.750,0.910637
41.250,12.750,0.913409
41.500,12.750,0.916172
41.750,12.750,0.918928
42.000,12.750,0.921675
42.250,12.750,0.924414
42.500,12.750,0.927145
42.750,12.750,0.929868
43.000,12.750,0.932583
43.250,12.750,0.935290
43.500,12.750,0.937989
43.750,12.750,0.940681
44.000,12.750,0.943365
44.250,12.750,0.946041
44.500,12.750,0.948709
44.750,12.750,0.951371
45.000,12.750,0.954024
1.000,12.875,0.143865
1.250,12.875,0.160846
1.500,12.875,0.176198
1.750,12.875,0.190316
2.000,12.875,0.203456
2.250,12.875,0.215798
2.500,12.875,0.227471
2.750,12.875,0.238574
3.000,12.875,0.249182
3.250,12.875,0.259357
3.500,12.875,0.269148
3.750,12.875,0.278594
4.000,12.875,0.287731
4.250,12.875,0.296586
4.500,12.875,0.305185
4.750,12.875,0.313547
5.000,12.875,0.321693
5.250,12.875,0.329637
5.500,12.875,0.337394
5.750,12.875,0.344977
6.000,12.875,0.352397
6.250,12.875,0.359664
6.500,12.875,0.366786
6.750,12.875,0.373773
7.000,12.875,0.380632
7.250,12.875,0.387369
7.500,12.875,0.393992
7.750,12.875,0.400504
8.000,12.875,0.406913
8.250,12.875,0.413222
8.500,12.875,0.419436
8.750,12.875,0.425560
9.000,12.875,0.431596
9.250,12.875,0.437550
9.500,12.875,0.443423
9.750,12.875,0.449220
10.000,12.875,0.454942
10.250,12.875,0.460594
10.500,12.875,0.466177
10.750,12.875,0.471694
11.000,12.875,0.477148
11.250,12.875,0.482539
11.500,12.875,0.487871
11.750,12.875,0.493146
12.000,12.875,0.498364
12.250,12.875,0.503529
12.500,12.875,0.508641
12.750,12.875,0.513702
13.000,12.875,0.518714
13.250,12.875,0.523678
13.500,12.875,0.528595
13.750,12.875,0.533467
14.000,12.875,0.538295
14.250,12.875,0.543080
14.500,12.875,0.547823
14.750,12.875,0.552526
15.000,12.875,0.557188
15.250,12.875,0.561812
15.500,12.875,0.566399
15.750,12.875,0.570948
16.000,12.875,0.575462
16.250,12.875,0.579940
16.500,12.875,0.584384
16.750,12.875,0.588795
17.000,12.875,0.593172
17.250,12.875,0.597518
17.500,12.875,0.601832
17.750,12.875,0.606116
18.000,12.875,0.610369
18.250,12.875,0.614593
18.500,12.875,0.618789
18.750,12.875,0.622956
19.000,12.875,0.627095
19.250,12.875,0.631207
19.500,12.875,0.635292
19.750,12.875,0.639352
20.000,12.875,0.643386
20.250,12.875,0.647394
20.500,12.875,0.651378
20.750,12.875,0.655338
21.000,12.875,0.659274
21.250,12.875,0.663187
21.500,12.875,0.667076
21.750,12.875,0.670944
22.000,12.875,0.674789
22.250,12.875,0.678612
22.500,12.875,0.682414
22.750,12.875,0.686194
23.000,12.875,0.689954
23.250,12.875,0.693694
23.500,12.875,0.697413
23.750,12.875,0.701113
24.000,12.875,0.704794
24.250,12.875,0.708455
24.500,12.875,0.712097
24.750,12.875,0.715721
25.000,12.875,0.719327
25.250,12.875,0.722915
25.500,12.875,0.726485
25.750,12.875,0.730037
26.000,12.875,0.733573
26.250,12.875,0.737091
26.500,12.875,0.740593
26.750,12.875,0.744078
27.000,12.875,0.747547
27.250,12.875,0.751000
27.500,12.875,0.754437
27.750,12.875,0.757858
28.000,12.875,0.761264
28.250,12.875,0.764655
28.500,12.875,0.768031
28.750,12.875,0.771392
29.000,12.875,0.774739
29.250,12.875,0.778071
29.500,12.875,0.781389
29.750,12.875,0.784693
30.000,12.875,0.787983
30.250,12.875,0.791260
30.500,12.875,0.794523
30.750,12.875,0.797772
31.000,12.875,0.801009
31.250,12.875,0.804232
31.500,12.875,0.807443
31.750,12.875,0.810640
32.000,12.875,0.813826
32.250,12.875,0.816999
32.500,12.875,0.820159
32.750,12.875,0.823307
33.000,12.875,0.826444
33.250,12.875,0.829568
33.500,12.875,0.832681
33.750,12.875,0.835783
34.000,12.875,0.838872
34.250,12.875,0.841951
34.500,12.875,0.845018
34.750,12.875,0.848074
35.000,12.875,0.851119
35.250,12.875,0.854154
35.500,12.875,0.857177
35.750,12.875,0.860190
36.000,12.875,0.863193
36.250,12.875,0.866185
36.500,12.875,0.869166
36.750,12.875,0.872138
37.000,12.875,0.875099
37.250,12.875,0.878051
37.500,12.875,0.880992
37.750,12.875,0.883924
38.000,12.875,0.886846
38.250,12.875,0.889758
38.500,12.875,0.892661
38.750,12.875,0.895555
39.000,12.875,0.898439
39.250,12.875,0.901314
39.500,12.875,0.904180
39.750,12.875,0.907037
40.000,12.875,0.909885
40.250,12.875,0.912724
40.500,12.875,0.915554
40.750,12.875,0.918375
41.000,12.875,0.921188
41.250,12.875,0.923992
41.500,12.875,0.926788
41.750,12.875,0.929575
42.000,12.875,0.932354
42.250,12.875,0.935125
42.500,12.875,0.937888
42.750,12.875,0.940642
43.000,12.875,0.943389
43.250,12.875,0.946127
43.500,12.875,0.948858
43.750,12.875,0.951580
44.000,12.875,0.954295
44.250,12.875,0.957002
44.500,12.875,0.959702
44.750,12.875,0.962394
45.000,12.875,0.965079
1.000,13.000,0.145513
1.250,13.000,0.162689
1.500,13.000,0.178217
1.750,13.000,0.192496
2.000,13.000,0.205787
2.250,13.000,0.218270
2.500,13.000,0.230077
2.750,13.000,0.241306
3.000,13.000,0.252036
3.250,13.000,0.262328
3.500,13.000,0.272230
3.750,13.000,0.281785
4.000,13.000,0.291027
4.250,13.000,0.299983
4.500,13.000,0.308680
4.750,13.000,0.317139
5.000,13.000,0.325378
5.250,13.000,0.333413
5.500,13.000,0.341259
5.750,13.000,0.348929
6.000,13.000,0.356433
6.250,13.000,0.363783
6.500,13.000,0.370988
6.750,13.000,0.378055
7.000,13.000,0.384992
7.250,13.000,0.391807
7.500,13.000,0.398505
7.750,13.000,0.405092
8.000,13.000,0.411574
8.250,13.000,0.417955
8.500,13.000,0.424240
8.750,13.000,0.430434
9.000,13.000,0.436540
9.250,13.000,0.442561
9.500,13.000,0.448502
9.750,13.000,0.454365
10.000,13.000,0.460153
10.250,13.000,0.465870
10.500,13.000,0.471517
10.750,13.000,0.477097
11.000,13.000,0.482613
11.250,13.000,0.488066
11.500,13.000,0.493460
11.750,13.000,0.498794
12.000,13.000,0.504073
12.250,13.000,0.509296
12.500,13.000,0.514467
12.750,13.000,0.519586
13.000,13.000,0.524656
13.250,13.000,0.529676
13.500,13.000,0.534650
13.750,13.000,0.539578
14.000,13.000,0.544461
14.250,13.000,0.549301
14.500,13.000,0.554098
14.750,13.000,0.558854
15.000,13.000,0.563571
15.250,13.000,0.568248
15.500,13.000,0.572886
15.750,13.000,0.577488
16.000,13.000,0.582053
16.250,13.000,0.586583
16.500,13.000,0.591078
16.750,13.000,0.595539
17.000,13.000,0.599967
17.250,13.000,0.604362
17.500,13.000,0.608726
17.750,13.000,0.613058
18.000,13.000,0.617361
18.250,13.000,0.621633
18.500,13.000,0.625876
18.750,13.000,0.630091
19.000,13.000,0.634278
19.250,13.000,0.638437
19.500,13.000,0.642569
19.750,13.000,0.646675
20.000,13.000,0.650755
20.250,13.000,0.654810
20.500,13.000,0.658839
20.750,13.000,0.662845
21.000,13.000,0.666826
21.250,13.000,0.670783
21.500,13.000,0.674717
21.750,13.000,0.678629
22.000,13.000,0.682518
22.250,13.000,0.686385
22.500,13.000,0.690230
22.750,13.000,0.694054
23.000,13.000,0.697857
23.250,13.000,0.701640
23.500,13.000,0.705402
23.750,13.000,0.709144
24.000,13.000,0.712867
24.250,13.000,0.716570
24.500,13.000,0.720254
24.750,13.000,0.723919
25.000,13.000,0.727566
25.250,13.000,0.731195
25.500,13.000,0.734806
25.750,13.000,0.738399
26.000,13.000,0.741975
26.250,13.000,0.745534
26.500,13.000,0.749075
26.750,13.000,0.752601
27.000,13.000,0.756109
27.250,13.000,0.759602
27.500,13.000,0.763078
27.750,13.000,0.766539
28.000,13.000,0.769984
28.250,13.000,0.773414
28.500,13.000,0.776828
28.750,13.000,0.780228
29.000,13.000,0.783613
29.250,13.000,0.786983
29.500,13.000,0.790339
29.750,13.000,0.793681
30.000,13.000,0.797009
30.250,13.000,0.800323
30.500,13.000,0.803623
30.750,13.000,0.806910
31.000,13.000,0.810184
31.250,13.000,0.813444
31.500,13.000,0.816691
31.750,13.000,0.819926
32.000,13.000,0.823147
32.250,13.000,0.826357
32.500,13.000,0.829553
32.750,13.000,0.832738
33.000,13.000,0.835910
33.250,13.000,0.839071
33.500,13.000,0.842219
33.750,13.000,0.845356
34.000,13.000,0.848481
34.250,13.000,0.851595
34.500,13.000,0.854697
34.750,13.000,0.857788
35.000,13.000,0.860868
35.250,13.000,0.863937
35.500,13.000,0.866995
35.750,13.000,0.870043
36.000,13.000,0.873080
36.250,13.000,0.876106
36.500,13.000,0.879122
36.750,13.000,0.882127
37.000,13.000,0.885123
37.250,13.000,0.888108
37.500,13.000,0.891083
37.750,13.000,0.894049
38.000,13.000,0.897004
38.250,13.000,0.899950
38.500,13.000,0.902886
38.750,13.000,0.905813
39.000,13.000,0.908730
39.250,13.000,0.911638
39.500,13.000,0.914537
39.750,13.000,0.917426
40.000,13.000,0.920307
40.250,13.000,0.923178
40.500,13.000,0.926041
40.750,13.000,0.928895
41.000,13.000,0.931740
41.250,13.000,0.934576
41.500,13.000,0.937404
41.750,13.000,0.940223
42.000,13.000,0.943034
42.250,13.000,0.945836
42.500,13.000,0.948631
42.750,13.000,0.951417
43.000,13.000,0.954194
43.250,13.000,0.956964
43.500,13.000,0.959726
43.750,13.000,0.962480
44.000,13.000,0.965226
44.250,13.000,0.967964
44.500,13.000,0.970695
44.750,13.000,0.973418
45.000,13.000,0.976133
1.000,13.125,0.147161
1.250,13.125,0.164531
1.500,13.125,0.180235
1.750,13.125,0.194676
2.000,13.125,0.208117
2.250,13.125,0.220742
2.500,13.125,0.232682
2.750,13.125,0.244039
3.000,13.125,0.254891
3.250,13.125,0.265299
3.500,13.125,0.275313
3.750,13.125,0.284976
4.000,13.125,0.294322
4.250,13.125,0.303380
4.500,13.125,0.312176
4.750,13.125,0.320730
5.000,13.125,0.329062
5.250,13.125,0.337189
5.500,13.125,0.345123
5.750,13.125,0.352880
6.000,13.125,0.360470
6.250,13.125,0.367903
6.500,13.125,0.375189
6.750,13.125,0.382336
7.000,13.125,0.389352
7.250,13.125,0.396244
7.500,13.125,0.403017
7.750,13.125,0.409679
8.000,13.125,0.416235
8.250,13.125,0.422688
8.500,13.125,0.429045
8.750,13.125,0.435309
9.000,13.125,0.441483
9.250,13.125,0.447573
9.500,13.125,0.453581
9.750,13.125,0.459511
10.000,13.125,0.465364
10.250,13.125,0.471146
10.500,13.125,0.476857
10.750,13.125,0.482500
11.000,13.125,0.488078
11.250,13.125,0.493594
11.500,13.125,0.499048
11.750,13.125,0.504443
12.000,13.125,0.509781
12.250,13.125,0.515064
12.500,13.125,0.520293
12.750,13.125,0.525470
13.000,13.125,0.530597
13.250,13.125,0.535675
13.500,13.125,0.540705
13.750,13.125,0.545688
14.000,13.125,0.550627
14.250,13.125,0.555521
14.500,13.125,0.560373
14.750,13.125,0.565183
15.000,13.125,0.569953
15.250,13.125,0.574683
15.500,13.125,0.579374
15.750,13.125,0.584028
16.000,13.125,0.588645
16.250,13.125,0.593226
16.500,13.125,0.597771
16.750,13.125,0.602283
17.000,13.125,0.606761
17.250,13.125,0.611206
17.500,13.125,0.615619
17.750,13.125,0.620001
18.000,13.125,0.624352
18.250,13.125,0.628673
18.500,13.125,0.632964
18.750,13.125,0.637226
19.000,13.125,0.641461
19.250,13.125,0.645667
19.500,13.125,0.649846
19.750,13.125,0.653998
20.000,13.125,0.658125
20.250,13.125,0.662225
20.500,13.125,0.666300
20.750,13.125,0.670351
21.000,13.125,0.674377
21.250,13.125,0.678379
21.500,13.125,0.682358
21.750,13.125,0.686314
22.000,13.125,0.690247
22.250,13.125,0.694158
22.500,13.125,0.698047
22.750,13.125,0.701914
23.000,13.125,0.705760
23.250,13.125,0.709585
23.500,13.125,0.713390
23.750,13.125,0.717175
24.000,13.125,0.720939
24.250,13.125,0.724685
24.500,13.125,0.728411
24.750,13.125,0.732117
25.000,13.125,0.735806
25.250,13.125,0.739476
25.500,13.125,0.743127
25.750,13.125,0.746761
26.000,13.125,0.750378
26.250,13.125,0.753977
26.500,13.125,0.757558
26.750,13.125,0.761123
27.000,13.125,0.764672
27.250,13.125,0.768204
27.500,13.125,0.771720
27.750,13.125,0.775219
28.000,13.125,0.778704
28.250,13.125,0.782172
28.500,13.125,0.785626
28.750,13.125,0.789064
29.000,13.125,0.792487
29.250,13.125,0.795896
29.500,13.125,0.799290
29.750,13.125,0.802669
30.000,13.125,0.806035
30.250,13.125,0.809386
30.500,13.125,0.812724
30.750,13.125,0.816048
31.000,13.125,0.819359
31.250,13.125,0.822656
31.500,13.125,0.825940
31.750,13.125,0.829211
32.000,13.125,0.832469
32.250,13.125,0.835715
32.500,13.125,0.838948
32.750,13.125,0.842168
33.000,13.125,0.845376
33.250,13.125,0.848573
33.500,13.125,0.851757
33.750,13.125,0.854929
34.000,13.125,0.858090
34.250,13.125,0.861239
34.500,13.125,0.864376
34.750,13.125,0.867502
35.000,13.125,0.870617
35.250,13.125,0.873721
35.500,13.125,0.876814
35.750,13.125,0.879896
36.000,13.125,0.882967
36.250,13.125,0.886027
36.500,13.125,0.889077
36.750,13.125,0.892117
37.000,13.125,0.895146
37.250,13.125,0.898165
37.500,13.125,0.901174
37.750,13.125,0.904173
38.000,13.125,0.907162
38.250,13.125,0.910141
38.500,13.125,0.913111
38.750,13.125,0.916071
39.000,13.125,0.919021
39.250,13.125,0.921962
39.500,13.125,0.924893
39.750,13.125,0.927816
40.000,13.125,0.930729
40.250,13.125,0.933633
40.500,13.125,0.936528
40.750,13.125,0.939414
41.000,13.125,0.942291
41.250,13.125,0.945160
41.500,13.125,0.948019
41.750,13.125,0.950871
42.000,13.125,0.953713
42.250,13.125,0.956547
42.500,13.125,0.959373
42.750,13.125,0.962191
43.000,13.125,0.965000
43.250,13.125,0.967801
43.500,13.125,0.970594
43.750,13.125,0.973380
44.000,13.125,0.976157
44.250,13.125,0.978926
44.500,13.125,0.981687
44.750,13.125,0.984441
45.000,13.125,0.987187
1.000,13.250,0.148809
1.250,13.250,0.166374
1.500,13.250,0.182253
1.750,13.250,0.196856
2.000,13.250,0.210448
2.250,13.250,0.223214
2.500,13.250,0.235288
2.750,13.250,0.246772
3.000,13.250,0.257745
3.250,13.250,0.268269
3.500,13.250,0.278396
3.750,13.250,0.288167
4.000,13.250,0.297618
4.250,13.250,0.306778
4.500,13.250,0.315672
4.750,13.250,0.324322
5.000,13.250,0.332747
5.250,13.250,0.340964
5.500,13.250,0.348988
5.750,13.250,0.356831
6.000,13.250,0.364506
6.250,13.250,0.372023
6.500,13.250,0.379390
6.750,13.250,0.386617
7.000,13.250,0.393712
7.250,13.250,0.400681
7.500,13.250,0.407530
7.750,13.250,0.414267
8.000,13.250,0.420895
8.250,13.250,0.427421
8.500,13.250,0.433849
8.750,13.250,0.440183
9.000,13.250,0.446427
9.250,13.250,0.452585
9.500,13.250,0.458660
9.750,13.250,0.464656
10.000,13.250,0.470575
10.250,13.250,0.476421
10.500,13.250,0.482196
10.750,13.250,0.487903
11.000,13.250,0.493544
11.250,13.250,0.499121
11.500,13.250,0.504636
11.750,13.250,0.510092
12.000,13.250,0.515490
12.250,13.250,0.520832
12.500,13.250,0.526119
12.750,13.250,0.531354
13.000,13.250,0.536539
13.250,13.250,0.541673
13.500,13.250,0.546759
13.750,13.250,0.551799
14.000,13.250,0.556792
14.250,13.250,0.561742
14.500,13.250,0.566648
14.750,13.250,0.571512
15.000,13.250,0.576335
15.250,13.250,0.581118
15.500,13.250,0.585862
15.750,13.250,0.590567
16.000,13.250,0.595236
16.250,13.250,0.599868
16.500,13.250,0.604465
16.750,13.250,0.609027
17.000,13.250,0.613555
17.250,13.250,0.618050
17.500,13.250,0.622513
17.750,13.250,0.626944
18.000,13.250,0.631343
18.250,13.250,0.635712
18.500,13.250,0.640052
18.750,13.250,0.644362
19.000,13.250,0.648643
19.250,13.250,0.652897
19.500,13.250,0.657123
19.750,13.250,0.661322
20.000,13.250,0.665494
20.250,13.250,0.669641
20.500,13.250,0.673761
20.750,13.250,0.677857
21.000,13.250,0.681929
21.250,13.250,0.685976
21.500,13.250,0.689999
21.750,13.250,0.693999
22.000,13.250,0.697976
22.250,13.250,0.701931
22.500,13.250,0.705863
22.750,13.250,0.709774
23.000,13.250,0.713663
23.250,13.250,0.717531
23.500,13.250,0.721378
23.750,13.250,0.725205
24.000,13.250,0.729012
24.250,13.250,0.732799
24.500,13.250,0.736567
24.750,13.250,0.740316
25.000,13.250,0.744045
25.250,13.250,0.747756
25.500,13.250,0.751449
25.750,13.250,0.755123
26.000,13.250,0.758780
26.250,13.250,0.762419
26.500,13.250,0.766041
26.750,13.250,0.769646
27.000,13.250,0.773234
27.250,13.250,0.776806
27.500,13.250,0.780361
27.750,13.250,0.783900
28.000,13.250,0.787423
28.250,13.250,0.790931
28.500,13.250,0.794423
28.750,13.250,0.797899
29.000,13.250,0.801361
29.250,13.250,0.804808
29.500,13.250,0.808240
29.750,13.250,0.811657
30.000,13.250,0.815061
30.250,13.250,0.818450
30.500,13.250,0.821825
30.750,13.250,0.825186
31.000,13.250,0.828534
31.250,13.250,0.831868
31.500,13.250,0.835189
31.750,13.250,0.838496
32.000,13.250,0.841791
32.250,13.250,0.845073
32.500,13.250,0.848342
32.750,13.250,0.851599
33.000,13.250,0.854843
33.250,13.250,0.858075
33.500,13.250,0.861294
33.750,13.250,0.864502
34.000,13.250,0.867698
34.250,13.250,0.870882
34.500,13.250,0.874055
34.750,13.250,0.877216
35.000,13.250,0.880366
35.250,13.250,0.883505
35.500,13.250,0.886632
35.750,13.250,0.889749
36.000,13.250,0.892854
36.250,13.250,0.895949
36.500,13.250,0.899033
36.750,13.250,0.902107
37.000,13.250,0.905170
37.250,13.250,0.908223
37.500,13.250,0.911265
37.750,13.250,0.914298
38.000,13.250,0.917320
38.250,13.250,0.920333
38.500,13.250,0.923336
38.750,13.250,0.926329
39.000,13.250,0.929312
39.250,13.250,0.932286
39.500,13.250,0.935250
39.750,13.250,0.938205
40.000,13.250,0.941151
40.250,13.250,0.944087
40.500,13.250,0.947015
40.750,13.250,0.949933
41.000,13.250,0.952843
41.250,13.250,0.955743
41.500,13.250,0.958635
41.750,13.250,0.961518
42.000,13.250,0.964393
42.250,13.250,0.967259
42.500,13.250,0.970116
42.750,13.250,0.972965
43.000,13.250,0.975806
43.250,13.250,0.978639
43.500,13.250,0.981463
43.750,13.250,0.984279
44.000,13.250,0.987087
44.250,13.250,0.989888
44.500,13.250,0.992680
44.750,13.250,0.995464
45.000,13.250,0.998241
1.000,13.375,0.150457
1.250,13.375,0.168216
1.500,13.375,0.184271
1.750,13.375,0.199036
2.000,13.375,0.212778
2.250,13.375,0.225685
2.500,13.375,0.237893
2.750,13.375,0.249505
3.000,13.375,0.260599
3.250,13.375,0.271240
3.500,13.375,0.281479
3.750,13.375,0.291359
4.000,13.375,0.300914
4.250,13.375,0.310175
4.500,13.375,0.319167
4.750,13.375,0.327913
5.000,13.375,0.336432
5.250,13.375,0.344740
5.500,13.375,0.352853
5.750,13.375,0.360783
6.000,13.375,0.368543
6.250,13.375,0.376142
6.500,13.375,0.383591
6.750,13.375,0.390898
7.000,13.375,0.398072
7.250,13.375,0.405118
7.500,13.375,0.412043
7.750,13.375,0.418854
8.000,13.375,0.425556
8.250,13.375,0.432155
8.500,13.375,0.438653
8.750,13.375,0.445057
9.000,13.375,0.451371
9.250,13.375,0.457597
9.500,13.375,0.463739
9.750,13.375,0.469801
10.000,13.375,0.475786
10.250,13.375,0.481697
10.500,13.375,0.487536
10.750,13.375,0.493306
11.000,13.375,0.499009
11.250,13.375,0.504648
11.500,13.375,0.510224
11.750,13.375,0.515740
12.000,13.375,0.521198
12.250,13.375,0.526599
12.500,13.375,0.531945
12.750,13.375,0.537239
13.000,13.375,0.542480
13.250,13.375,0.547671
13.500,13.375,0.552814
13.750,13.375,0.557909
14.000,13.375,0.562958
14.250,13.375,0.567962
14.500,13.375,0.572923
14.750,13.375,0.577841
15.000,13.375,0.582717
15.250,13.375,0.587553
15.500,13.375,0.592349
15.750,13.375,0.597107
16.000,13.375,0.601828
16.250,13.375,0.606511
16.500,13.375,0.611159
16.750,13.375,0.615771
17.000,13.375,0.620350
17.250,13.375,0.624894
17.500,13.375,0.629406
17.750,13.375,0.633886
18.000,13.375,0.638335
18.250,13.375,0.642752
18.500,13.375,0.647140
18.750,13.375,0.651497
19.000,13.375,0.655826
19.250,13.375,0.660127
19.500,13.375,0.664400
19.750,13.375,0.668645
20.000,13.375,0.672864
20.250,13.375,0.677056
20.500,13.375,0.681223
20.750,13.375,0.685364
21.000,13.375,0.689480
21.250,13.375,0.693572
21.500,13.375,0.697640
21.750,13.375,0.701684
22.000,13.375,0.705705
22.250,13.375,0.709704
22.500,13.375,0.713680
22.750,13.375,0.717634
23.000,13.375,0.721566
23.250,13.375,0.725477
23.500,13.375,0.729367
23.750,13.375,0.733236
24.000,13.375,0.737085
24.250,13.375,0.740914
24.500,13.375,0.744724
24.750,13.375,0.748514
25.000,13.375,0.752284
25.250,13.375,0.756036
25.500,13.375,0.759770
25.750,13.375,0.763485
26.000,13.375,0.767183
26.250,13.375,0.770862
26.500,13.375,0.774524
26.750,13.375,0.778169
27.000,13.375,0.781797
27.250,13.375,0.785408
27.500,13.375,0.789003
27.750,13.375,0.792581
28.000,13.375,0.796143
28.250,13.375,0.799689
28.500,13.375,0.803220
28.750,13.375,0.806735
29.000,13.375,0.810235
29.250,13.375,0.813720
29.500,13.375,0.817190
29.750,13.375,0.820645
30.000,13.375,0.824086
30.250,13.375,0.827513
30.500,13.375,0.830925
30.750,13.375,0.834324
31.000,13.375,0.837708
31.250,13.375,0.841080
31.500,13.375,0.844437
31.750,13.375,0.847782
32.000,13.375,0.851113
32.250,13.375,0.854431
32.500,13.375,0.857736
32.750,13.375,0.861029
33.000,13.375,0.864309
33.250,13.375,0.867577
33.500,13.375,0.870832
33.750,13.375,0.874076
34.000,13.375,0.877307
34.250,13.375,0.880526
34.500,13.375,0.883734
34.750,13.375,0.886930
35.000,13.375,0.890115
35.250,13.375,0.893288
35.500,13.375,0.896450
35.750,13.375,0.899601
36.000,13.375,0.902741
36.250,13.375,0.905870
36.500,13.375,0.908989
36.750,13.375,0.912096
37.000,13.375,0.915194
37.250,13.375,0.918280
37.500,13.375,0.921357
37.750,13.375,0.924423
38.000,13.375,0.927479
38.250,13.375,0.930524
38.500,13.375,0.933560
38.750,13.375,0.936587
39.000,13.375,0.939603
39.250,13.375,0.942610
39.500,13.375,0.945607
39.750,13.375,0.948595
40.000,13.375,0.951573
40.250,13.375,0.954542
40.500,13.375,0.957502
40.750,13.375,0.960452
41.000,13.375,0.963394
41.250,13.375,0.966327
41.500,13.375,0.969251
41.750,13.375,0.972166
42.000,13.375,0.975072
42.250,13.375,0.977970
42.500,13.375,0.980859
42.750,13.375,0.983740
43.000,13.375,0.986612
43.250,13.375,0.989476
43.500,13.375,0.992331
43.750,13.375,0.995179
44.000,13.375,0.998018
44.250,13.375,1.000849
44.500,13.375,1.003673
44.750,13.375,1.006488
45.000,13.375,1.009295
1.000,13.500,0.152105
1.250,13.500,0.170058
1.500,13.500,0.186290
1.750,13.500,0.201216
2.000,13.500,0.215109
2.250,13.500,0.228157
2.500,13.500,0.240499
2.750,13.500,0.252237
3.000,13.500,0.263453
3.250,13.500,0.274211
3.500,13.500,0.284562
3.750,13.500,0.294550
4.000,13.500,0.304210
4.250,13.500,0.313572
4.500,13.500,0.322663
4.750,13.500,0.331505
5.000,13.500,0.340117
5.250,13.500,0.348516
5.500,13.500,0.356717
5.750,13.500,0.364734
6.000,13.500,0.372579
6.250,13.500,0.380262
6.500,13.500,0.387793
6.750,13.500,0.395180
7.000,13.500,0.402431
7.250,13.500,0.409555
7.500,13.500,0.416556
7.750,13.500,0.423442
8.000,13.500,0.430217
8.250,13.500,0.436888
8.500,13.500,0.443458
8.750,13.500,0.449932
9.000,13.500,0.456314
9.250,13.500,0.462609
9.500,13.500,0.468818
9.750,13.500,0.474947
10.000,13.500,0.480997
10.250,13.500,0.486973
10.500,13.500,0.492876
10.750,13.500,0.498709
11.000,13.500,0.504474
11.250,13.500,0.510175
11.500,13.500,0.515812
11.750,13.500,0.521389
12.000,13.500,0.526906
12.250,13.500,0.532367
12.500,13.500,0.537772
12.750,13.500,0.543123
13.000,13.500,0.548421
13.250,13.500,0.553670
13.500,13.500,0.558869
13.750,13.500,0.564020
14.000,13.500,0.569124
14.250,13.500,0.574183
14.500,13.500,0.579198
14.750,13.500,0.584169
15.000,13.500,0.589099
15.250,13.500,0.593988
15.500,13.500,0.598837
15.750,13.500,0.603647
16.000,13.500,0.608419
16.250,13.500,0.613154
16.500,13.500,0.617852
16.750,13.500,0.622516
17.000,13.500,0.627144
17.250,13.500,0.631738
17.500,13.500,0.636300
17.750,13.500,0.640829
18.000,13.500,0.645326
18.250,13.500,0.649792
18.500,13.500,0.654227
18.750,13.500,0.658633
19.000,13.500,0.663009
19.250,13.500,0.667357
19.500,13.500,0.671676
19.750,13.500,0.675968
20.000,13.500,0.680233
20.250,13.500,0.684471
20.500,13.500,0.688684
20.750,13.500,0.692870
21.000,13.500,0.697032
21.250,13.500,0.701168
21.500,13.500,0.705281
21.750,13.500,0.709369
22.000,13.500,0.713435
22.250,13.500,0.717477
22.500,13.500,0.721496
22.750,13.500,0.725493
23.000,13.500,0.729469
23.250,13.500,0.733423
23.500,13.500,0.737355
23.750,13.500,0.741267
24.000,13.500,0.745158
24.250,13.500,0.749029
24.500,13.500,0.752880
24.750,13.500,0.756712
25.000,13.500,0.760524
25.250,13.500,0.764317
25.500,13.500,0.768091
25.750,13.500,0.771847
26.000,13.500,0.775585
26.250,13.500,0.779305
26.500,13.500,0.783007
26.750,13.500,0.786692
27.000,13.500,0.790359
27.250,13.500,0.794010
27.500,13.500,0.797644
27.750,13.500,0.801262
28.000,13.500,0.804863
28.250,13.500,0.808448
28.500,13.500,0.812017
28.750,13.500,0.815571
29.000,13.500,0.819109
29.250,13.500,0.822632
29.500,13.500,0.826140
29.750,13.500,0.829633
30.000,13.500,0.833112
30.250,13.500,0.836576
30.500,13.500,0.840026
30.750,13.500,0.843462
31.000,13.500,0.846883
31.250,13.500,0.850291
31.500,13.500,0.853686
31.750,13.500,0.857067
32.000,13.500,0.860434
32.250,13.500,0.863789
32.500,13.500,0.867131
32.750,13.500,0.870459
33.000,13.500,0.873775
33.250,13.500,0.877079
33.500,13.500,0.880370
33.750,13.500,0.883649
34.000,13.500,0.886916
34.250,13.500,0.890170
34.500,13.500,0.893413
34.750,13.500,0.896644
35.000,13.500,0.899864
35.250,13.500,0.903072
35.500,13.500,0.906269
35.750,13.500,0.909454
36.000,13.500,0.912629
36.250,13.500,0.915792
36.500,13.500,0.918944
36.750,13.500,0.922086
37.000,13.500,0.925217
37.250,13.500,0.928338
37.500,13.500,0.931448
37.750,13.500,0.934547
38.000,13.500,0.937637
38.250,13.500,0.940716
38.500,13.500,0.943785
38.750,13.500,0.946844
39.000,13.500,0.949894
39.250,13.500,0.952934
39.500,13.500,0.955964
39.750,13.500,0.958984
40.000,13.500,0.961995
40.250,13.500,0.964996
40.500,13.500,0.967989
40.750,13.500,0.970972
41.000,13.500,0.973946
41.250,13.500,0.976910
41.500,13.500,0.979866
41.750,13.500,0.982813
42.000,13.500,0.985751
42.250,13.500,0.988681
42.500,13.500,0.991602
42.750,13.500,0.994514
43.000,13.500,0.997418
43.250,13.500,1.000313
43.500,13.500,1.003200
43.750,13.500,1.006078
44.000,13.500,1.008949
44.250,13.500,1.011811
44.500,13.500,1.014665
44.750,13.500,1.017511
45.000,13.500,1.020350
1.000,13.625,0.153753
1.250,13.625,0.171901
1.500,13.625,0.188308
1.750,13.625,0.203396
2.000,13.625,0.217439
2.250,13.625,0.230629
2.500,13.625,0.243104
2.750,13.625,0.254970
3.000,13.625,0.266307
3.250,13.625,0.277181
3.500,13.625,0.287645
3.750,13.625,0.297741
4.000,13.625,0.307505
4.250,13.625,0.316969
4.500,13.625,0.326159
4.750,13.625,0.335096
5.000,13.625,0.343801
5.250,13.625,0.352292
5.500,13.625,0.360582
5.750,13.625,0.368686
6.000,13.625,0.376615
6.250,13.625,0.384382
6.500,13.625,0.391994
6.750,13.625,0.399461
7.000,13.625,0.406791
7.250,13.625,0.413992
7.500,13.625,0.421069
7.750,13.625,0.428029
8.000,13.625,0.434878
8.250,13.625,0.441621
8.500,13.625,0.448262
8.750,13.625,0.454806
9.000,13.625,0.461258
9.250,13.625,0.467620
9.500,13.625,0.473897
9.750,13.625,0.480092
10.000,13.625,0.486208
10.250,13.625,0.492249
10.500,13.625,0.498215
10.750,13.625,0.504112
11.000,13.625,0.509940
11.250,13.625,0.515702
11.500,13.625,0.521401
11.750,13.625,0.527037
12.000,13.625,0.532615
12.250,13.625,0.538134
12.500,13.625,0.543598
12.750,13.625,0.549007
13.000,13.625,0.554363
13.250,13.625,0.559668
13.500,13.625,0.564923
13.750,13.625,0.570130
14.000,13.625,0.575290
14.250,13.625,0.580403
14.500,13.625,0.585473
14.750,13.625,0.590498
15.000,13.625,0.595481
15.250,13.625,0.600423
15.500,13.625,0.605325
15.750,13.625,0.610187
16.000,13.625,0.615010
16.250,13.625,0.619797
16.500,13.625,0.624546
16.750,13.625,0.629260
17.000,13.625,0.633938
17.250,13.625,0.638583
17.500,13.625,0.643193
17.750,13.625,0.647771
18.000,13.625,0.652317
18.250,13.625,0.656831
18.500,13.625,0.661315
18.750,13.625,0.665768
19.000,13.625,0.670192
19.250,13.625,0.674587
19.500,13.625,0.678953
19.750,13.625,0.683292
20.000,13.625,0.687603
20.250,13.625,0.691887
20.500,13.625,0.696145
20.750,13.625,0.700377
21.000,13.625,0.704583
21.250,13.625,0.708765
21.500,13.625,0.712922
21.750,13.625,0.717054
22.000,13.625,0.721164
22.250,13.625,0.725250
22.500,13.625,0.729313
22.750,13.625,0.733353
23.000,13.625,0.737372
23.250,13.625,0.741368
23.500,13.625,0.745343
23.750,13.625,0.749298
24.000,13.625,0.753231
24.250,13.625,0.757144
24.500,13.625,0.761037
24.750,13.625,0.764910
25.000,13.625,0.768763
25.250,13.625,0.772597
25.500,13.625,0.776413
25.750,13.625,0.780209
26.000,13.625,0.783988
26.250,13.625,0.787748
26.500,13.625,0.791490
26.750,13.625,0.795215
27.000,13.625,0.798922
27.250,13.625,0.802612
27.500,13.625,0.806286
27.750,13.625,0.809942
28.000,13.625,0.813582
28.250,13.625,0.817206
28.500,13.625,0.820814
28.750,13.625,0.824407
29.000,13.625,0.827983
29.250,13.625,0.831544
29.500,13.625,0.835090
29.750,13.625,0.838622
30.000,13.625,0.842138
30.250,13.625,0.845639
30.500,13.625,0.849127
30.750,13.625,0.852600
31.000,13.625,0.856058
31.250,13.625,0.859503
31.500,13.625,0.862934
31.750,13.625,0.866352
32.000,13.625,0.869756
32.250,13.625,0.873147
32.500,13.625,0.876525
32.750,13.625,0.879890
33.000,13.625,0.883242
33.250,13.625,0.886581
33.500,13.625,0.889908
33.750,13.625,0.893222
34.000,13.625,0.896524
34.250,13.625,0.899814
34.500,13.625,0.903092
34.750,13.625,0.906358
35.000,13.625,0.909613
35.250,13.625,0.912856
35.500,13.625,0.916087
35.750,13.625,0.919307
36.000,13.625,0.922516
36.250,13.625,0.925713
36.500,13.625,0.928900
36.750,13.625,0.932076
37.000,13.625,0.935241
37.250,13.625,0.938395
37.500,13.625,0.941539
37.750,13.625,0.944672
38.000,13.625,0.947795
38.250,13.625,0.950907
38.500,13.625,0.954010
38.750,13.625,0.957102
39.000,13.625,0.960185
39.250,13.625,0.963257
39.500,13.625,0.966320
39.750,13.625,0.969373
40.000,13.625,0.972417
40.250,13.625,0.975451
40.500,13.625,0.978476
40.750,13.625,0.981491
41.000,13.625,0.984497
41.250,13.625,0.987494
41.500,13.625,0.990482
41.750,13.625,0.993461
42.000,13.625,0.996431
42.250,13.625,0.999392
42.500,13.625,1.002344
42.750,13.625,1.005288
43.000,13.625,1.008223
43.250,13.625,1.011150
43.500,13.625,1.014068
43.750,13.625,1.016978
44.000,13.625,1.019880
44.250,13.625,1.022773
44.500,13.625,1.025658
44.750,13.625,1.028535
45.000,13.625,1.031404
1.000,13.750,0.155400
1.250,13.750,0.173743
1.500,13.750,0.190326
1.750,13.750,0.205576
2.000,13.750,0.219769
2.250,13.750,0.233101
2.500,13.750,0.245710
2.750,13.750,0.257703
3.000,13.750,0.269162
3.250,13.750,0.280152
3.500,13.750,0.290728
3.750,13.750,0.300932
4.000,13.750,0.310801
4.250,13.750,0.320366
4.500,13.750,0.329654
4.750,13.750,0.338688
5.000,13.750,0.347486
5.250,13.750,0.356067
5.500,13.750,0.364446
5.750,13.750,0.372637
6.000,13.750,0.380652
6.250,13.750,0.388501
6.500,13.750,0.396195
6.750,13.750,0.403742
7.000,13.750,0.411151
7.250,13.750,0.418429
7.500,13.750,0.425582
7.750,13.750,0.432617
8.000,13.750,0.439539
8.250,13.750,0.446354
8.500,13.750,0.453066
8.750,13.750,0.459681
9.000,13.750,0.466201
9.250,13.750,0.472632
9.500,13.750,0.478976
9.750,13.750,0.485238
10.000,13.750,0.491419
10.250,13.750,0.497524
10.500,13.750,0.503555
10.750,13.750,0.509515
11.000,13.750,0.515405
11.250,13.750,0.521229
11.500,13.750,0.526989
11.750,13.750,0.532686
12.000,13.750,0.538323
12.250,13.750,0.543902
12.500,13.750,0.549424
12.750,13.750,0.554891
13.000,13.750,0.560304
13.250,13.750,0.565666
13.500,13.750,0.570978
13.750,13.750,0.576240
14.000,13.750,0.581455
14.250,13.750,0.586624
14.500,13.750,0.591747
14.750,13.750,0.596827
15.000,13.750,0.601864
15.250,13.750,0.606858
15.500,13.750,0.611812
15.750,13.750,0.616727
16.000,13.750,0.621602
16.250,13.750,0.626439
16.500,13.750,0.631240
16.750,13.750,0.636004
17.000,13.750,0.640733
17.250,13.750,0.645427
17.500,13.750,0.650087
17.750,13.750,0.654714
18.000,13.750,0.659308
18.250,13.750,0.663871
18.500,13.750,0.668403
18.750,13.750,0.672904
19.000,13.750,0.677375
19.250,13.750,0.681817
19.500,13.750,0.686230
19.750,13.750,0.690615
20.000,13.750,0.694972
20.250,13.750,0.699302
20.500,13.750,0.703606
20.750,13.750,0.707883
21.000,13.750,0.712135
21.250,13.750,0.716361
21.500,13.750,0.720562
21.750,13.750,0.724740
22.000,13.750,0.728893
22.250,13.750,0.733023
22.500,13.750,0.737129
22.750,13.750,0.741213
23.000,13.750,0.745275
23.250,13.750,0.749314
23.500,13.750,0.753332
23.750,13.750,0.757328
24.000,13.750,0.761304
24.250,13.750,0.765259
24.500,13.750,0.769193
24.750,13.750,0.773108
25.000,13.750,0.777002
25.250,13.750,0.780878
25.500,13.750,0.784734
25.750,13.750,0.788571
26.000,13.750,0.792390
26.250,13.750,0.796191
26.500,13.750,0.799973
26.750,13.750,0.803738
27.000,13.750,0.807485
27.250,13.750,0.811214
27.500,13.750,0.814927
27.750,13.750,0.818623
28.000,13.750,0.822302
28.250,13.750,0.825965
28.500,13.750,0.829612
28.750,13.750,0.833242
29.000,13.750,0.836857
29.250,13.750,0.840457
29.500,13.750,0.844041
29.750,13.750,0.847610
30.000,13.750,0.851164
30.250,13.750,0.854703
30.500,13.750,0.858227
30.750,13.750,0.861737
31.000,13.750,0.865233
31.250,13.750,0.868715
31.500,13.750,0.872183
31.750,13.750,0.875637
32.000,13.750,0.879078
32.250,13.750,0.882505
32.500,13.750,0.885919
32.750,13.750,0.889320
33.000,13.750,0.892708
33.250,13.750,0.896083
33.500,13.750,0.899445
33.750,13.750,0.902795
34.000,13.750,0.906133
34.250,13.750,0.909458
34.500,13.750,0.912771
34.750,13.750,0.916072
35.000,13.750,0.919362
35.250,13.750,0.922639
35.500,13.750,0.925905
35.750,13.750,0.929160
36.000,13.750,0.932403
36.250,13.750,0.935635
36.500,13.750,0.938856
36.750,13.750,0.942065
37.000,13.750,0.945264
37.250,13.750,0.948452
37.500,13.750,0.951630
37.750,13.750,0.954797
38.000,13.750,0.957953
38.250,13.750,0.961099
38.500,13.750,0.964235
38.750,13.750,0.967360
39.000,13.750,0.970476
39.250,13.750,0.973581
39.500,13.750,0.976677
39.750,13.750,0.979763
40.000,13.750,0.982839
40.250,13.750,0.985906
40.500,13.750,0.988963
40.750,13.750,0.992010
41.000,13.750,0.995049
41.250,13.750,0.998078
41.500,13.750,1.001098
41.750,13.750,1.004108
42.000,13.750,1.007110
42.250,13.750,1.010103
42.500,13.750,1.013087
42.750,13.750,1.016063
43.000,13.750,1.019029
43.250,13.750,1.021987
43.500,13.750,1.024937
43.750,13.750,1.027878
44.000,13.750,1.030810
44.250,13.750,1.033735
44.500,13.750,1.036651
44.750,13.750,1.039558
45.000,13.750,1.042458
1.000,13.875,0.157048
1.250,13.875,0.175585
1.500,13.875,0.192344
1.750,13.875,0.207755
2.000,13.875,0.222100
2.250,13.875,0.235573
2.500,13.875,0.248315
2.750,13.875,0.260435
3.000,13.875,0.272016
3.250,13.875,0.283123
3.500,13.875,0.293811
3.750,13.875,0.304123
4.000,13.875,0.314097
4.250,13.875,0.323763
4.500,13.875,0.333150
4.750,13.875,0.342279
5.000,13.875,0.351171
5.250,13.875,0.359843
5.500,13.875,0.368311
5.750,13.875,0.376589
6.000,13.875,0.384688
6.250,13.875,0.392621
6.500,13.875,0.400396
6.750,13.875,0.408024
7.000,13.875,0.415511
7.250,13.875,0.422866
7.500,13.875,0.430095
7.750,13.875,0.437204
8.000,13.875,0.444200
8.250,13.875,0.451087
8.500,13.875,0.457871
8.750,13.875,0.464555
9.000,13.875,0.471145
9.250,13.875,0.477644
9.500,13.875,0.484056
9.750,13.875,0.490383
10.000,13.875,0.496631
10.250,13.875,0.502800
10.500,13.875,0.508895
10.750,13.875,0.514917
11.000,13.875,0.520870
11.250,13.875,0.526756
11.500,13.875,0.532577
11.750,13.875,0.538335
12.000,13.875,0.544031
12.250,13.875,0.549669
12.500,13.875,0.555250
12.750,13.875,0.560775
13.000,13.875,0.566246
13.250,13.875,0.571665
13.500,13.875,0.577033
13.750,13.875,0.582351
14.000,13.875,0.587621
14.250,13.875,0.592845
14.500,13.875,0.598022
14.750,13.875,0.603156
15.000,13.875,0.608246
15.250,13.875,0.613293
15.500,13.875,0.618300
15.750,13.875,0.623266
16.000,13.875,0.628193
16.250,13.875,0.633082
16.500,13.875,0.637933
16.750,13.875,0.642748
17.000,13.875,0.647527
17.250,13.875,0.652271
17.500,13.875,0.656980
17.750,13.875,0.661656
18.000,13.875,0.666300
18.250,13.875,0.670911
18.500,13.875,0.675491
18.750,13.875,0.680039
19.000,13.875,0.684558
19.250,13.875,0.689047
19.500,13.875,0.693507
19.750,13.875,0.697938
20.000,13.875,0.702342
20.250,13.875,0.706718
20.500,13.875,0.711067
20.750,13.875,0.715389
21.000,13.875,0.719686
21.250,13.875,0.723957
21.500,13.875,0.728203
21.750,13.875,0.732425
22.000,13.875,0.736622
22.250,13.875,0.740796
22.500,13.875,0.744946
22.750,13.875,0.749073
23.000,13.875,0.753177
23.250,13.875,0.757260
23.500,13.875,0.761320
23.750,13.875,0.765359
24.000,13.875,0.769377
24.250,13.875,0.773373
24.500,13.875,0.777350
24.750,13.875,0.781306
25.000,13.875,0.785242
25.250,13.875,0.789158
25.500,13.875,0.793055
25.750,13.875,0.796933
26.000,13.875,0.800793
26.250,13.875,0.804633
26.500,13.875,0.808456
26.750,13.875,0.812260
27.000,13.875,0.816047
27.250,13.875,0.819816
27.500,13.875,0.823569
27.750,13.875,0.827304
28.000,13.875,0.831022
28.250,13.875,0.834723
28.500,13.875,0.838409
28.750,13.875,0.842078
29.000,13.875,0.845731
29.250,13.875,0.849369
29.500,13.875,0.852991
29.750,13.875,0.856598
30.000,13.875,0.860189
30.250,13.875,0.863766
30.500,13.875,0.867328
30.750,13.875,0.870875
31.000,13.875,0.874408
31.250,13.875,0.877927
31.500,13.875,0.881432
31.750,13.875,0.884923
32.000,13.875,0.888400
32.250,13.875,0.891863
32.500,13.875,0.895313
32.750,13.875,0.898750
33.000,13.875,0.902174
33.250,13.875,0.905585
33.500,13.875,0.908983
33.750,13.875,0.912369
34.000,13.875,0.915741
34.250,13.875,0.919102
34.500,13.875,0.922450
34.750,13.875,0.925786
35.000,13.875,0.929111
35.250,13.875,0.932423
35.500,13.875,0.935724
35.750,13.875,0.939013
36.000,13.875,0.942290
36.250,13.875,0.945556
36.500,13.875,0.948811
36.750,13.875,0.952055
37.000,13.875,0.955288
37.250,13.875,0.958510
37.500,13.875,0.961721
37.750,13.875,0.964921
38.000,13.875,0.968111
38.250,13.875,0.971290
38.500,13.875,0.974459
38.750,13.875,0.977618
39.000,13.875,0.980767
39.250,13.875,0.983905
39.500,13.875,0.987034
39.750,13.875,0.990152
40.000,13.875,0.993261
40.250,13.875,0.996360
40.500,13.875,0.999450
40.750,13.875,1.002530
41.000,13.875,1.005600
41.250,13.875,1.008661
41.500,13.875,1.011713
41.750,13.875,1.014756
42.000,13.875,1.017790
42.250,13.875,1.020814
42.500,13.875,1.023830
42.750,13.875,1.026837
43.000,13.875,1.029835
43.250,13.875,1.032824
43.500,13.875,1.035805
43.750,13.875,1.038777
44.000,13.875,1.041741
44.250,13.875,1.044696
44.500,13.875,1.047643
44.750,13.875,1.050582
45.000,13.875,1.053512
1.000,14.000,0.158696
1.250,14.000,0.177428
1.500,14.000,0.194362
1.750,14.000,0.209935
2.000,14.000,0.224430
2.250,14.000,0.238044
2.500,14.000,0.250921
2.750,14.000,0.263168
3.000,14.000,0.274870
3.250,14.000,0.286094
3.500,14.000,0.296893
3.750,14.000,0.307314
4.000,14.000,0.317392
4.250,14.000,0.327161
4.500,14.000,0.336646
4.750,14.000,0.345870
5.000,14.000,0.354856
5.250,14.000,0.363619
5.500,14.000,0.372176
5.750,14.000,0.380540
6.000,14.000,0.388725
6.250,14.000,0.396741
6.500,14.000,0.404598
6.750,14.000,0.412305
7.000,14.000,0.419871
7.250,14.000,0.427303
7.500,14.000,0.434608
7.750,14.000,0.441792
8.000,14.000,0.448861
8.250,14.000,0.455820
8.500,14.000,0.462675
8.750,14.000,0.469430
9.000,14.000,0.476089
9.250,14.000,0.482656
9.500,14.000,0.489135
9.750,14.000,0.495529
10.000,14.000,0.501842
10.250,14.000,0.508076
10.500,14.000,0.514235
10.750,14.000,0.520320
11.000,14.000,0.526336
11.250,14.000,0.532283
11.500,14.000,0.538165
11.750,14.000,0.543983
12.000,14.000,0.549740
12.250,14.000,0.555437
12.500,14.000,0.561076
12.750,14.000,0.566659
13.000,14.000,0.572187
13.250,14.000,0.577663
13.500,14.000,0.583087
13.750,14.000,0.588461
14.000,14.000,0.593787
14.250,14.000,0.599065
14.500,14.000,0.604297
14.750,14.000,0.609484
15.000,14.000,0.614628
15.250,14.000,0.619729
15.500,14.000,0.624788
15.750,14.000,0.629806
16.000,14.000,0.634785
16.250,14.000,0.639725
16.500,14.000,0.644627
16.750,14.000,0.649492
17.000,14.000,0.654321
17.250,14.000,0.659115
17.500,14.000,0.663874
17.750,14.000,0.668599
18.000,14.000,0.673291
18.250,14.000,0.677951
18.500,14.000,0.682578
18.750,14.000,0.687175
19.000,14.000,0.691741
19.250,14.000,0.696277
19.500,14.000,0.700784
19.750,14.000,0.705261
20.000,14.000,0.709711
20.250,14.000,0.714133
20.500,14.000,0.718528
20.750,14.000,0.722896
21.000,14.000,0.727237
21.250,14.000,0.731553
21.500,14.000,0.735844
21.750,14.000,0.740110
22.000,14.000,0.744351
22.250,14.000,0.748569
22.500,14.000,0.752762
22.750,14.000,0.756933
23.000,14.000,0.761080
23.250,14.000,0.765205
23.500,14.000,0.769308
23.750,14.000,0.773390
24.000,14.000,0.777450
24.250,14.000,0.781488
24.500,14.000,0.785506
24.750,14.000,0.789504
25.000,14.000,0.793481
25.250,14.000,0.797439
25.500,14.000,0.801377
25.750,14.000,0.805295
26.000,14.000,0.809195
26.250,14.000,0.813076
26.500,14.000,0.816939
26.750,14.000,0.820783
27.000,14.000,0.824610
27.250,14.000,0.828419
27.500,14.000,0.832210
27.750,14.000,0.835984
28.000,14.000,0.839741
28.250,14.000,0.843482
28.500,14.000,0.847206
28.750,14.000,0.850914
29.000,14.000,0.854605
29.250,14.000,0.858281
29.500,14.000,0.861941
29.750,14.000,0.865586
30.000,14.000,0.869215
30.250,14.000,0.872829
30.500,14.000,0.876429
30.750,14.000,0.880013
31.000,14.000,0.883583
31.250,14.000,0.887139
31.500,14.000,0.890680
31.750,14.000,0.894208
32.000,14.000,0.897721
32.250,14.000,0.901221
32.500,14.000,0.904708
32.750,14.000,0.908181
33.000,14.000,0.911640
33.250,14.000,0.915087
33.500,14.000,0.918521
33.750,14.000,0.921942
34.000,14.000,0.925350
34.250,14.000,0.928746
34.500,14.000,0.932129
34.750,14.000,0.935500
35.000,14.000,0.938860
35.250,14.000,0.942207
35.500,14.000,0.945542
35.750,14.000,0.948865
36.000,14.000,0.952177
36.250,14.000,0.955478
36.500,14.000,0.958767
36.750,14.000,0.962045
37.000,14.000,0.965311
37.250,14.000,0.968567
37.500,14.000,0.971812
37.750,14.000,0.975046
38.000,14.000,0.978269
38.250,14.000,0.981482
38.500,14.000,0.984684
38.750,14.000,0.987876
39.000,14.000,0.991058
39.250,14.000,0.994229
39.500,14.000,0.997390
39.750,14.000,1.000542
40.000,14.000,1.003683
40.250,14.000,1.006815
40.500,14.000,1.009937
40.750,14.000,1.013049
41.000,14.000,1.016152
41.250,14.000,1.019245
41.500,14.000,1.022329
41.750,14.000,1.025404
42.000,14.000,1.028469
42.250,14.000,1.031525
42.500,14.000,1.034573
42.750,14.000,1.037611
43.000,14.000,1.040641
43.250,14.000,1.043661
43.500,14.000,1.046673
43.750,14.000,1.049677
44.000,14.000,1.052672
44.250,14.000,1.055658
44.500,14.000,1.058636
44.750,14.000,1.061605
45.000,14.000,1.064567
1.000,14.125,0.160344
1.250,14.125,0.179270
1.500,14.125,0.196381
1.750,14.125,0.212115
2.000,14.125,0.226761
2.250,14.125,0.240516
2.500,14.125,0.253526
2.750,14.125,0.265901
3.000,14.125,0.277724
3.250,14.125,0.289064
3.500,14.125,0.299976
3.750,14.125,0.310505
4.000,14.125,0.320688
4.250,14.125,0.330558
4.500,14.125,0.340141
4.750,14.125,0.349462
5.000,14.125,0.358540
5.250,14.125,0.367394
5.500,14.125,0.376040
5.750,14.125,0.384492
6.000,14.125,0.392761
6.250,14.125,0.400860
6.500,14.125,0.408799
6.750,14.125,0.416586
7.000,14.125,0.424231
7.250,14.125,0.431740
7.500,14.125,0.439120
7.750,14.125,0.446379
8.000,14.125,0.453522
8.250,14.125,0.460553
8.500,14.125,0.467479
8.750,14.125,0.474304
9.000,14.125,0.481032
9.250,14.125,0.487668
9.500,14.125,0.494214
9.750,14.125,0.500674
10.000,14.125,0.507053
10.250,14.125,0.513352
10.500,14.125,0.519574
10.750,14.125,0.525723
11.000,14.125,0.531801
11.250,14.125,0.537810
11.500,14.125,0.543753
11.750,14.125,0.549632
12.000,14.125,0.555448
12.250,14.125,0.561204
12.500,14.125,0.566902
12.750,14.125,0.572543
13.000,14.125,0.578129
13.250,14.125,0.583661
13.500,14.125,0.589142
13.750,14.125,0.594572
14.000,14.125,0.599953
14.250,14.125,0.605286
14.500,14.125,0.610572
14.750,14.125,0.615813
15.000,14.125,0.621010
15.250,14.125,0.626164
15.500,14.125,0.631275
15.750,14.125,0.636346
16.000,14.125,0.641376
16.250,14.125,0.646368
16.500,14.125,0.651321
16.750,14.125,0.656236
17.000,14.125,0.661116
17.250,14.125,0.665959
17.500,14.125,0.670767
17.750,14.125,0.675542
18.000,14.125,0.680282
18.250,14.125,0.684990
18.500,14.125,0.689666
18.750,14.125,0.694310
19.000,14.125,0.698924
19.250,14.125,0.703507
19.500,14.125,0.708060
19.750,14.125,0.712585
20.000,14.125,0.717081
20.250,14.125,0.721548
20.500,14.125,0.725989
20.750,14.125,0.730402
21.000,14.125,0.734789
21.250,14.125,0.739150
21.500,14.125,0.743485
21.750,14.125,0.747795
22.000,14.125,0.752080
22.250,14.125,0.756342
22.500,14.125,0.760579
22.750,14.125,0.764793
23.000,14.125,0.768983
23.250,14.125,0.773151
23.500,14.125,0.777297
23.750,14.125,0.781420
24.000,14.125,0.785522
24.250,14.125,0.789603
24.500,14.125,0.793663
24.750,14.125,0.797702
25.000,14.125,0.801720
25.250,14.125,0.805719
25.500,14.125,0.809698
25.750,14.125,0.813657
26.000,14.125,0.817598
26.250,14.125,0.821519
26.500,14.125,0.825422
26.750,14.125,0.829306
27.000,14.125,0.833172
27.250,14.125,0.837021
27.500,14.125,0.840852
27.750,14.125,0.844665
28.000,14.125,0.848461
28.250,14.125,0.852241
28.500,14.125,0.856003
28.750,14.125,0.859749
29.000,14.125,0.863479
29.250,14.125,0.867193
29.500,14.125,0.870891
29.750,14.125,0.874574
30.000,14.125,0.878241
30.250,14.125,0.881893
30.500,14.125,0.885529
30.750,14.125,0.889151
31.000,14.125,0.892758
31.250,14.125,0.896351
31.500,14.125,0.899929
31.750,14.125,0.903493
32.000,14.125,0.907043
32.250,14.125,0.910579
32.500,14.125,0.914102
32.750,14.125,0.917611
33.000,14.125,0.921107
33.250,14.125,0.924589
33.500,14.125,0.928059
33.750,14.125,0.931515
34.000,14.125,0.934959
34.250,14.125,0.938390
34.500,14.125,0.941808
34.750,14.125,0.945214
35.000,14.125,0.948608
35.250,14.125,0.951990
35.500,14.125,0.955360
35.750,14.125,0.958718
36.000,14.125,0.962065
36.250,14.125,0.965399
36.500,14.125,0.968723
36.750,14.125,0.972034
37.000,14.125,0.975335
37.250,14.125,0.978625
37.500,14.125,0.981903
37.750,14.125,0.985171
38.000,14.125,0.988427
38.250,14.125,0.991673
38.500,14.125,0.994909
38.750,14.125,0.998134
39.000,14.125,1.001349
39.250,14.125,1.004553
39.500,14.125,1.007747
39.750,14.125,1.010931
40.000,14.125,1.014105
40.250,14.125,1.017269
40.500,14.125,1.020424
40.750,14.125,1.023568
41.000,14.125,1.026703
41.250,14.125,1.029829
41.500,14.125,1.032945
41.750,14.125,1.036051
42.000,14.125,1.039148
42.250,14.125,1.042237
42.500,14.125,1.045316
42.750,14.125,1.048386
43.000,14.125,1.051447
43.250,14.125,1.054499
43.500,14.125,1.057542
43.750,14.125,1.060576
44.000,14.125,1.063602
44.250,14.125,1.066620
44.500,14.125,1.069628
44.750,14.125,1.072629
45.000,14.125,1.075621
1.000,14.250,0.161992
1.250,14.250,0.181113
1.500,14.250,0.198399
1.750,14.250,0.214295
2.000,14.250,0.229091
2.250,14.250,0.242988
2.500,14.250,0.256132
2.750,14.250,0.268633
3.000,14.250,0.280578
3.250,14.250,0.292035
3.500,14.250,0.303059
3.750,14.250,0.313696
4.000,14.250,0.323984
4.250,14.250,0.333955
4.500,14.250,0.343637
4.750,14.250,0.353053
5.000,14.250,0.362225
5.250,14.250,0.371170
5.500,14.250,0.379905
5.750,14.250,0.388443
6.000,14.250,0.396798
6.250,14.250,0.404980
6.500,14.250,0.413000
6.750,14.250,0.420867
7.000,14.250,0.428590
7.250,14.250,0.436177
7.500,14.250,0.443633
7.750,14.250,0.450967
8.000,14.250,0.458182
8.250,14.250,0.465286
8.500,14.250,0.472284
8.750,14.250,0.479179
9.000,14.250,0.485976
9.250,14.250,0.492679
9.500,14.250,0.499293
9.750,14.250,0.505820
10.000,14.250,0.512264
10.250,14.250,0.518627
10.500,14.250,0.524914
10.750,14.250,0.531126
11.000,14.250,0.537267
11.250,14.250,0.543338
11.500,14.250,0.549341
11.750,14.250,0.555280
12.000,14.250,0.561157
12.250,14.250,0.566972
12.500,14.250,0.572728
12.750,14.250,0.578427
13.000,14.250,0.584070
13.250,14.250,0.589660
13.500,14.250,0.595196
13.750,14.250,0.600682
14.000,14.250,0.606118
14.250,14.250,0.611506
14.500,14.250,0.616847
14.750,14.250,0.622142
15.000,14.250,0.627392
15.250,14.250,0.632599
15.500,14.250,0.637763
15.750,14.250,0.642886
16.000,14.250,0.647968
16.250,14.250,0.653010
16.500,14.250,0.658014
16.750,14.250,0.662981
17.000,14.250,0.667910
17.250,14.250,0.672803
17.500,14.250,0.677661
17.750,14.250,0.682484
18.000,14.250,0.687274
18.250,14.250,0.692030
18.500,14.250,0.696754
18.750,14.250,0.701446
19.000,14.250,0.706107
19.250,14.250,0.710737
19.500,14.250,0.715337
19.750,14.250,0.719908
20.000,14.250,0.724450
20.250,14.250,0.728964
20.500,14.250,0.733450
20.750,14.250,0.737908
21.000,14.250,0.742340
21.250,14.250,0.746746
21.500,14.250,0.751126
21.750,14.250,0.755480
22.000,14.250,0.759810
22.250,14.250,0.764115
22.500,14.250,0.768395
22.750,14.250,0.772652
23.000,14.250,0.776886
23.250,14.250,0.781097
23.500,14.250,0.785285
23.750,14.250,0.789451
24.000,14.250,0.793595
24.250,14.250,0.797718
24.500,14.250,0.801819
24.750,14.250,0.805900
25.000,14.250,0.809960
25.250,14.250,0.814000
25.500,14.250,0.818019
25.750,14.250,0.822019
26.000,14.250,0.826000
26.250,14.250,0.829962
26.500,14.250,0.833905
26.750,14.250,0.837829
27.000,14.250,0.841735
27.250,14.250,0.845623
27.500,14.250,0.849493
27.750,14.250,0.853346
28.000,14.250,0.857181
28.250,14.250,0.860999
28.500,14.250,0.864800
28.750,14.250,0.868585
29.000,14.250,0.872353
29.250,14.250,0.876105
29.500,14.250,0.879842
29.750,14.250,0.883562
30.000,14.250,0.887266
30.250,14.250,0.890956
30.500,14.250,0.894630
30.750,14.250,0.898289
31.000,14.250,0.901933
31.250,14.250,0.905563
31.500,14.250,0.909178
31.750,14.250,0.912778
32.000,14.250,0.916365
32.250,14.250,0.919937
32.500,14.250,0.923496
32.750,14.250,0.927041
33.000,14.250,0.930573
33.250,14.250,0.934091
33.500,14.250,0.937596
33.750,14.250,0.941088
34.000,14.250,0.944567
34.250,14.250,0.948034
34.500,14.250,0.951487
34.750,14.250,0.954929
35.000,14.250,0.958357
35.250,14.250,0.961774
35.500,14.250,0.965178
35.750,14.250,0.968571
36.000,14.250,0.971952
36.250,14.250,0.975321
36.500,14.250,0.978678
36.750,14.250,0.982024
37.000,14.250,0.985359
37.250,14.250,0.988682
37.500,14.250,0.991994
37.750,14.250,0.995295
38.000,14.250,0.998585
38.250,14.250,1.001865
38.500,14.250,1.005134
38.750,14.250,1.008392
39.000,14.250,1.011639
39.250,14.250,1.014877
39.500,14.250,1.018104
39.750,14.250,1.021320
40.000,14.250,1.024527
40.250,14.250,1.027724
40.500,14.250,1.030911
40.750,14.250,1.034087
41.000,14.250,1.037255
41.250,14.250,1.040412
41.500,14.250,1.043560
41.750,14.250,1.046699
42.000,14.250,1.049828
42.250,14.250,1.052948
42.500,14.250,1.056058
42.750,14.250,1.059160
43.000,14.250,1.062252
43.250,14.250,1.065336
43.500,14.250,1.068410
43.750,14.250,1.071476
44.000,14.250,1.074533
44.250,14.250,1.077581
44.500,14.250,1.080621
44.750,14.250,1.083652
45.000,14.250,1.086675
1.000,14.375,0.163640
1.250,14.375,0.182955
1.500,14.375,0.200417
1.750,14.375,0.216475
2.000,14.375,0.231422
2.250,14.375,0.245460
2.500,14.375,0.258737
2.750,14.375,0.271366
3.000,14.375,0.283432
3.250,14.375,0.295006
3.500,14.375,0.306142
3.750,14.375,0.316887
4.000,14.375,0.327280
4.250,14.375,0.337352
4.500,14.375,0.347132
4.750,14.375,0.356645
5.000,14.375,0.365910
5.250,14.375,0.374946
5.500,14.375,0.383769
5.750,14.375,0.392395
6.000,14.375,0.400834
6.250,14.375,0.409100
6.500,14.375,0.417201
6.750,14.375,0.425149
7.000,14.375,0.432950
7.250,14.375,0.440614
7.500,14.375,0.448146
7.750,14.375,0.455554
8.000,14.375,0.462843
8.250,14.375,0.470020
8.500,14.375,0.477088
8.750,14.375,0.484053
9.000,14.375,0.490919
9.250,14.375,0.497691
9.500,14.375,0.504372
9.750,14.375,0.510965
10.000,14.375,0.517475
10.250,14.375,0.523903
10.500,14.375,0.530254
10.750,14.375,0.536529
11.000,14.375,0.542732
11.250,14.375,0.548865
11.500,14.375,0.554930
11.750,14.375,0.560929
12.000,14.375,0.566865
12.250,14.375,0.572739
12.500,14.375,0.578554
12.750,14.375,0.584311
13.000,14.375,0.590012
13.250,14.375,0.595658
13.500,14.375,0.601251
13.750,14.375,0.606793
14.000,14.375,0.612284
14.250,14.375,0.617727
14.500,14.375,0.623122
14.750,14.375,0.628471
15.000,14.375,0.633774
15.250,14.375,0.639034
15.500,14.375,0.644251
15.750,14.375,0.649425
16.000,14.375,0.654559
16.250,14.375,0.659653
16.500,14.375,0.664708
16.750,14.375,0.669725
17.000,14.375,0.674704
17.250,14.375,0.679647
17.500,14.375,0.684555
17.750,14.375,0.689427
18.000,14.375,0.694265
18.250,14.375,0.699070
18.500,14.375,0.703842
18.750,14.375,0.708581
19.000,14.375,0.713289
19.250,14.375,0.717967
19.500,14.375,0.722614
19.750,14.375,0.727231
20.000,14.375,0.731820
20.250,14.375,0.736379
20.500,14.375,0.740911
20.750,14.375,0.745415
21.000,14.375,0.749892
21.250,14.375,0.754342
21.500,14.375,0.758767
21.750,14.375,0.763165
22.000,14.375,0.767539
22.250,14.375,0.771888
22.500,14.375,0.776212
22.750,14.375,0.780512
23.000,14.375,0.784789
23.250,14.375,0.789043
23.500,14.375,0.793273
23.750,14.375,0.797482
24.000,14.375,0.801668
24.250,14.375,0.805833
24.500,14.375,0.809976
24.750,14.375,0.814098
25.000,14.375,0.818199
25.250,14.375,0.822280
25.500,14.375,0.826341
25.750,14.375,0.830381
26.000,14.375,0.834403
26.250,14.375,0.838405
26.500,14.375,0.842388
26.750,14.375,0.846352
27.000,14.375,0.850297
27.250,14.375,0.854225
27.500,14.375,0.858134
27.750,14.375,0.862026
28.000,14.375,0.865901
28.250,14.375,0.869758
28.500,14.375,0.873598
28.750,14.375,0.877421
29.000,14.375,0.881227
29.250,14.375,0.885018
29.500,14.375,0.888792
29.750,14.375,0.892550
30.000,14.375,0.896292
30.250,14.375,0.900019
30.500,14.375,0.903730
30.750,14.375,0.907427
31.000,14.375,0.911108
31.250,14.375,0.914774
31.500,14.375,0.918426
31.750,14.375,0.922064
32.000,14.375,0.925687
32.250,14.375,0.929296
32.500,14.375,0.932891
32.750,14.375,0.936472
33.000,14.375,0.940039
33.250,14.375,0.943593
33.500,14.375,0.947134
33.750,14.375,0.950661
34.000,14.375,0.954176
34.250,14.375,0.957678
34.500,14.375,0.961166
34.750,14.375,0.964643
35.000,14.375,0.968106
35.250,14.375,0.971558
35.500,14.375,0.974997
35.750,14.375,0.978424
36.000,14.375,0.981839
36.250,14.375,0.985242
36.500,14.375,0.988634
36.750,14.375,0.992014
37.000,14.375,0.995382
37.250,14.375,0.998739
37.500,14.375,1.002085
37.750,14.375,1.005420
38.000,14.375,1.008744
38.250,14.375,1.012056
38.500,14.375,1.015358
38.750,14.375,1.018650
39.000,14.375,1.021930
39.250,14.375,1.025201
39.500,14.375,1.028460
39.750,14.375,1.031710
40.000,14.375,1.034949
40.250,14.375,1.038178
40.500,14.375,1.041397
40.750,14.375,1.044607
41.000,14.375,1.047806
41.250,14.375,1.050996
41.500,14.375,1.054176
41.750,14.375,1.057346
42.000,14.375,1.060507
42.250,14.375,1.063659
42.500,14.375,1.066801
42.750,14.375,1.069934
43.000,14.375,1.073058
43.250,14.375,1.076173
43.500,14.375,1.079279
43.750,14.375,1.082376
44.000,14.375,1.085464
44.250,14.375,1.088543
44.500,14.375,1.091614
44.750,14.375,1.094676
45.000,14.375,1.097729
1.000,14.500,0.165288
1.250,14.500,0.184797
1.500,14.500,0.202435
1.750,14.500,0.218655
2.000,14.500,0.233752
2.250,14.500,0.247932
2.500,14.500,0.261343
2.750,14.500,0.274099
3.000,14.500,0.286287
3.250,14.500,0.297977
3.500,14.500,0.309225
3.750,14.500,0.320078
4.000,14.500,0.330575
4.250,14.500,0.340749
4.500,14.500,0.350628
4.750,14.500,0.360236
5.000,14.500,0.369595
5.250,14.500,0.378722
5.500,14.500,0.387634
5.750,14.500,0.396346
6.000,14.500,0.404871
6.250,14.500,0.413219
6.500,14.500,0.421403
6.750,14.500,0.429430
7.000,14.500,0.437310
7.250,14.500,0.445051
7.500,14.500,0.452659
7.750,14.500,0.460141
8.000,14.500,0.467504
8.250,14.500,0.474753
8.500,14.500,0.481892
8.750,14.500,0.488928
9.000,14.500,0.495863
9.250,14.500,0.502703
9.500,14.500,0.509451
9.750,14.500,0.516111
10.000,14.500,0.522686
10.250,14.500,0.529179
10.500,14.500,0.535593
10.750,14.500,0.541932
11.000,14.500,0.548197
11.250,14.500,0.554392
11.500,14.500,0.560518
11.750,14.500,0.566578
12.000,14.500,0.572573
12.250,14.500,0.578507
12.500,14.500,0.584380
12.750,14.500,0.590195
13.000,14.500,0.595953
13.250,14.500,0.601656
13.500,14.500,0.607306
13.750,14.500,0.612903
14.000,14.500,0.618450
14.250,14.500,0.623947
14.500,14.500,0.629397
14.750,14.500,0.634799
15.000,14.500,0.640156
15.250,14.500,0.645469
15.500,14.500,0.650738
15.750,14.500,0.655965
16.000,14.500,0.661151
16.250,14.500,0.666296
16.500,14.500,0.671402
16.750,14.500,0.676469
17.000,14.500,0.681499
17.250,14.500,0.686491
17.500,14.500,0.691448
17.750,14.500,0.696369
18.000,14.500,0.701256
18.250,14.500,0.706109
18.500,14.500,0.710929
18.750,14.500,0.715717
19.000,14.500,0.720472
19.250,14.500,0.725197
19.500,14.500,0.729891
19.750,14.500,0.734555
20.000,14.500,0.739189
20.250,14.500,0.743795
20.500,14.500,0.748372
20.750,14.500,0.752921
21.000,14.500,0.757443
21.250,14.500,0.761939
21.500,14.500,0.766408
21.750,14.500,0.770850
22.000,14.500,0.775268
22.250,14.500,0.779660
22.500,14.500,0.784028
22.750,14.500,0.788372
23.000,14.500,0.792692
23.250,14.500,0.796988
23.500,14.500,0.801262
23.750,14.500,0.805513
24.000,14.500,0.809741
24.250,14.500,0.813947
24.500,14.500,0.818132
24.750,14.500,0.822296
25.000,14.500,0.826438
25.250,14.500,0.830560
25.500,14.500,0.834662
25.750,14.500,0.838743
26.000,14.500,0.842805
26.250,14.500,0.846847
26.500,14.500,0.850870
26.750,14.500,0.854875
27.000,14.500,0.858860
27.250,14.500,0.862827
27.500,14.500,0.866776
27.750,14.500,0.870707
28.000,14.500,0.874620
28.250,14.500,0.878516
28.500,14.500,0.882395
28.750,14.500,0.886257
29.000,14.500,0.890101
29.250,14.500,0.893930
29.500,14.500,0.897742
29.750,14.500,0.901538
30.000,14.500,0.905318
30.250,14.500,0.909082
30.500,14.500,0.912831
30.750,14.500,0.916565
31.000,14.500,0.920283
31.250,14.500,0.923986
31.500,14.500,0.927675
31.750,14.500,0.931349
32.000,14.500,0.935008
32.250,14.500,0.938654
32.500,14.500,0.942285
32.750,14.500,0.945902
33.000,14.500,0.949506
33.250,14.500,0.953095
33.500,14.500,0.956672
33.750,14.500,0.960235
34.000,14.500,0.963785
34.250,14.500,0.967321
34.500,14.500,0.970845
34.750,14.500,0.974357
35.000,14.500,0.977855
35.250,14.500,0.981341
35.500,14.500,0.984815
35.750,14.500,0.988277
36.000,14.500,0.991726
36.250,14.500,0.995164
36.500,14.500,0.998589
36.750,14.500,1.002003
37.000,14.500,1.005406
37.250,14.500,1.008797
37.500,14.500,1.012176
37.750,14.500,1.015545
38.000,14.500,1.018902
38.250,14.500,1.022248
38.500,14.500,1.025583
38.750,14.500,1.028908
39.000,14.500,1.032221
39.250,14.500,1.035524
39.500,14.500,1.038817
39.750,14.500,1.042099
40.000,14.500,1.045371
40.250,14.500,1.048633
40.500,14.500,1.051884
40.750,14.500,1.055126
41.000,14.500,1.058358
41.250,14.500,1.061579
41.500,14.500,1.064791
41.750,14.500,1.067994
42.000,14.500,1.071187
42.250,14.500,1.074370
42.500,14.500,1.077544
42.750,14.500,1.080709
43.000,14.500,1.083864
43.250,14.500,1.087010
43.500,14.500,1.090147
43.750,14.500,1.093275
44.000,14.500,1.096395
44.250,14.500,1.099505
44.500,14.500,1.102606
44.750,14.500,1.105699
45.000,14.500,1.108784
1.000,14.625,0.166936
1.250,14.625,0.186640
1.500,14.625,0.204453
1.750,14.625,0.220835
2.000,14.625,0.236083
2.250,14.625,0.250403
2.500,14.625,0.263948
2.750,14.625,0.276831
3.000,14.625,0.289141
3.250,14.625,0.300947
3.500,14.625,0.312308
3.750,14.625,0.323269
4.000,14.625,0.333871
4.250,14.625,0.344146
4.500,14.625,0.354124
4.750,14.625,0.363828
5.000,14.625,0.373279
5.250,14.625,0.382497
5.500,14.625,0.391499
5.750,14.625,0.400297
6.000,14.625,0.408907
6.250,14.625,0.417339
6.500,14.625,0.425604
6.750,14.625,0.433711
7.000,14.625,0.441670
7.250,14.625,0.449488
7.500,14.625,0.457172
7.750,14.625,0.464729
8.000,14.625,0.472165
8.250,14.625,0.479486
8.500,14.625,0.486697
8.750,14.625,0.493802
9.000,14.625,0.500807
9.250,14.625,0.507715
9.500,14.625,0.514530
9.750,14.625,0.521256
10.000,14.625,0.527897
10.250,14.625,0.534455
10.500,14.625,0.540933
10.750,14.625,0.547335
11.000,14.625,0.553663
11.250,14.625,0.559919
11.500,14.625,0.566106
11.750,14.625,0.572226
12.000,14.625,0.578282
12.250,14.625,0.584274
12.500,14.625,0.590206
12.750,14.625,0.596079
13.000,14.625,0.601895
13.250,14.625,0.607655
13.500,14.625,0.613360
13.750,14.625,0.619014
14.000,14.625,0.624616
14.250,14.625,0.630168
14.500,14.625,0.635672
14.750,14.625,0.641128
15.000,14.625,0.646539
15.250,14.625,0.651904
15.500,14.625,0.657226
15.750,14.625,0.662505
16.000,14.625,0.667742
16.250,14.625,0.672939
16.500,14.625,0.678095
16.750,14.625,0.683213
17.000,14.625,0.688293
17.250,14.625,0.693335
17.500,14.625,0.698342
17.750,14.625,0.703312
18.000,14.625,0.708248
18.250,14.625,0.713149
18.500,14.625,0.718017
18.750,14.625,0.722852
19.000,14.625,0.727655
19.250,14.625,0.732427
19.500,14.625,0.737167
19.750,14.625,0.741878
20.000,14.625,0.746559
20.250,14.625,0.751210
20.500,14.625,0.755833
20.750,14.625,0.760428
21.000,14.625,0.764995
21.250,14.625,0.769535
21.500,14.625,0.774048
21.750,14.625,0.778536
22.000,14.625,0.782997
22.250,14.625,0.787433
22.500,14.625,0.791845
22.750,14.625,0.796232
23.000,14.625,0.800595
23.250,14.625,0.804934
23.500,14.625,0.809250
23.750,14.625,0.813543
24.000,14.625,0.817814
24.250,14.625,0.822062
24.500,14.625,0.826289
24.750,14.625,0.830494
25.000,14.625,0.834678
25.250,14.625,0.838841
25.500,14.625,0.842983
25.750,14.625,0.847105
26.000,14.625,0.851208
26.250,14.625,0.855290
26.500,14.625,0.859353
26.750,14.625,0.863397
27.000,14.625,0.867423
27.250,14.625,0.871429
27.500,14.625,0.875417
27.750,14.625,0.879388
28.000,14.625,0.883340
28.250,14.625,0.887275
28.500,14.625,0.891192
28.750,14.625,0.895092
29.000,14.625,0.898976
29.250,14.625,0.902842
29.500,14.625,0.906692
29.750,14.625,0.910526
30.000,14.625,0.914344
30.250,14.625,0.918146
30.500,14.625,0.921932
30.750,14.625,0.925702
31.000,14.625,0.929458
31.250,14.625,0.933198
31.500,14.625,0.936924
31.750,14.625,0.940634
32.000,14.625,0.944330
32.250,14.625,0.948012
32.500,14.625,0.951679
32.750,14.625,0.955332
33.000,14.625,0.958972
33.250,14.625,0.962597
33.500,14.625,0.966209
33.750,14.625,0.969808
34.000,14.625,0.973393
34.250,14.625,0.976965
34.500,14.625,0.980524
34.750,14.625,0.984071
35.000,14.625,0.987604
35.250,14.625,0.991125
35.500,14.625,0.994633
35.750,14.625,0.998129
36.000,14.625,1.001613
36.250,14.625,1.005085
36.500,14.625,1.008545
36.750,14.625,1.011993
37.000,14.625,1.015429
37.250,14.625,1.018854
37.500,14.625,1.022267
37.750,14.625,1.025669
38.000,14.625,1.029060
38.250,14.625,1.032439
38.500,14.625,1.035808
38.750,14.625,1.039165
39.000,14.625,1.042512
39.250,14.625,1.045848
39.500,14.625,1.049174
39.750,14.625,1.052489
40.000,14.625,1.055793
40.250,14.625,1.059087
40.500,14.625,1.062371
40.750,14.625,1.065645
41.000,14.625,1.068909
41.250,14.625,1.072163
41.500,14.625,1.075407
41.750,14.625,1.078641
42.000,14.625,1.081866
42.250,14.625,1.085081
42.500,14.625,1.088287
42.750,14.625,1.091483
43.000,14.625,1.094670
43.250,14.625,1.097847
43.500,14.625,1.101016
43.750,14.625,1.104175
44.000,14.625,1.107325
44.250,14.625,1.110467
44.500,14.625,1.113599
44.750,14.625,1.116723
45.000,14.625,1.119838
1.000,14.750,0.168583
1.250,14.750,0.188482
1.500,14.750,0.206472
1.750,14.750,0.223015
2.000,14.750,0.238413
2.250,14.750,0.252875
2.500,14.750,0.266554
2.750,14.750,0.279564
3.000,14.750,0.291995
3.250,14.750,0.303918
3.500,14.750,0.315391
3.750,14.750,0.326460
4.000,14.750,0.337167
4.250,14.750,0.347544
4.500,14.750,0.357619
4.750,14.750,0.367419
5.000,14.750,0.376964
5.250,14.750,0.386273
5.500,14.750,0.395363
5.750,14.750,0.404249
6.000,14.750,0.412943
6.250,14.750,0.421459
6.500,14.750,0.429805
6.750,14.750,0.437993
7.000,14.750,0.446030
7.250,14.750,0.453925
7.500,14.750,0.461685
7.750,14.750,0.469316
8.000,14.750,0.476826
8.250,14.750,0.484219
8.500,14.750,0.491501
8.750,14.750,0.498677
9.000,14.750,0.505750
9.250,14.750,0.512726
9.500,14.750,0.519609
9.750,14.750,0.526402
10.000,14.750,0.533108
10.250,14.750,0.539730
10.500,14.750,0.546273
10.750,14.750,0.552738
11.000,14.750,0.559128
11.250,14.750,0.565446
11.500,14.750,0.571694
11.750,14.750,0.577875
12.000,14.750,0.583990
12.250,14.750,0.590042
12.500,14.750,0.596032
12.750,14.750,0.601963
13.000,14.750,0.607836
13.250,14.750,0.613653
13.500,14.750,0.619415
13.750,14.750,0.625124
14.000,14.750,0.630781
14.250,14.750,0.636388
14.500,14.750,0.641947
14.750,14.750,0.647457
15.000,14.750,0.652921
15.250,14.750,0.658339
15.500,14.750,0.663714
15.750,14.750,0.669045
16.000,14.750,0.674334
16.250,14.750,0.679582
16.500,14.750,0.684789
16.750,14.750,0.689957
17.000,14.750,0.695087
17.250,14.750,0.700180
17.500,14.750,0.705235
17.750,14.750,0.710255
18.000,14.750,0.715239
18.250,14.750,0.720189
18.500,14.750,0.725105
18.750,14.750,0.729988
19.000,14.750,0.734838
19.250,14.750,0.739657
19.500,14.750,0.744444
19.750,14.750,0.749201
20.000,14.750,0.753928
20.250,14.750,0.758625
20.500,14.750,0.763294
20.750,14.750,0.767934
21.000,14.750,0.772546
21.250,14.750,0.777131
21.500,14.750,0.781689
21.750,14.750,0.786221
22.000,14.750,0.790726
22.250,14.750,0.795206
22.500,14.750,0.799661
22.750,14.750,0.804092
23.000,14.750,0.808498
23.250,14.750,0.812880
23.500,14.750,0.817238
23.750,14.750,0.821574
24.000,14.750,0.825887
24.250,14.750,0.830177
24.500,14.750,0.834445
24.750,14.750,0.838692
25.000,14.750,0.842917
25.250,14.750,0.847121
25.500,14.750,0.851305
25.750,14.750,0.855467
26.000,14.750,0.859610
26.250,14.750,0.863733
26.500,14.750,0.867836
26.750,14.750,0.871920
27.000,14.750,0.875985
27.250,14.750,0.880031
27.500,14.750,0.884059
27.750,14.750,0.888068
28.000,14.750,0.892060
28.250,14.750,0.896033
28.500,14.750,0.899989
28.750,14.750,0.903928
29.000,14.750,0.907850
29.250,14.750,0.911754
29.500,14.750,0.915642
29.750,14.750,0.919514
30.000,14.750,0.923369
30.250,14.750,0.927209
30.500,14.750,0.931032
30.750,14.750,0.934840
31.000,14.750,0.938633
31.250,14.750,0.942410
31.500,14.750,0.946172
31.750,14.750,0.949919
32.000,14.750,0.953652
32.250,14.750,0.957370
32.500,14.750,0.961073
32.750,14.750,0.964763
33.000,14.750,0.968438
33.250,14.750,0.972099
33.500,14.750,0.975747
33.750,14.750,0.979381
34.000,14.750,0.983002
34.250,14.750,0.986609
34.500,14.750,0.990203
34.750,14.750,0.993785
35.000,14.750,0.997353
35.250,14.750,1.000909
35.500,14.750,1.004452
35.750,14.750,1.007982
36.000,14.750,1.011501
36.250,14.750,1.015007
36.500,14.750,1.018501
36.750,14.750,1.021983
37.000,14.750,1.025453
37.250,14.750,1.028911
37.500,14.750,1.032358
37.750,14.750,1.035794
38.000,14.750,1.039218
38.250,14.750,1.042631
38.500,14.750,1.046033
38.750,14.750,1.049423
39.000,14.750,1.052803
39.250,14.750,1.056172
39.500,14.750,1.059530
39.750,14.750,1.062878
40.000,14.750,1.066215
40.250,14.750,1.069542
40.500,14.750,1.072858
40.750,14.750,1.076165
41.000,14.750,1.079461
41.250,14.750,1.082747
41.500,14.750,1.086023
41.750,14.750,1.089289
42.000,14.750,1.092545
42.250,14.750,1.095792
42.500,14.750,1.099029
42.750,14.750,1.102257
43.000,14.750,1.105475
43.250,14.750,1.108684
43.500,14.750,1.111884
43.750,14.750,1.115075
44.000,14.750,1.118256
44.250,14.750,1.121428
44.500,14.750,1.124592
44.750,14.750,1.127746
45.000,14.750,1.130892
1.000,14.875,0.170231
1.250,14.875,0.190324
1.500,14.875,0.208490
1.750,14.875,0.225195
2.000,14.875,0.240743
2.250,14.875,0.255347
2.500,14.875,0.269159
2.750,14.875,0.282297
3.000,14.875,0.294849
3.250,14.875,0.306889
3.500,14.875,0.318474
3.750,14.875,0.329651
4.000,14.875,0.340463
4.250,14.875,0.350941
4.500,14.875,0.361115
4.750,14.875,0.371011
5.000,14.875,0.380649
5.250,14.875,0.390049
5.500,14.875,0.399228
5.750,14.875,0.408200
6.000,14.875,0.416980
6.250,14.875,0.425578
6.500,14.875,0.434006
6.750,14.875,0.442274
7.000,14.875,0.450390
7.250,14.875,0.458362
7.500,14.875,0.466198
7.750,14.875,0.473904
8.000,14.875,0.481487
8.250,14.875,0.488952
8.500,14.875,0.496305
8.750,14.875,0.503551
9.000,14.875,0.510694
9.250,14.875,0.517738
9.500,14.875,0.524688
9.750,14.875,0.531547
10.000,14.875,0.538319
10.250,14.875,0.545006
10.500,14.875,0.551612
10.750,14.875,0.558141
11.000,14.875,0.564593
11.250,14.875,0.570973
11.500,14.875,0.577282
11.750,14.875,0.583523
12.000,14.875,0.589699
12.250,14.875,0.595810
12.500,14.875,0.601859
12.750,14.875,0.607847
13.000,14.875,0.613778
13.250,14.875,0.619651
13.500,14.875,0.625470
13.750,14.875,0.631235
14.000,14.875,0.636947
14.250,14.875,0.642609
14.500,14.875,0.648221
14.750,14.875,0.653786
15.000,14.875,0.659303
15.250,14.875,0.664774
15.500,14.875,0.670201
15.750,14.875,0.675585
16.000,14.875,0.680925
16.250,14.875,0.686224
16.500,14.875,0.691483
16.750,14.875,0.696702
17.000,14.875,0.701882
17.250,14.875,0.707024
17.500,14.875,0.712129
17.750,14.875,0.717197
18.000,14.875,0.722230
18.250,14.875,0.727228
18.500,14.875,0.732192
18.750,14.875,0.737123
19.000,14.875,0.742021
19.250,14.875,0.746887
19.500,14.875,0.751721
19.750,14.875,0.756524
20.000,14.875,0.761297
20.250,14.875,0.766041
20.500,14.875,0.770755
20.750,14.875,0.775440
21.000,14.875,0.780098
21.250,14.875,0.784727
21.500,14.875,0.789330
21.750,14.875,0.793906
22.000,14.875,0.798456
22.250,14.875,0.802979
22.500,14.875,0.807478
22.750,14.875,0.811952
23.000,14.875,0.816401
23.250,14.875,0.820826
23.500,14.875,0.825227
23.750,14.875,0.829605
24.000,14.875,0.833960
24.250,14.875,0.838292
24.500,14.875,0.842602
24.750,14.875,0.846890
25.000,14.875,0.851156
25.250,14.875,0.855402
25.500,14.875,0.859626
25.750,14.875,0.863829
26.000,14.875,0.868013
26.250,14.875,0.872176
26.500,14.875,0.876319
26.750,14.875,0.880443
27.000,14.875,0.884548
27.250,14.875,0.888633
27.500,14.875,0.892700
27.750,14.875,0.896749
28.000,14.875,0.900779
28.250,14.875,0.904792
28.500,14.875,0.908786
28.750,14.875,0.912764
29.000,14.875,0.916724
29.250,14.875,0.920666
29.500,14.875,0.924593
29.750,14.875,0.928502
30.000,14.875,0.932395
30.250,14.875,0.936272
30.500,14.875,0.940133
30.750,14.875,0.943978
31.000,14.875,0.947808
31.250,14.875,0.951622
31.500,14.875,0.955421
31.750,14.875,0.959205
32.000,14.875,0.962974
32.250,14.875,0.966728
32.500,14.875,0.970468
32.750,14.875,0.974193
33.000,14.875,0.977904
33.250,14.875,0.981602
33.500,14.875,0.985285
33.750,14.875,0.988954
34.000,14.875,0.992610
34.250,14.875,0.996253
34.500,14.875,0.999882
34.750,14.875,1.003499
35.000,14.875,1.007102
35.250,14.875,1.010692
35.500,14.875,1.014270
35.750,14.875,1.017835
36.000,14.875,1.021388
36.250,14.875,1.024928
36.500,14.875,1.028456
36.750,14.875,1.031972
37.000,14.875,1.035477
37.250,14.875,1.038969
37.500,14.875,1.042450
37.750,14.875,1.045919
38.000,14.875,1.049376
38.250,14.875,1.052822
38.500,14.875,1.056257
38.750,14.875,1.059681
39.000,14.875,1.063094
39.250,14.875,1.066496
39.500,14.875,1.069887
39.750,14.875,1.073267
40.000,14.875,1.076637
40.250,14.875,1.079996
40.500,14.875,1.083345
40.750,14.875,1.086684
41.000,14.875,1.090012
41.250,14.875,1.093330
41.500,14.875,1.096638
41.750,14.875,1.099937
42.000,14.875,1.103225
42.250,14.875,1.106503
42.500,14.875,1.109772
42.750,14.875,1.113032
43.000,14.875,1.116281
43.250,14.875,1.119522
43.500,14.875,1.122753
43.750,14.875,1.125974
44.000,14.875,1.129187
44.250,14.875,1.132390
44.500,14.875,1.135584
44.750,14.875,1.138770
45.000,14.875,1.141946
1.000,15.000,0.171879
1.250,15.000,0.192167
1.500,15.000,0.210508
1.750,15.000,0.227375
2.000,15.000,0.243074
2.250,15.000,0.257819
2.500,15.000,0.271765
2.750,15.000,0.285029
3.000,15.000,0.297703
3.250,15.000,0.309860
3.500,15.000,0.321556
3.750,15.000,0.332843
4.000,15.000,0.343758
4.250,15.000,0.354338
4.500,15.000,0.364611
4.750,15.000,0.374602
5.000,15.000,0.384333
5.250,15.000,0.393825
5.500,15.000,0.403092
5.750,15.000,0.412152
6.000,15.000,0.421016
6.250,15.000,0.429698
6.500,15.000,0.438208
6.750,15.000,0.446555
7.000,15.000,0.454750
7.250,15.000,0.462799
7.500,15.000,0.470710
7.750,15.000,0.478491
8.000,15.000,0.486148
8.250,15.000,0.493685
8.500,15.000,0.501110
8.750,15.000,0.508425
9.000,15.000,0.515637
9.250,15.000,0.522750
9.500,15.000,0.529767
9.750,15.000,0.536693
10.000,15.000,0.543530
10.250,15.000,0.550282
10.500,15.000,0.556952
10.750,15.000,0.563544
11.000,15.000,0.570059
11.250,15.000,0.576500
11.500,15.000,0.582871
11.750,15.000,0.589172
12.000,15.000,0.595407
12.250,15.000,0.601577
12.500,15.000,0.607685
12.750,15.000,0.613731
13.000,15.000,0.619719
13.250,15.000,0.625650
13.500,15.000,0.631524
13.750,15.000,0.637345
14.000,15.000,0.643113
14.250,15.000,0.648830
14.500,15.000,0.654496
14.750,15.000,0.660114
15.000,15.000,0.665685
15.250,15.000,0.671210
15.500,15.000,0.676689
15.750,15.000,0.682124
16.000,15.000,0.687517
16.250,15.000,0.692867
16.500,15.000,0.698176
16.750,15.000,0.703446
17.000,15.000,0.708676
17.250,15.000,0.713868
17.500,15.000,0.719022
17.750,15.000,0.724140
18.000,15.000,0.729222
18.250,15.000,0.734268
18.500,15.000,0.739280
18.750,15.000,0.744259
19.000,15.000,0.749204
19.250,15.000,0.754117
19.500,15.000,0.758998
19.750,15.000,0.763848
20.000,15.000,0.768667
20.250,15.000,0.773456
20.500,15.000,0.778216
20.750,15.000,0.782947
21.000,15.000,0.787649
21.250,15.000,0.792324
21.500,15.000,0.796971
21.750,15.000,0.801591
22.000,15.000,0.806185
22.250,15.000,0.810752
22.500,15.000,0.815294
22.750,15.000,0.819811
23.000,15.000,0.824304
23.250,15.000,0.828771
23.500,15.000,0.833215
23.750,15.000,0.837635
24.000,15.000,0.842032
24.250,15.000,0.846407
24.500,15.000,0.850758
24.750,15.000,0.855088
25.000,15.000,0.859396
25.250,15.000,0.863682
25.500,15.000,0.867947
25.750,15.000,0.872191
26.000,15.000,0.876415
26.250,15.000,0.880619
26.500,15.000,0.884802
26.750,15.000,0.888966
27.000,15.000,0.893110
27.250,15.000,0.897236
27.500,15.000,0.901342
27.750,15.000,0.905430
28.000,15.000,0.909499
28.250,15.000,0.913550
28.500,15.000,0.917584
28.750,15.000,0.921599
29.000,15.000,0.925598
29.250,15.000,0.929579
29.500,15.000,0.933543
29.750,15.000,0.937490
30.000,15.000,0.941421
30.250,15.000,0.945335
30.500,15.000,0.949234
30.750,15.000,0.953116
31.000,15.000,0.956983
31.250,15.000,0.960834
31.500,15.000,0.964669
31.750,15.000,0.968490
32.000,15.000,0.972295
32.250,15.000,0.976086
32.500,15.000,0.979862
32.750,15.000,0.983623
33.000,15.000,0.987371
33.250,15.000,0.991104
33.500,15.000,0.994823
33.750,15.000,0.998528
34.000,15.000,1.002219
34.250,15.000,1.005897
34.500,15.000,1.009561
34.750,15.000,1.013213
35.000,15.000,1.016851
35.250,15.000,1.020476
35.500,15.000,1.024088
35.750,15.000,1.027688
36.000,15.000,1.031275
36.250,15.000,1.034850
36.500,15.000,1.038412
36.750,15.000,1.041962
37.000,15.000,1.045500
37.250,15.000,1.049026
37.500,15.000,1.052541
37.750,15.000,1.056043
38.000,15.000,1.059534
38.250,15.000,1.063014
38.500,15.000,1.066482
38.750,15.000,1.069939
39.000,15.000,1.073385
39.250,15.000,1.076820
39.500,15.000,1.080244
39.750,15.000,1.083657
40.000,15.000,1.087059
40.250,15.000,1.090451
40.500,15.000,1.093832
40.750,15.000,1.097203
41.000,15.000,1.100564
41.250,15.000,1.103914
41.500,15.000,1.107254
41.750,15.000,1.110584
42.000,15.000,1.113904
42.250,15.000,1.117215
42.500,15.000,1.120515
42.750,15.000,1.123806
43.000,15.000,1.127087
43.250,15.000,1.130359
43.500,15.000,1.133621
43.750,15.000,1.136874
44.000,15.000,1.140117
44.250,15.000,1.143352
44.500,15.000,1.146577
44.750,15.000,1.149793
45.000,15.000,1.153000
1.000,15.125,0.173527
1.250,15.125,0.194009
1.500,15.125,0.212526
1.750,15.125,0.229555
2.000,15.125,0.245404
2.250,15.125,0.260291
2.500,15.125,0.274370
2.750,15.125,0.287762
3.000,15.125,0.300558
3.250,15.125,0.312830
3.500,15.125,0.324639
3.750,15.125,0.336034
4.000,15.125,0.347054
4.250,15.125,0.357735
4.500,15.125,0.368106
4.750,15.125,0.378193
5.000,15.125,0.388018
5.250,15.125,0.397600
5.500,15.125,0.406957
5.750,15.125,0.416103
6.000,15.125,0.425053
6.250,15.125,0.433818
6.500,15.125,0.442409
6.750,15.125,0.450836
7.000,15.125,0.459109
7.250,15.125,0.467236
7.500,15.125,0.475223
7.750,15.125,0.483079
8.000,15.125,0.490809
8.250,15.125,0.498418
8.500,15.125,0.505914
8.750,15.125,0.513300
9.000,15.125,0.520581
9.250,15.125,0.527762
9.500,15.125,0.534846
9.750,15.125,0.541838
10.000,15.125,0.548741
10.250,15.125,0.555558
10.500,15.125,0.562292
10.750,15.125,0.568946
11.000,15.125,0.575524
11.250,15.125,0.582027
11.500,15.125,0.588459
11.750,15.125,0.594821
12.000,15.125,0.601115
12.250,15.125,0.607345
12.500,15.125,0.613511
12.750,15.125,0.619615
13.000,15.125,0.625661
13.250,15.125,0.631648
13.500,15.125,0.637579
13.750,15.125,0.643455
14.000,15.125,0.649279
14.250,15.125,0.655050
14.500,15.125,0.660771
14.750,15.125,0.666443
15.000,15.125,0.672067
15.250,15.125,0.677645
15.500,15.125,0.683177
15.750,15.125,0.688664
16.000,15.125,0.694108
16.250,15.125,0.699510
16.500,15.125,0.704870
16.750,15.125,0.710190
17.000,15.125,0.715470
17.250,15.125,0.720712
17.500,15.125,0.725916
17.750,15.125,0.731082
18.000,15.125,0.736213
18.250,15.125,0.741308
18.500,15.125,0.746368
18.750,15.125,0.751394
19.000,15.125,0.756387
19.250,15.125,0.761347
19.500,15.125,0.766275
19.750,15.125,0.771171
20.000,15.125,0.776036
20.250,15.125,0.780872
20.500,15.125,0.785677
20.750,15.125,0.790453
21.000,15.125,0.795201
21.250,15.125,0.799920
21.500,15.125,0.804612
21.750,15.125,0.809276
22.000,15.125,0.813914
22.250,15.125,0.818525
22.500,15.125,0.823111
22.750,15.125,0.827671
23.000,15.125,0.832206
23.250,15.125,0.836717
23.500,15.125,0.841203
23.750,15.125,0.845666
24.000,15.125,0.850105
24.250,15.125,0.854522
24.500,15.125,0.858915
24.750,15.125,0.863286
25.000,15.125,0.867635
25.250,15.125,0.871963
25.500,15.125,0.876269
25.750,15.125,0.880554
26.000,15.125,0.884818
26.250,15.125,0.889061
26.500,15.125,0.893285
26.750,15.125,0.897489
27.000,15.125,0.901673
27.250,15.125,0.905838
27.500,15.125,0.909983
27.750,15.125,0.914110
28.000,15.125,0.918219
28.250,15.125,0.922309
28.500,15.125,0.926381
28.750,15.125,0.930435
29.000,15.125,0.934472
29.250,15.125,0.938491
29.500,15.125,0.942493
29.750,15.125,0.946478
30.000,15.125,0.950447
30.250,15.125,0.954399
30.500,15.125,0.958334
30.750,15.125,0.962254
31.000,15.125,0.966158
31.250,15.125,0.970046
31.500,15.125,0.973918
31.750,15.125,0.977775
32.000,15.125,0.981617
32.250,15.125,0.985444
32.500,15.125,0.989256
32.750,15.125,0.993054
33.000,15.125,0.996837
33.250,15.125,1.000606
33.500,15.125,1.004360
33.750,15.125,1.008101
34.000,15.125,1.011828
34.250,15.125,1.015541
34.500,15.125,1.019241
34.750,15.125,1.022927
35.000,15.125,1.026600
35.250,15.125,1.030260
35.500,15.125,1.033907
35.750,15.125,1.037541
36.000,15.125,1.041162
36.250,15.125,1.044771
36.500,15.125,1.048368
36.750,15.125,1.051952
37.000,15.125,1.055524
37.250,15.125,1.059084
37.500,15.125,1.062632
37.750,15.125,1.066168
38.000,15.125,1.069692
38.250,15.125,1.073205
38.500,15.125,1.076707
38.750,15.125,1.080197
39.000,15.125,1.083676
39.250,15.125,1.087144
39.500,15.125,1.090600
39.750,15.125,1.094046
40.000,15.125,1.097481
40.250,15.125,1.100906
40.500,15.125,1.104319
40.750,15.125,1.107722
41.000,15.125,1.111115
41.250,15.125,1.114498
41.500,15.125,1.117870
41.750,15.125,1.121232
42.000,15.125,1.124584
42.250,15.125,1.127926
42.500,15.125,1.131258
42.750,15.125,1.134580
43.000,15.125,1.137893
43.250,15.125,1.141196
43.500,15.125,1.144489
43.750,15.125,1.147773
44.000,15.125,1.151048
44.250,15.125,1.154313
44.500,15.125,1.157570
44.750,15.125,1.160817
45.000,15.125,1.164055
1.000,15.250,0.175175
1.250,15.250,0.195851
1.500,15.250,0.214545
1.750,15.250,0.231735
2.000,15.250,0.247735
2.250,15.250,0.262762
2.500,15.250,0.276976
2.750,15.250,0.290495
3.000,15.250,0.303412
3.250,15.250,0.315801
3.500,15.250,0.327722
3.750,15.250,0.339225
4.000,15.250,0.350350
4.250,15.250,0.361132
4.500,15.250,0.371602
4.750,15.250,0.381785
5.000,15.250,0.391703
5.250,15.250,0.401376
5.500,15.250,0.410822
5.750,15.250,0.420055
6.000,15.250,0.429089
6.250,15.250,0.437937
6.500,15.250,0.446610
6.750,15.250,0.455118
7.000,15.250,0.463469
7.250,15.250,0.471673
7.500,15.250,0.479736
7.750,15.250,0.487666
8.000,15.250,0.495469
8.250,15.250,0.503152
8.500,15.250,0.510718
8.750,15.250,0.518174
9.000,15.250,0.525525
9.250,15.250,0.532774
9.500,15.250,0.539925
9.750,15.250,0.546983
10.000,15.250,0.553952
10.250,15.250,0.560833
10.500,15.250,0.567632
10.750,15.250,0.574349
11.000,15.250,0.580989
11.250,15.250,0.587554
11.500,15.250,0.594047
11.750,15.250,0.600469
12.000,15.250,0.606824
12.250,15.250,0.613112
12.500,15.250,0.619337
12.750,15.250,0.625499
13.000,15.250,0.631602
13.250,15.250,0.637646
13.500,15.250,0.643634
13.750,15.250,0.649566
14.000,15.250,0.655444
14.250,15.250,0.661271
14.500,15.250,0.667046
14.750,15.250,0.672772
15.000,15.250,0.678449
15.250,15.250,0.684080
15.500,15.250,0.689664
15.750,15.250,0.695204
16.000,15.250,0.700700
16.250,15.250,0.706153
16.500,15.250,0.711564
16.750,15.250,0.716934
17.000,15.250,0.722265
17.250,15.250,0.727556
17.500,15.250,0.732809
17.750,15.250,0.738025
18.000,15.250,0.743204
18.250,15.250,0.748347
18.500,15.250,0.753456
18.750,15.250,0.758530
19.000,15.250,0.763570
19.250,15.250,0.768577
19.500,15.250,0.773551
19.750,15.250,0.778494
20.000,15.250,0.783406
20.250,15.250,0.788287
20.500,15.250,0.793138
20.750,15.250,0.797960
21.000,15.250,0.802752
21.250,15.250,0.807516
21.500,15.250,0.812253
21.750,15.250,0.816961
22.000,15.250,0.821643
22.250,15.250,0.826298
22.500,15.250,0.830927
22.750,15.250,0.835531
23.000,15.250,0.840109
23.250,15.250,0.844663
23.500,15.250,0.849192
23.750,15.250,0.853697
24.000,15.250,0.858178
24.250,15.250,0.862636
24.500,15.250,0.867072
24.750,15.250,0.871484
25.000,15.250,0.875874
25.250,15.250,0.880243
25.500,15.250,0.884590
25.750,15.250,0.888916
26.000,15.250,0.893220
26.250,15.250,0.897504
26.500,15.250,0.901768
26.750,15.250,0.906012
27.000,15.250,0.910235
27.250,15.250,0.914440
27.500,15.250,0.918625
27.750,15.250,0.922791
28.000,15.250,0.926938
28.250,15.250,0.931067
28.500,15.250,0.935178
28.750,15.250,0.939271
29.000,15.250,0.943346
29.250,15.250,0.947403
29.500,15.250,0.951443
29.750,15.250,0.955466
30.000,15.250,0.959472
30.250,15.250,0.963462
30.500,15.250,0.967435
30.750,15.250,0.971392
31.000,15.250,0.975333
31.250,15.250,0.979257
31.500,15.250,0.983167
31.750,15.250,0.987060
32.000,15.250,0.990939
32.250,15.250,0.994802
32.500,15.250,0.998651
32.750,15.250,1.002484
33.000,15.250,1.006303
33.250,15.250,1.010108
33.500,15.250,1.013898
33.750,15.250,1.017674
34.000,15.250,1.021436
34.250,15.250,1.025185
34.500,15.250,1.028920
34.750,15.250,1.032641
35.000,15.250,1.036349
35.250,15.250,1.040043
35.500,15.250,1.043725
35.750,15.250,1.047394
36.000,15.250,1.051049
36.250,15.250,1.054693
36.500,15.250,1.058323
36.750,15.250,1.061941
37.000,15.250,1.065547
37.250,15.250,1.069141
37.500,15.250,1.072723
37.750,15.250,1.076293
38.000,15.250,1.079851
38.250,15.250,1.083397
38.500,15.250,1.086932
38.750,15.250,1.090455
39.000,15.250,1.093967
39.250,15.250,1.097468
39.500,15.250,1.100957
39.750,15.250,1.104436
40.000,15.250,1.107903
40.250,15.250,1.111360
40.500,15.250,1.114806
40.750,15.250,1.118242
41.000,15.250,1.121667
41.250,15.250,1.125081
41.500,15.250,1.128485
41.750,15.250,1.131879
42.000,15.250,1.135263
42.250,15.250,1.138637
42.500,15.250,1.142001
42.750,15.250,1.145355
43.000,15.250,1.148699
43.250,15.250,1.152033
43.500,15.250,1.155358
43.750,15.250,1.158673
44.000,15.250,1.161979
44.250,15.250,1.165275
44.500,15.250,1.168562
44.750,15.250,1.171840
45.000,15.250,1.175109
1.000,15.375,0.176823
1.250,15.375,0.197694
1.500,15.375,0.216563
1.750,15.375,0.233915
2.000,15.375,0.250065
2.250,15.375,0.265234
2.500,15.375,0.279581
2.750,15.375,0.293227
3.000,15.375,0.306266
3.250,15.375,0.318772
3.500,15.375,0.330805
3.750,15.375,0.342416
4.000,15.375,0.353646
4.250,15.375,0.364529
4.500,15.375,0.375098
4.750,15.375,0.385376
5.000,15.375,0.395388
5.250,15.375,0.405152
5.500,15.375,0.414686
5.750,15.375,0.424006
6.000,15.375,0.433126
6.250,15.375,0.442057
6.500,15.375,0.450811
6.750,15.375,0.459399
7.000,15.375,0.467829
7.250,15.375,0.476110
7.500,15.375,0.484249
7.750,15.375,0.492254
8.000,15.375,0.500130
8.250,15.375,0.507885
8.500,15.375,0.515523
8.750,15.375,0.523049
9.000,15.375,0.530468
9.250,15.375,0.537785
9.500,15.375,0.545004
9.750,15.375,0.552129
10.000,15.375,0.559163
10.250,15.375,0.566109
10.500,15.375,0.572971
10.750,15.375,0.579752
11.000,15.375,0.586455
11.250,15.375,0.593082
11.500,15.375,0.599635
11.750,15.375,0.606118
12.000,15.375,0.612532
12.250,15.375,0.618880
12.500,15.375,0.625163
12.750,15.375,0.631384
13.000,15.375,0.637544
13.250,15.375,0.643645
13.500,15.375,0.649688
13.750,15.375,0.655676
14.000,15.375,0.661610
14.250,15.375,0.667491
14.500,15.375,0.673321
14.750,15.375,0.679101
15.000,15.375,0.684832
15.250,15.375,0.690515
15.500,15.375,0.696152
15.750,15.375,0.701744
16.000,15.375,0.707291
16.250,15.375,0.712795
16.500,15.375,0.718257
16.750,15.375,0.723678
17.000,15.375,0.729059
17.250,15.375,0.734400
17.500,15.375,0.739703
17.750,15.375,0.744968
18.000,15.375,0.750195
18.250,15.375,0.755387
18.500,15.375,0.760543
18.750,15.375,0.765665
19.000,15.375,0.770753
19.250,15.375,0.775807
19.500,15.375,0.780828
19.750,15.375,0.785818
20.000,15.375,0.790775
20.250,15.375,0.795702
20.500,15.375,0.800599
20.750,15.375,0.805466
21.000,15.375,0.810304
21.250,15.375,0.815113
21.500,15.375,0.819893
21.750,15.375,0.824646
22.000,15.375,0.829372
22.250,15.375,0.834071
22.500,15.375,0.838744
22.750,15.375,0.843391
23.000,15.375,0.848012
23.250,15.375,0.852608
23.500,15.375,0.857180
23.750,15.375,0.861728
24.000,15.375,0.866251
24.250,15.375,0.870751
24.500,15.375,0.875228
24.750,15.375,0.879682
25.000,15.375,0.884114
25.250,15.375,0.888523
25.500,15.375,0.892911
25.750,15.375,0.897278
26.000,15.375,0.901623
26.250,15.375,0.905947
26.500,15.375,0.910251
26.750,15.375,0.914534
27.000,15.375,0.918798
27.250,15.375,0.923042
27.500,15.375,0.927266
27.750,15.375,0.931472
28.000,15.375,0.935658
28.250,15.375,0.939826
28.500,15.375,0.943975
28.750,15.375,0.948106
29.000,15.375,0.952220
29.250,15.375,0.956315
29.500,15.375,0.960393
29.750,15.375,0.964454
30.000,15.375,0.968498
30.250,15.375,0.972525
30.500,15.375,0.976536
30.750,15.375,0.980530
31.000,15.375,0.984507
31.250,15.375,0.988469
31.500,15.375,0.992415
31.750,15.375,0.996346
32.000,15.375,1.000261
32.250,15.375,1.004160
32.500,15.375,1.008045
32.750,15.375,1.011915
33.000,15.375,1.015769
33.250,15.375,1.019610
33.500,15.375,1.023436
33.750,15.375,1.027247
34.000,15.375,1.031045
34.250,15.375,1.034829
34.500,15.375,1.038599
34.750,15.375,1.042355
35.000,15.375,1.046098
35.250,15.375,1.049827
35.500,15.375,1.053543
35.750,15.375,1.057246
36.000,15.375,1.060937
36.250,15.375,1.064614
36.500,15.375,1.068279
36.750,15.375,1.071931
37.000,15.375,1.075571
37.250,15.375,1.079198
37.500,15.375,1.082814
37.750,15.375,1.086417
38.000,15.375,1.090009
38.250,15.375,1.093588
38.500,15.375,1.097156
38.750,15.375,1.100713
39.000,15.375,1.104258
39.250,15.375,1.107791
39.500,15.375,1.111314
39.750,15.375,1.114825
40.000,15.375,1.118325
40.250,15.375,1.121815
40.500,15.375,1.125293
40.750,15.375,1.128761
41.000,15.375,1.132218
41.250,15.375,1.135665
41.500,15.375,1.139101
41.750,15.375,1.142527
42.000,15.375,1.145942
42.250,15.375,1.149348
42.500,15.375,1.152743
42.750,15.375,1.156129
43.000,15.375,1.159504
43.250,15.375,1.162870
43.500,15.375,1.166226
43.750,15.375,1.169573
44.000,15.375,1.172910
44.250,15.375,1.176237
44.500,15.375,1.179555
44.750,15.375,1.182864
45.000,15.375,1.186163
1.000,15.500,0.178471
1.250,15.500,0.199536
1.500,15.500,0.218581
1.750,15.500,0.236094
2.000,15.500,0.252396
2.250,15.500,0.267706
2.500,15.500,0.282187
2.750,15.500,0.295960
3.000,15.500,0.309120
3.250,15.500,0.321743
3.500,15.500,0.333888
3.750,15.500,0.345607
4.000,15.500,0.356941
4.250,15.500,0.367927
4.500,15.500,0.378593
4.750,15.500,0.388968
5.000,15.500,0.399072
5.250,15.500,0.408928
5.500,15.500,0.418551
5.750,15.500,0.427958
6.000,15.500,0.437162
6.250,15.500,0.446177
6.500,15.500,0.455013
6.750,15.500,0.463680
7.000,15.500,0.472189
7.250,15.500,0.480547
7.500,15.500,0.488762
7.750,15.500,0.496841
8.000,15.500,0.504791
8.250,15.500,0.512618
8.500,15.500,0.520327
8.750,15.500,0.527923
9.000,15.500,0.535412
9.250,15.500,0.542797
9.500,15.500,0.550083
9.750,15.500,0.557274
10.000,15.500,0.564374
10.250,15.500,0.571385
10.500,15.500,0.578311
10.750,15.500,0.585155
11.000,15.500,0.591920
11.250,15.500,0.598609
11.500,15.500,0.605223
11.750,15.500,0.611767
12.000,15.500,0.618240
12.250,15.500,0.624647
12.500,15.500,0.630989
12.750,15.500,0.637268
13.000,15.500,0.643485
13.250,15.500,0.649643
13.500,15.500,0.655743
13.750,15.500,0.661787
14.000,15.500,0.667776
14.250,15.500,0.673712
14.500,15.500,0.679596
14.750,15.500,0.685429
15.000,15.500,0.691214
15.250,15.500,0.696950
15.500,15.500,0.702640
15.750,15.500,0.708283
16.000,15.500,0.713883
16.250,15.500,0.719438
16.500,15.500,0.724951
16.750,15.500,0.730423
17.000,15.500,0.735853
17.250,15.500,0.741244
17.500,15.500,0.746596
17.750,15.500,0.751910
18.000,15.500,0.757187
18.250,15.500,0.762427
18.500,15.500,0.767631
18.750,15.500,0.772801
19.000,15.500,0.777935
19.250,15.500,0.783037
19.500,15.500,0.788105
19.750,15.500,0.793141
20.000,15.500,0.798145
20.250,15.500,0.803118
20.500,15.500,0.808060
20.750,15.500,0.812972
21.000,15.500,0.817855
21.250,15.500,0.822709
21.500,15.500,0.827534
21.750,15.500,0.832332
22.000,15.500,0.837101
22.250,15.500,0.841844
22.500,15.500,0.846561
22.750,15.500,0.851251
23.000,15.500,0.855915
23.250,15.500,0.860554
23.500,15.500,0.865168
23.750,15.500,0.869758
24.000,15.500,0.874324
24.250,15.500,0.878866
24.500,15.500,0.883385
24.750,15.500,0.887880
25.000,15.500,0.892353
25.250,15.500,0.896804
25.500,15.500,0.901233
25.750,15.500,0.905640
26.000,15.500,0.910025
26.250,15.500,0.914390
26.500,15.500,0.918734
26.750,15.500,0.923057
27.000,15.500,0.927361
27.250,15.500,0.931644
27.500,15.500,0.935908
27.750,15.500,0.940152
28.000,15.500,0.944378
28.250,15.500,0.948584
28.500,15.500,0.952772
28.750,15.500,0.956942
29.000,15.500,0.961094
29.250,15.500,0.965228
29.500,15.500,0.969344
29.750,15.500,0.973442
30.000,15.500,0.977524
30.250,15.500,0.981588
30.500,15.500,0.985636
30.750,15.500,0.989668
31.000,15.500,0.993682
31.250,15.500,0.997681
31.500,15.500,1.001664
31.750,15.500,1.005631
32.000,15.500,1.009582
32.250,15.500,1.013518
32.500,15.500,1.017439
32.750,15.500,1.021345
33.000,15.500,1.025236
33.250,15.500,1.029112
33.500,15.500,1.032973
33.750,15.500,1.036821
34.000,15.500,1.040654
34.250,15.500,1.044473
34.500,15.500,1.048278
34.750,15.500,1.052069
35.000,15.500,1.055847
35.250,15.500,1.059611
35.500,15.500,1.063362
35.750,15.500,1.067099
36.000,15.500,1.070824
36.250,15.500,1.074536
36.500,15.500,1.078234
36.750,15.500,1.081921
37.000,15.500,1.085594
37.250,15.500,1.089256
37.500,15.500,1.092905
37.750,15.500,1.096542
38.000,15.500,1.100167
38.250,15.500,1.103780
38.500,15.500,1.107381
38.750,15.500,1.110971
39.000,15.500,1.114549
39.250,15.500,1.118115
39.500,15.500,1.121671
39.750,15.500,1.125215
40.000,15.500,1.128747
40.250,15.500,1.132269
40.500,15.500,1.135780
40.750,15.500,1.139280
41.000,15.500,1.142770
41.250,15.500,1.146248
41.500,15.500,1.149717
41.750,15.500,1.153174
42.000,15.500,1.156622
42.250,15.500,1.160059
42.500,15.500,1.163486
42.750,15.500,1.166903
43.000,15.500,1.170310
43.250,15.500,1.173707
43.500,15.500,1.177095
43.750,15.500,1.180472
44.000,15.500,1.183840
44.250,15.500,1.187199
44.500,15.500,1.190548
44.750,15.500,1.193887
45.000,15.500,1.197217
1.000,15.625,0.180119
1.250,15.625,0.201379
1.500,15.625,0.220599
1.750,15.625,0.238274
2.000,15.625,0.254726
2.250,15.625,0.270178
2.500,15.625,0.284792
2.750,15.625,0.298693
3.000,15.625,0.311974
3.250,15.625,0.324713
3.500,15.625,0.336971
3.750,15.625,0.348798
4.000,15.625,0.360237
4.250,15.625,0.371324
4.500,15.625,0.382089
4.750,15.625,0.392559
5.000,15.625,0.402757
5.250,15.625,0.412703
5.500,15.625,0.422415
5.750,15.625,0.431909
6.000,15.625,0.441198
6.250,15.625,0.450296
6.500,15.625,0.459214
6.750,15.625,0.467962
7.000,15.625,0.476549
7.250,15.625,0.484984
7.500,15.625,0.493275
7.750,15.625,0.501429
8.000,15.625,0.509452
8.250,15.625,0.517351
8.500,15.625,0.525131
8.750,15.625,0.532798
9.000,15.625,0.540356
9.250,15.625,0.547809
9.500,15.625,0.555163
9.750,15.625,0.562420
10.000,15.625,0.569585
10.250,15.625,0.576661
10.500,15.625,0.583651
10.750,15.625,0.590558
11.000,15.625,0.597385
11.250,15.625,0.604136
11.500,15.625,0.610812
11.750,15.625,0.617415
12.000,15.625,0.623949
12.250,15.625,0.630415
12.500,15.625,0.636815
12.750,15.625,0.643152
13.000,15.625,0.649426
13.250,15.625,0.655641
13.500,15.625,0.661798
13.750,15.625,0.667897
14.000,15.625,0.673942
14.250,15.625,0.679932
14.500,15.625,0.685871
14.750,15.625,0.691758
15.000,15.625,0.697596
15.250,15.625,0.703385
15.500,15.625,0.709127
15.750,15.625,0.714823
16.000,15.625,0.720474
16.250,15.625,0.726081
16.500,15.625,0.731645
16.750,15.625,0.737167
17.000,15.625,0.742648
17.250,15.625,0.748088
17.500,15.625,0.753490
17.750,15.625,0.758853
18.000,15.625,0.764178
18.250,15.625,0.769467
18.500,15.625,0.774719
18.750,15.625,0.779936
19.000,15.625,0.785118
19.250,15.625,0.790267
19.500,15.625,0.795382
19.750,15.625,0.800464
20.000,15.625,0.805514
20.250,15.625,0.810533
20.500,15.625,0.815521
20.750,15.625,0.820479
21.000,15.625,0.825407
21.250,15.625,0.830305
21.500,15.625,0.835175
21.750,15.625,0.840017
22.000,15.625,0.844831
22.250,15.625,0.849617
22.500,15.625,0.854377
22.750,15.625,0.859110
23.000,15.625,0.863818
23.250,15.625,0.868500
23.500,15.625,0.873157
23.750,15.625,0.877789
24.000,15.625,0.882397
24.250,15.625,0.886981
24.500,15.625,0.891541
24.750,15.625,0.896078
25.000,15.625,0.900593
25.250,15.625,0.905084
25.500,15.625,0.909554
25.750,15.625,0.914002
26.000,15.625,0.918428
26.250,15.625,0.922833
26.500,15.625,0.927217
26.750,15.625,0.931580
27.000,15.625,0.935923
27.250,15.625,0.940246
27.500,15.625,0.944549
27.750,15.625,0.948833
28.000,15.625,0.953098
28.250,15.625,0.957343
28.500,15.625,0.961570
28.750,15.625,0.965778
29.000,15.625,0.969968
29.250,15.625,0.974140
29.500,15.625,0.978294
29.750,15.625,0.982430
30.000,15.625,0.986550
30.250,15.625,0.990652
30.500,15.625,0.994737
30.750,15.625,0.998805
31.000,15.625,1.002857
31.250,15.625,1.006893
31.500,15.625,1.010913
31.750,15.625,1.014916
32.000,15.625,1.018904
32.250,15.625,1.022876
32.500,15.625,1.026833
32.750,15.625,1.030775
33.000,15.625,1.034702
33.250,15.625,1.038614
33.500,15.625,1.042511
33.750,15.625,1.046394
34.000,15.625,1.050262
34.250,15.625,1.054116
34.500,15.625,1.057957
34.750,15.625,1.061783
35.000,15.625,1.065595
35.250,15.625,1.069394
35.500,15.625,1.073180
35.750,15.625,1.076952
36.000,15.625,1.080711
36.250,15.625,1.084457
36.500,15.625,1.088190
36.750,15.625,1.091910
37.000,15.625,1.095618
37.250,15.625,1.099313
37.500,15.625,1.102996
37.750,15.625,1.106667
38.000,15.625,1.110325
38.250,15.625,1.113971
38.500,15.625,1.117606
38.750,15.625,1.121229
39.000,15.625,1.124840
39.250,15.625,1.128439
39.500,15.625,1.132027
39.750,15.625,1.135604
40.000,15.625,1.139169
40.250,15.625,1.142724
40.500,15.625,1.146267
40.750,15.625,1.149800
41.000,15.625,1.153321
41.250,15.625,1.156832
41.500,15.625,1.160332
41.750,15.625,1.163822
42.000,15.625,1.167301
42.250,15.625,1.170770
42.500,15.625,1.174229
42.750,15.625,1.177678
43.000,15.625,1.181116
43.250,15.625,1.184544
43.500,15.625,1.187963
43.750,15.625,1.191372
44.000,15.625,1.194771
44.250,15.625,1.198160
44.500,15.625,1.201540
44.750,15.625,1.204911
45.000,15.625,1.208272
1.000,15.750,0.181766
1.250,15.750,0.203221
1.500,15.750,0.222617
1.750,15.750,0.240454
2.000,15.750,0.257056
2.250,15.750,0.272650
2.500,15.750,0.287398
2.750,15.750,0.301425
3.000,15.750,0.314829
3.250,15.750,0.327684
3.500,15.750,0.340054
3.750,15.750,0.351989
4.000,15.750,0.363533
4.250,15.750,0.374721
4.500,15.750,0.385585
4.750,15.750,0.396151
5.000,15.750,0.406442
5.250,15.750,0.416479
5.500,15.750,0.426280
5.750,15.750,0.435860
6.000,15.750,0.445235
6.250,15.750,0.454416
6.500,15.750,0.463415
6.750,15.750,0.472243
7.000,15.750,0.480909
7.250,15.750,0.489421
7.500,15.750,0.497788
7.750,15.750,0.506016
8.000,15.750,0.514113
8.250,15.750,0.522084
8.500,15.750,0.529935
8.750,15.750,0.537672
9.000,15.750,0.545299
9.250,15.750,0.552821
9.500,15.750,0.560242
9.750,15.750,0.567565
10.000,15.750,0.574796
10.250,15.750,0.581936
10.500,15.750,0.588990
10.750,15.750,0.595961
11.000,15.750,0.602851
11.250,15.750,0.609663
11.500,15.750,0.616400
11.750,15.750,0.623064
12.000,15.750,0.629657
12.250,15.750,0.636182
12.500,15.750,0.642641
12.750,15.750,0.649036
13.000,15.750,0.655368
13.250,15.750,0.661640
13.500,15.750,0.667852
13.750,15.750,0.674008
14.000,15.750,0.680107
14.250,15.750,0.686153
14.500,15.750,0.692146
14.750,15.750,0.698087
15.000,15.750,0.703978
15.250,15.750,0.709820
15.500,15.750,0.715615
15.750,15.750,0.721363
16.000,15.750,0.727065
16.250,15.750,0.732724
16.500,15.750,0.738338
16.750,15.750,0.743911
17.000,15.750,0.749442
17.250,15.750,0.754932
17.500,15.750,0.760383
17.750,15.750,0.765795
18.000,15.750,0.771169
18.250,15.750,0.776506
18.500,15.750,0.781807
18.750,15.750,0.787071
19.000,15.750,0.792301
19.250,15.750,0.797497
19.500,15.750,0.802659
19.750,15.750,0.807787
20.000,15.750,0.812884
20.250,15.750,0.817949
20.500,15.750,0.822982
20.750,15.750,0.827985
21.000,15.750,0.832958
21.250,15.750,0.837902
21.500,15.750,0.842816
21.750,15.750,0.847702
22.000,15.750,0.852560
22.250,15.750,0.857390
22.500,15.750,0.862194
22.750,15.750,0.866970
23.000,15.750,0.871721
23.250,15.750,0.876446
23.500,15.750,0.881145
23.750,15.750,0.885820
24.000,15.750,0.890470
24.250,15.750,0.895096
24.500,15.750,0.899698
24.750,15.750,0.904276
25.000,15.750,0.908832
25.250,15.750,0.913365
25.500,15.750,0.917875
25.750,15.750,0.922364
26.000,15.750,0.926830
26.250,15.750,0.931276
26.500,15.750,0.935700
26.750,15.750,0.940103
27.000,15.750,0.944486
27.250,15.750,0.948848
27.500,15.750,0.953191
27.750,15.750,0.957514
28.000,15.750,0.961817
28.250,15.750,0.966101
28.500,15.750,0.970367
28.750,15.750,0.974614
29.000,15.750,0.978842
29.250,15.750,0.983052
29.500,15.750,0.987244
29.750,15.750,0.991418
30.000,15.750,0.995575
30.250,15.750,0.999715
30.500,15.750,1.003838
30.750,15.750,1.007943
31.000,15.750,1.012032
31.250,15.750,1.016105
31.500,15.750,1.020161
31.750,15.750,1.024201
32.000,15.750,1.028226
32.250,15.750,1.032235
32.500,15.750,1.036228
32.750,15.750,1.040206
33.000,15.750,1.044168
33.250,15.750,1.048116
33.500,15.750,1.052049
33.750,15.750,1.055967
34.000,15.750,1.059871
34.250,15.750,1.063760
34.500,15.750,1.067636
34.750,15.750,1.071497
35.000,15.750,1.075344
35.250,15.750,1.079178
35.500,15.750,1.082998
35.750,15.750,1.086805
36.000,15.750,1.090598
36.250,15.750,1.094378
36.500,15.750,1.098146
36.750,15.750,1.101900
37.000,15.750,1.105642
37.250,15.750,1.109371
37.500,15.750,1.113087
37.750,15.750,1.116791
38.000,15.750,1.120483
38.250,15.750,1.124163
38.500,15.750,1.127831
38.750,15.750,1.131487
39.000,15.750,1.135131
39.250,15.750,1.138763
39.500,15.750,1.142384
39.750,15.750,1.145993
40.000,15.750,1.149591
40.250,15.750,1.153178
40.500,15.750,1.156754
40.750,15.750,1.160319
41.000,15.750,1.163873
41.250,15.750,1.167416
41.500,15.750,1.170948
41.750,15.750,1.174470
42.000,15.750,1.177981
42.250,15.750,1.181481
42.500,15.750,1.184972
42.750,15.750,1.188452
43.000,15.750,1.191922
43.250,15.750,1.195382
43.500,15.750,1.198832
43.750,15.750,1.202272
44.000,15.750,1.205702
44.250,15.750,1.209122
44.500,15.750,1.212533
44.750,15.750,1.215934
45.000,15.750,1.219326
1.000,15.875,0.183414
1.250,15.875,0.205063
1.500,15.875,0.224636
1.750,15.875,0.242634
2.000,15.875,0.259387
2.250,15.875,0.275121
2.500,15.875,0.290003
2.750,15.875,0.304158
3.000,15.875,0.317683
3.250,15.875,0.330655
3.500,15.875,0.343137
3.750,15.875,0.355180
4.000,15.875,0.366828
4.250,15.875,0.378118
4.500,15.875,0.389080
4.750,15.875,0.399742
5.000,15.875,0.410127
5.250,15.875,0.420255
5.500,15.875,0.430145
5.750,15.875,0.439812
6.000,15.875,0.449271
6.250,15.875,0.458536
6.500,15.875,0.467616
6.750,15.875,0.476524
7.000,15.875,0.485268
7.250,15.875,0.493858
7.500,15.875,0.502301
7.750,15.875,0.510604
8.000,15.875,0.518774
8.250,15.875,0.526817
8.500,15.875,0.534740
8.750,15.875,0.542547
9.000,15.875,0.550243
9.250,15.875,0.557833
9.500,15.875,0.565321
9.750,15.875,0.572711
10.000,15.875,0.580007
10.250,15.875,0.587212
10.500,15.875,0.594330
10.750,15.875,0.601364
11.000,15.875,0.608316
11.250,15.875,0.615190
11.500,15.875,0.621988
11.750,15.875,0.628712
12.000,15.875,0.635366
12.250,15.875,0.641950
12.500,15.875,0.648467
12.750,15.875,0.654920
13.000,15.875,0.661309
13.250,15.875,0.667638
13.500,15.875,0.673907
13.750,15.875,0.680118
14.000,15.875,0.686273
14.250,15.875,0.692374
14.500,15.875,0.698421
14.750,15.875,0.704416
15.000,15.875,0.710360
15.250,15.875,0.716255
15.500,15.875,0.722103
15.750,15.875,0.727903
16.000,15.875,0.733657
16.250,15.875,0.739366
16.500,15.875,0.745032
16.750,15.875,0.750655
17.000,15.875,0.756236
17.250,15.875,0.761777
17.500,15.875,0.767277
17.750,15.875,0.772738
18.000,15.875,0.778161
18.250,15.875,0.783546
18.500,15.875,0.788894
18.750,15.875,0.794207
19.000,15.875,0.799484
19.250,15.875,0.804727
19.500,15.875,0.809935
19.750,15.875,0.815111
20.000,15.875,0.820253
20.250,15.875,0.825364
20.500,15.875,0.830443
20.750,15.875,0.835492
21.000,15.875,0.840510
21.250,15.875,0.845498
21.500,15.875,0.850457
21.750,15.875,0.855387
22.000,15.875,0.860289
22.250,15.875,0.865163
22.500,15.875,0.870010
22.750,15.875,0.874830
23.000,15.875,0.879624
23.250,15.875,0.884391
23.500,15.875,0.889133
23.750,15.875,0.893850
24.000,15.875,0.898543
24.250,15.875,0.903210
24.500,15.875,0.907854
24.750,15.875,0.912474
25.000,15.875,0.917071
25.250,15.875,0.921645
25.500,15.875,0.926196
25.750,15.875,0.930726
26.000,15.875,0.935233
26.250,15.875,0.939718
26.500,15.875,0.944183
26.750,15.875,0.948626
27.000,15.875,0.953048
27.250,15.875,0.957450
27.500,15.875,0.961832
27.750,15.875,0.966194
28.000,15.875,0.970537
28.250,15.875,0.974860
28.500,15.875,0.979164
28.750,15.875,0.983449
29.000,15.875,0.987716
29.250,15.875,0.991964
29.500,15.875,0.996194
29.750,15.875,1.000407
30.000,15.875,1.004601
30.250,15.875,1.008778
30.500,15.875,1.012938
30.750,15.875,1.017081
31.000,15.875,1.021207
31.250,15.875,1.025317
31.500,15.875,1.029410
31.750,15.875,1.033487
32.000,15.875,1.037548
32.250,15.875,1.041593
32.500,15.875,1.045622
32.750,15.875,1.049636
33.000,15.875,1.053635
33.250,15.875,1.057618
33.500,15.875,1.061587
33.750,15.875,1.065540
34.000,15.875,1.069480
34.250,15.875,1.073404
34.500,15.875,1.077315
34.750,15.875,1.081211
35.000,15.875,1.085093
35.250,15.875,1.088962
35.500,15.875,1.092816
35.750,15.875,1.096658
36.000,15.875,1.100485
36.250,15.875,1.104300
36.500,15.875,1.108101
36.750,15.875,1.111890
37.000,15.875,1.115665
37.250,15.875,1.119428
37.500,15.875,1.123178
37.750,15.875,1.126916
38.000,15.875,1.130641
38.250,15.875,1.134354
38.500,15.875,1.138055
38.750,15.875,1.141744
39.000,15.875,1.145422
39.250,15.875,1.149087
39.500,15.875,1.152741
39.750,15.875,1.156383
40.000,15.875,1.160013
40.250,15.875,1.163633
40.500,15.875,1.167241
40.750,15.875,1.170838
41.000,15.875,1.174424
41.250,15.875,1.177999
41.500,15.875,1.181564
41.750,15.875,1.185117
42.000,15.875,1.188660
42.250,15.875,1.192193
42.500,15.875,1.195715
42.750,15.875,1.199226
43.000,15.875,1.202728
43.250,15.875,1.206219
43.500,15.875,1.209700
43.750,15.875,1.213171
44.000,15.875,1.216632
44.250,15.875,1.220084
44.500,15.875,1.223526
44.750,15.875,1.226958
45.000,15.875,1.230380
1.000,16.000,0.185062
1.250,16.000,0.206906
1.500,16.000,0.226654
1.750,16.000,0.244814
2.000,16.000,0.261717
2.250,16.000,0.277593
2.500,16.000,0.292609
2.750,16.000,0.306891
3.000,16.000,0.320537
3.250,16.000,0.333625
3.500,16.000,0.346219
3.750,16.000,0.358371
4.000,16.000,0.370124
4.250,16.000,0.381515
4.500,16.000,0.392576
4.750,16.000,0.403334
5.000,16.000,0.413811
5.250,16.000,0.424031
5.500,16.000,0.434009
5.750,16.000,0.443763
6.000,16.000,0.453308
6.250,16.000,0.462655
6.500,16.000,0.471818
6.750,16.000,0.480805
7.000,16.000,0.489628
7.250,16.000,0.498295
7.500,16.000,0.506813
7.750,16.000,0.515191
8.000,16.000,0.523435
8.250,16.000,0.531550
8.500,16.000,0.539544
8.750,16.000,0.547421
9.000,16.000,0.555186
9.250,16.000,0.562844
9.500,16.000,0.570400
9.750,16.000,0.577856
10.000,16.000,0.585218
10.250,16.000,0.592488
10.500,16.000,0.599670
10.750,16.000,0.606767
11.000,16.000,0.613782
11.250,16.000,0.620717
11.500,16.000,0.627576
11.750,16.000,0.634361
12.000,16.000,0.641074
12.250,16.000,0.647717
12.500,16.000,0.654293
12.750,16.000,0.660804
13.000,16.000,0.667251
13.250,16.000,0.673636
13.500,16.000,0.679962
13.750,16.000,0.686229
14.000,16.000,0.692439
14.250,16.000,0.698594
14.500,16.000,0.704695
14.750,16.000,0.710744
15.000,16.000,0.716742
15.250,16.000,0.722691
15.500,16.000,0.728590
15.750,16.000,0.734442
16.000,16.000,0.740248
16.250,16.000,0.746009
16.500,16.000,0.751726
16.750,16.000,0.757399
17.000,16.000,0.763031
17.250,16.000,0.768621
17.500,16.000,0.774170
17.750,16.000,0.779680
18.000,16.000,0.785152
18.250,16.000,0.790586
18.500,16.000,0.795982
18.750,16.000,0.801342
19.000,16.000,0.806667
19.250,16.000,0.811957
19.500,16.000,0.817212
19.750,16.000,0.822434
20.000,16.000,0.827623
20.250,16.000,0.832779
20.500,16.000,0.837904
20.750,16.000,0.842998
21.000,16.000,0.848061
21.250,16.000,0.853094
21.500,16.000,0.858098
21.750,16.000,0.863072
22.000,16.000,0.868018
22.250,16.000,0.872936
22.500,16.000,0.877827
22.750,16.000,0.882690
23.000,16.000,0.887527
23.250,16.000,0.892337
23.500,16.000,0.897122
23.750,16.000,0.901881
24.000,16.000,0.906615
24.250,16.000,0.911325
24.500,16.000,0.916011
24.750,16.000,0.920672
25.000,16.000,0.925311
25.250,16.000,0.929926
25.500,16.000,0.934518
25.750,16.000,0.939088
26.000,16.000,0.943635
26.250,16.000,0.948161
26.500,16.000,0.952665
26.750,16.000,0.957149
27.000,16.000,0.961611
27.250,16.000,0.966053
27.500,16.000,0.970474
27.750,16.000,0.974875
28.000,16.000,0.979257
28.250,16.000,0.983619
28.500,16.000,0.987961
28.750,16.000,0.992285
29.000,16.000,0.996590
29.250,16.000,1.000876
29.500,16.000,1.005144
29.750,16.000,1.009395
30.000,16.000,1.013627
30.250,16.000,1.017842
30.500,16.000,1.022039
30.750,16.000,1.026219
31.000,16.000,1.030382
31.250,16.000,1.034529
31.500,16.000,1.038658
31.750,16.000,1.042772
32.000,16.000,1.046869
32.250,16.000,1.050951
32.500,16.000,1.055016
32.750,16.000,1.059066
33.000,16.000,1.063101
33.250,16.000,1.067120
33.500,16.000,1.071124
33.750,16.000,1.075114
34.000,16.000,1.079088
34.250,16.000,1.083048
34.500,16.000,1.086994
34.750,16.000,1.090925
35.000,16.000,1.094842
35.250,16.000,1.098745
35.500,16.000,1.102635
35.750,16.000,1.106510
36.000,16.000,1.110373
36.250,16.000,1.114221
36.500,16.000,1.118057
36.750,16.000,1.121879
37.000,16.000,1.125689
37.250,16.000,1.129485
37.500,16.000,1.133269
37.750,16.000,1.137041
38.000,16.000,1.140799
38.250,16.000,1.144546
38.500,16.000,1.148280
38.750,16.000,1.152002
39.000,16.000,1.155712
39.250,16.000,1.159411
39.500,16.000,1.163097
39.750,16.000,1.166772
40.000,16.000,1.170436
40.250,16.000,1.174087
40.500,16.000,1.177728
40.750,16.000,1.181357
41.000,16.000,1.184976
41.250,16.000,1.188583
41.500,16.000,1.192179
41.750,16.000,1.195765
42.000,16.000,1.199339
42.250,16.000,1.202904
42.500,16.000,1.206457
42.750,16.000,1.210001
43.000,16.000,1.213533
43.250,16.000,1.217056
43.500,16.000,1.220568
43.750,16.000,1.224071
44.000,16.000,1.227563
44.250,16.000,1.231046
44.500,16.000,1.234518
44.750,16.000,1.237981
45.000,16.000,1.241434
1.000,16.125,0.186710
1.250,16.125,0.208748
1.500,16.125,0.228672
1.750,16.125,0.246994
2.000,16.125,0.264048
2.250,16.125,0.280065
2.500,16.125,0.295214
2.750,16.125,0.309623
3.000,16.125,0.323391
3.250,16.125,0.336596
3.500,16.125,0.349302
3.750,16.125,0.361562
4.000,16.125,0.373420
4.250,16.125,0.384912
4.500,16.125,0.396072
4.750,16.125,0.406925
5.000,16.125,0.417496
5.250,16.125,0.427806
5.500,16.125,0.437874
5.750,16.125,0.447715
6.000,16.125,0.457344
6.250,16.125,0.466775
6.500,16.125,0.476019
6.750,16.125,0.485087
7.000,16.125,0.493988
7.250,16.125,0.502732
7.500,16.125,0.511326
7.750,16.125,0.519779
8.000,16.125,0.528096
8.250,16.125,0.536284
8.500,16.125,0.544348
8.750,16.125,0.552296
9.000,16.125,0.560130
9.250,16.125,0.567856
9.500,16.125,0.575479
9.750,16.125,0.583002
10.000,16.125,0.590429
10.250,16.125,0.597764
10.500,16.125,0.605009
10.750,16.125,0.612170
11.000,16.125,0.619247
11.250,16.125,0.626244
11.500,16.125,0.633164
11.750,16.125,0.640010
12.000,16.125,0.646782
12.250,16.125,0.653485
12.500,16.125,0.660119
12.750,16.125,0.666688
13.000,16.125,0.673192
13.250,16.125,0.679635
13.500,16.125,0.686016
13.750,16.125,0.692339
14.000,16.125,0.698605
14.250,16.125,0.704815
14.500,16.125,0.710970
14.750,16.125,0.717073
15.000,16.125,0.723125
15.250,16.125,0.729126
15.500,16.125,0.735078
15.750,16.125,0.740982
16.000,16.125,0.746840
16.250,16.125,0.752652
16.500,16.125,0.758419
16.750,16.125,0.764143
17.000,16.125,0.769825
17.250,16.125,0.775465
17.500,16.125,0.781064
17.750,16.125,0.786623
18.000,16.125,0.792143
18.250,16.125,0.797625
18.500,16.125,0.803070
18.750,16.125,0.808478
19.000,16.125,0.813850
19.250,16.125,0.819187
19.500,16.125,0.824489
19.750,16.125,0.829757
20.000,16.125,0.834992
20.250,16.125,0.840195
20.500,16.125,0.845365
20.750,16.125,0.850504
21.000,16.125,0.855613
21.250,16.125,0.860690
21.500,16.125,0.865739
21.750,16.125,0.870757
22.000,16.125,0.875747
22.250,16.125,0.880709
22.500,16.125,0.885643
22.750,16.125,0.890550
23.000,16.125,0.895430
23.250,16.125,0.900283
23.500,16.125,0.905110
23.750,16.125,0.909912
24.000,16.125,0.914688
24.250,16.125,0.919440
24.500,16.125,0.924167
24.750,16.125,0.928870
25.000,16.125,0.933550
25.250,16.125,0.938206
25.500,16.125,0.942839
25.750,16.125,0.947450
26.000,16.125,0.952038
26.250,16.125,0.956604
26.500,16.125,0.961148
26.750,16.125,0.965671
27.000,16.125,0.970173
27.250,16.125,0.974655
27.500,16.125,0.979115
27.750,16.125,0.983556
28.000,16.125,0.987976
28.250,16.125,0.992377
28.500,16.125,0.996758
28.750,16.125,1.001121
29.000,16.125,1.005464
29.250,16.125,1.009789
29.500,16.125,1.014095
29.750,16.125,1.018383
30.000,16.125,1.022653
30.250,16.125,1.026905
30.500,16.125,1.031140
30.750,16.125,1.035357
31.000,16.125,1.039557
31.250,16.125,1.043740
31.500,16.125,1.047907
31.750,16.125,1.052057
32.000,16.125,1.056191
32.250,16.125,1.060309
32.500,16.125,1.064411
32.750,16.125,1.068497
33.000,16.125,1.072567
33.250,16.125,1.076622
33.500,16.125,1.080662
33.750,16.125,1.084687
34.000,16.125,1.088697
34.250,16.125,1.092692
34.500,16.125,1.096673
34.750,16.125,1.100639
35.000,16.125,1.104591
35.250,16.125,1.108529
35.500,16.125,1.112453
35.750,16.125,1.116363
36.000,16.125,1.120260
36.250,16.125,1.124143
36.500,16.125,1.128013
36.750,16.125,1.131869
37.000,16.125,1.135712
37.250,16.125,1.139543
37.500,16.125,1.143360
37.750,16.125,1.147165
38.000,16.125,1.150958
38.250,16.125,1.154737
38.500,16.125,1.158505
38.750,16.125,1.162260
39.000,16.125,1.166003
39.250,16.125,1.169735
39.500,16.125,1.173454
39.750,16.125,1.177162
40.000,16.125,1.180858
40.250,16.125,1.184542
40.500,16.125,1.188215
40.750,16.125,1.191877
41.000,16.125,1.195527
41.250,16.125,1.199166
41.500,16.125,1.202795
41.750,16.125,1.206412
42.000,16.125,1.210019
42.250,16.125,1.213615
42.500,16.125,1.217200
42.750,16.125,1.220775
43.000,16.125,1.224339
43.250,16.125,1.227893
43.500,16.125,1.231437
43.750,16.125,1.234970
44.000,16.125,1.238494
44.250,16.125,1.242007
44.500,16.125,1.245511
44.750,16.125,1.249005
45.000,16.125,1.252489
1.000,16.250,0.188358
1.250,16.250,0.210590
1.500,16.250,0.230690
1.750,16.250,0.249174
2.000,16.250,0.266378
2.250,16.250,0.282537
2.500,16.250,0.297820
2.750,16.250,0.312356
3.000,16.250,0.326245
3.250,16.250,0.339567
3.500,16.250,0.352385
3.750,16.250,0.364753
4.000,16.250,0.376716
4.250,16.250,0.388310
4.500,16.250,0.399567
4.750,16.250,0.410516
5.000,16.250,0.421181
5.250,16.250,0.431582
5.500,16.250,0.441738
5.750,16.250,0.451666
6.000,16.250,0.461381
6.250,16.250,0.470895
6.500,16.250,0.480220
6.750,16.250,0.489368
7.000,16.250,0.498348
7.250,16.250,0.507169
7.500,16.250,0.515839
7.750,16.250,0.524366
8.000,16.250,0.532756
8.250,16.250,0.541017
8.500,16.250,0.549153
8.750,16.250,0.557170
9.000,16.250,0.565074
9.250,16.250,0.572868
9.500,16.250,0.580558
9.750,16.250,0.588147
10.000,16.250,0.595640
10.250,16.250,0.603039
10.500,16.250,0.610349
10.750,16.250,0.617572
11.000,16.250,0.624712
11.250,16.250,0.631771
11.500,16.250,0.638753
11.750,16.250,0.645658
12.000,16.250,0.652491
12.250,16.250,0.659252
12.500,16.250,0.665946
12.750,16.250,0.672572
13.000,16.250,0.679134
13.250,16.250,0.685633
13.500,16.250,0.692071
13.750,16.250,0.698450
14.000,16.250,0.704770
14.250,16.250,0.711035
14.500,16.250,0.717245
14.750,16.250,0.723402
15.000,16.250,0.729507
15.250,16.250,0.735561
15.500,16.250,0.741566
15.750,16.250,0.747522
16.000,16.250,0.753431
16.250,16.250,0.759295
16.500,16.250,0.765113
16.750,16.250,0.770888
17.000,16.250,0.776619
17.250,16.250,0.782309
17.500,16.250,0.787957
17.750,16.250,0.793566
18.000,16.250,0.799135
18.250,16.250,0.804665
18.500,16.250,0.810158
18.750,16.250,0.815613
19.000,16.250,0.821033
19.250,16.250,0.826417
19.500,16.250,0.831766
19.750,16.250,0.837081
20.000,16.250,0.842362
20.250,16.250,0.847610
20.500,16.250,0.852826
20.750,16.250,0.858011
21.000,16.250,0.863164
21.250,16.250,0.868287
21.500,16.250,0.873379
21.750,16.250,0.878442
22.000,16.250,0.883477
22.250,16.250,0.888482
22.500,16.250,0.893460
22.750,16.250,0.898410
23.000,16.250,0.903332
23.250,16.250,0.908229
23.500,16.250,0.913098
23.750,16.250,0.917943
24.000,16.250,0.922761
24.250,16.250,0.927555
24.500,16.250,0.932324
24.750,16.250,0.937068
25.000,16.250,0.941789
25.250,16.250,0.946486
25.500,16.250,0.951160
25.750,16.250,0.955812
26.000,16.250,0.960440
26.250,16.250,0.965047
26.500,16.250,0.969631
26.750,16.250,0.974194
27.000,16.250,0.978736
27.250,16.250,0.983257
27.500,16.250,0.987757
27.750,16.250,0.992236
28.000,16.250,0.996696
28.250,16.250,1.001136
28.500,16.250,1.005556
28.750,16.250,1.009956
29.000,16.250,1.014338
29.250,16.250,1.018701
29.500,16.250,1.023045
29.750,16.250,1.027371
30.000,16.250,1.031678
30.250,16.250,1.035968
30.500,16.250,1.040240
30.750,16.250,1.044495
31.000,16.250,1.048732
31.250,16.250,1.052952
31.500,16.250,1.057156
31.750,16.250,1.061343
32.000,16.250,1.065513
32.250,16.250,1.069667
32.500,16.250,1.073805
32.750,16.250,1.077927
33.000,16.250,1.082033
33.250,16.250,1.086124
33.500,16.250,1.090200
33.750,16.250,1.094260
34.000,16.250,1.098305
34.250,16.250,1.102336
34.500,16.250,1.106352
34.750,16.250,1.110353
35.000,16.250,1.114340
35.250,16.250,1.118313
35.500,16.250,1.122271
35.750,16.250,1.126216
36.000,16.250,1.130147
36.250,16.250,1.134064
36.500,16.250,1.137968
36.750,16.250,1.141859
37.000,16.250,1.145736
37.250,16.250,1.149600
37.500,16.250,1.153451
37.750,16.250,1.157290
38.000,16.250,1.161116
38.250,16.250,1.164929
38.500,16.250,1.168730
38.750,16.250,1.172518
39.000,16.250,1.176294
39.250,16.250,1.180058
39.500,16.250,1.183811
39.750,16.250,1.187551
40.000,16.250,1.191280
40.250,16.250,1.194997
40.500,16.250,1.198702
40.750,16.250,1.202396
41.000,16.250,1.206079
41.250,16.250,1.209750
41.500,16.250,1.213410
41.750,16.250,1.217060
42.000,16.250,1.220698
42.250,16.250,1.224326
42.500,16.250,1.227943
42.750,16.250,1.231549
43.000,16.250,1.235145
43.250,16.250,1.238730
43.500,16.250,1.242305
43.750,16.250,1.245870
44.000,16.250,1.249425
44.250,16.250,1.252969
44.500,16.250,1.256503
44.750,16.250,1.260028
45.000,16.250,1.263543
1.000,16.375,0.190006
1.250,16.375,0.212433
1.500,16.375,0.232709
1.750,16.375,0.251354
2.000,16.375,0.268709
2.250,16.375,0.285009
2.500,16.375,0.300425
2.750,16.375,0.315089
3.000,16.375,0.329100
3.250,16.375,0.342538
3.500,16.375,0.355468
3.750,16.375,0.367944
4.000,16.375,0.380011
4.250,16.375,0.391707
4.500,16.375,0.403063
4.750,16.375,0.414108
5.000,16.375,0.424866
5.250,16.375,0.435358
5.500,16.375,0.445603
5.750,16.375,0.455618
6.000,16.375,0.465417
6.250,16.375,0.475014
6.500,16.375,0.484421
6.750,16.375,0.493649
7.000,16.375,0.502708
7.250,16.375,0.511606
7.500,16.375,0.520352
7.750,16.375,0.528953
8.000,16.375,0.537417
8.250,16.375,0.545750
8.500,16.375,0.553957
8.750,16.375,0.562044
9.000,16.375,0.570017
9.250,16.375,0.577880
9.500,16.375,0.585637
9.750,16.375,0.593293
10.000,16.375,0.600851
10.250,16.375,0.608315
10.500,16.375,0.615689
10.750,16.375,0.622975
11.000,16.375,0.630178
11.250,16.375,0.637299
11.500,16.375,0.644341
11.750,16.375,0.651307
12.000,16.375,0.658199
12.250,16.375,0.665020
12.500,16.375,0.671772
12.750,16.375,0.678456
13.000,16.375,0.685075
13.250,16.375,0.691631
13.500,16.375,0.698126
13.750,16.375,0.704560
14.000,16.375,0.710936
14.250,16.375,0.717256
14.500,16.375,0.723520
14.750,16.375,0.729731
15.000,16.375,0.735889
15.250,16.375,0.741996
15.500,16.375,0.748053
15.750,16.375,0.754062
16.000,16.375,0.760023
16.250,16.375,0.765937
16.500,16.375,0.771807
16.750,16.375,0.777632
17.000,16.375,0.783414
17.250,16.375,0.789153
17.500,16.375,0.794851
17.750,16.375,0.800508
18.000,16.375,0.806126
18.250,16.375,0.811705
18.500,16.375,0.817245
18.750,16.375,0.822749
19.000,16.375,0.828216
19.250,16.375,0.833647
19.500,16.375,0.839042
19.750,16.375,0.844404
20.000,16.375,0.849731
20.250,16.375,0.855026
20.500,16.375,0.860287
20.750,16.375,0.865517
21.000,16.375,0.870716
21.250,16.375,0.875883
21.500,16.375,0.881020
21.750,16.375,0.886128
22.000,16.375,0.891206
22.250,16.375,0.896255
22.500,16.375,0.901276
22.750,16.375,0.906269
23.000,16.375,0.911235
23.250,16.375,0.916174
23.500,16.375,0.921087
23.750,16.375,0.925973
24.000,16.375,0.930834
24.250,16.375,0.935670
24.500,16.375,0.940480
24.750,16.375,0.945266
25.000,16.375,0.950029
25.250,16.375,0.954767
25.500,16.375,0.959482
25.750,16.375,0.964174
26.000,16.375,0.968843
26.250,16.375,0.973490
26.500,16.375,0.978114
26.750,16.375,0.982717
27.000,16.375,0.987299
27.250,16.375,0.991859
27.500,16.375,0.996398
27.750,16.375,1.000917
28.000,16.375,1.005416
28.250,16.375,1.009894
28.500,16.375,1.014353
28.750,16.375,1.018792
29.000,16.375,1.023212
29.250,16.375,1.027613
29.500,16.375,1.031995
29.750,16.375,1.036359
30.000,16.375,1.040704
30.250,16.375,1.045031
30.500,16.375,1.049341
30.750,16.375,1.053633
31.000,16.375,1.057907
31.250,16.375,1.062164
31.500,16.375,1.066404
31.750,16.375,1.070628
32.000,16.375,1.074835
32.250,16.375,1.079025
32.500,16.375,1.083199
32.750,16.375,1.087357
33.000,16.375,1.091500
33.250,16.375,1.095626
33.500,16.375,1.099738
33.750,16.375,1.103833
34.000,16.375,1.107914
34.250,16.375,1.111980
34.500,16.375,1.116031
34.750,16.375,1.120067
35.000,16.375,1.124089
35.250,16.375,1.128096
35.500,16.375,1.132090
35.750,16.375,1.136069
36.000,16.375,1.140034
36.250,16.375,1.143986
36.500,16.375,1.147924
36.750,16.375,1.151848
37.000,16.375,1.155760
37.250,16.375,1.159658
37.500,16.375,1.163543
37.750,16.375,1.167415
38.000,16.375,1.171274
38.250,16.375,1.175120
38.500,16.375,1.178954
38.750,16.375,1.182776
39.000,16.375,1.186585
39.250,16.375,1.190382
39.500,16.375,1.194167
39.750,16.375,1.197940
40.000,16.375,1.201702
40.250,16.375,1.205451
40.500,16.375,1.209189
40.750,16.375,1.212915
41.000,16.375,1.216630
41.250,16.375,1.220334
41.500,16.375,1.224026
41.750,16.375,1.227707
42.000,16.375,1.231378
42.250,16.375,1.235037
42.500,16.375,1.238686
42.750,16.375,1.242323
43.000,16.375,1.245951
43.250,16.375,1.249567
43.500,16.375,1.253174
43.750,16.375,1.256770
44.000,16.375,1.260355
44.250,16.375,1.263931
44.500,16.375,1.267496
44.750,16.375,1.271052
45.000,16.375,1.274597
1.000,16.500,0.191654
1.250,16.500,0.214275
1.500,16.500,0.234727
1.750,16.500,0.253534
2.000,16.500,0.271039
2.250,16.500,0.287480
2.500,16.500,0.303031
2.750,16.500,0.317821
3.000,16.500,0.331954
3.250,16.500,0.345508
3.500,16.500,0.358551
3.750,16.500,0.371136
4.000,16.500,0.383307
4.250,16.500,0.395104
4.500,16.500,0.406559
4.750,16.500,0.417699
5.000,16.500,0.428550
5.250,16.500,0.439134
5.500,16.500,0.449467
5.750,16.500,0.459569
6.000,16.500,0.469453
6.250,16.500,0.479134
6.500,16.500,0.488623
6.750,16.500,0.497931
7.000,16.500,0.507068
7.250,16.500,0.516043
7.500,16.500,0.524865
7.750,16.500,0.533541
8.000,16.500,0.542078
8.250,16.500,0.550483
8.500,16.500,0.558761
8.750,16.500,0.566919
9.000,16.500,0.574961
9.250,16.500,0.582892
9.500,16.500,0.590716
9.750,16.500,0.598438
10.000,16.500,0.606062
10.250,16.500,0.613591
10.500,16.500,0.621029
10.750,16.500,0.628378
11.000,16.500,0.635643
11.250,16.500,0.642826
11.500,16.500,0.649929
11.750,16.500,0.656955
12.000,16.500,0.663907
12.250,16.500,0.670788
12.500,16.500,0.677598
12.750,16.500,0.684340
13.000,16.500,0.691017
13.250,16.500,0.697630
13.500,16.500,0.704180
13.750,16.500,0.710670
14.000,16.500,0.717102
14.250,16.500,0.723476
14.500,16.500,0.729795
14.750,16.500,0.736060
15.000,16.500,0.742271
15.250,16.500,0.748431
15.500,16.500,0.754541
15.750,16.500,0.760602
16.000,16.500,0.766614
16.250,16.500,0.772580
16.500,16.500,0.778500
16.750,16.500,0.784376
17.000,16.500,0.790208
17.250,16.500,0.795997
17.500,16.500,0.801744
17.750,16.500,0.807451
18.000,16.500,0.813117
18.250,16.500,0.818744
18.500,16.500,0.824333
18.750,16.500,0.829884
19.000,16.500,0.835399
19.250,16.500,0.840877
19.500,16.500,0.846319
19.750,16.500,0.851727
20.000,16.500,0.857101
20.250,16.500,0.862441
20.500,16.500,0.867748
20.750,16.500,0.873024
21.000,16.500,0.878267
21.250,16.500,0.883479
21.500,16.500,0.888661
21.750,16.500,0.893813
22.000,16.500,0.898935
22.250,16.500,0.904028
22.500,16.500,0.909093
22.750,16.500,0.914129
23.000,16.500,0.919138
23.250,16.500,0.924120
23.500,16.500,0.929075
23.750,16.500,0.934004
24.000,16.500,0.938907
24.250,16.500,0.943784
24.500,16.500,0.948637
24.750,16.500,0.953464
25.000,16.500,0.958268
25.250,16.500,0.963047
25.500,16.500,0.967803
25.750,16.500,0.972536
26.000,16.500,0.977245
26.250,16.500,0.981932
26.500,16.500,0.986597
26.750,16.500,0.991240
27.000,16.500,0.995861
27.250,16.500,1.000461
27.500,16.500,1.005040
27.750,16.500,1.009598
28.000,16.500,1.014135
28.250,16.500,1.018653
28.500,16.500,1.023150
28.750,16.500,1.027628
29.000,16.500,1.032086
29.250,16.500,1.036525
29.500,16.500,1.040945
29.750,16.500,1.045347
30.000,16.500,1.049730
30.250,16.500,1.054095
30.500,16.500,1.058441
30.750,16.500,1.062770
31.000,16.500,1.067082
31.250,16.500,1.071376
31.500,16.500,1.075653
31.750,16.500,1.079913
32.000,16.500,1.084156
32.250,16.500,1.088383
32.500,16.500,1.092593
32.750,16.500,1.096788
33.000,16.500,1.100966
33.250,16.500,1.105128
33.500,16.500,1.109275
33.750,16.500,1.113407
34.000,16.500,1.117523
34.250,16.500,1.121624
34.500,16.500,1.125710
34.750,16.500,1.129781
35.000,16.500,1.133838
35.250,16.500,1.137880
35.500,16.500,1.141908
35.750,16.500,1.145922
36.000,16.500,1.149921
36.250,16.500,1.153907
36.500,16.500,1.157879
36.750,16.500,1.161838
37.000,16.500,1.165783
37.250,16.500,1.169715
37.500,16.500,1.173634
37.750,16.500,1.177539
38.000,16.500,1.181432
38.250,16.500,1.185312
38.500,16.500,1.189179
38.750,16.500,1.193034
39.000,16.500,1.196876
39.250,16.500,1.200706
39.500,16.500,1.204524
39.750,16.500,1.208330
40.000,16.500,1.212124
40.250,16.500,1.215906
40.500,16.500,1.219676
40.750,16.500,1.223435
41.000,16.500,1.227182
41.250,16.500,1.230917
41.500,16.500,1.234642
41.750,16.500,1.238355
42.000,16.500,1.242057
42.250,16.500,1.245748
42.500,16.500,1.249428
42.750,16.500,1.253098
43.000,16.500,1.256757
43.250,16.500,1.260405
43.500,16.500,1.264042
43.750,16.500,1.267669
44.000,16.500,1.271286
44.250,16.500,1.274892
44.500,16.500,1.278489
44.750,16.500,1.282075
45.000,16.500,1.285651
1.000,16.625,0.193301
1.250,16.625,0.216118
1.500,16.625,0.236745
1.750,16.625,0.255714
2.000,16.625,0.273370
2.250,16.625,0.289952
2.500,16.625,0.305636
2.750,16.625,0.320554
3.000,16.625,0.334808
3.250,16.625,0.348479
3.500,16.625,0.361634
3.750,16.625,0.374327
4.000,16.625,0.386603
4.250,16.625,0.398501
4.500,16.625,0.410054
4.750,16.625,0.421291
5.000,16.625,0.432235
5.250,16.625,0.442909
5.500,16.625,0.453332
5.750,16.625,0.463521
6.000,16.625,0.473490
6.250,16.625,0.483254
6.500,16.625,0.492824
6.750,16.625,0.502212
7.000,16.625,0.511428
7.250,16.625,0.520480
7.500,16.625,0.529378
7.750,16.625,0.538128
8.000,16.625,0.546739
8.250,16.625,0.555216
8.500,16.625,0.563566
8.750,16.625,0.571793
9.000,16.625,0.579904
9.250,16.625,0.587903
9.500,16.625,0.595795
9.750,16.625,0.603584
10.000,16.625,0.611273
10.250,16.625,0.618867
10.500,16.625,0.626368
10.750,16.625,0.633781
11.000,16.625,0.641108
11.250,16.625,0.648353
11.500,16.625,0.655517
11.750,16.625,0.662604
12.000,16.625,0.669616
12.250,16.625,0.676555
12.500,16.625,0.683424
12.750,16.625,0.690224
13.000,16.625,0.696958
13.250,16.625,0.703628
13.500,16.625,0.710235
13.750,16.625,0.716781
14.000,16.625,0.723268
14.250,16.625,0.729697
14.500,16.625,0.736070
14.750,16.625,0.742388
15.000,16.625,0.748653
15.250,16.625,0.754866
15.500,16.625,0.761029
15.750,16.625,0.767141
16.000,16.625,0.773206
16.250,16.625,0.779223
16.500,16.625,0.785194
16.750,16.625,0.791120
17.000,16.625,0.797002
17.250,16.625,0.802841
17.500,16.625,0.808638
17.750,16.625,0.814393
18.000,16.625,0.820109
18.250,16.625,0.825784
18.500,16.625,0.831421
18.750,16.625,0.837020
19.000,16.625,0.842581
19.250,16.625,0.848107
19.500,16.625,0.853596
19.750,16.625,0.859050
20.000,16.625,0.864470
20.250,16.625,0.869856
20.500,16.625,0.875209
20.750,16.625,0.880530
21.000,16.625,0.885818
21.250,16.625,0.891076
21.500,16.625,0.896302
21.750,16.625,0.901498
22.000,16.625,0.906664
22.250,16.625,0.911801
22.500,16.625,0.916909
22.750,16.625,0.921989
23.000,16.625,0.927041
23.250,16.625,0.932066
23.500,16.625,0.937063
23.750,16.625,0.942035
24.000,16.625,0.946980
24.250,16.625,0.951899
24.500,16.625,0.956793
24.750,16.625,0.961663
25.000,16.625,0.966507
25.250,16.625,0.971328
25.500,16.625,0.976124
25.750,16.625,0.980898
26.000,16.625,0.985648
26.250,16.625,0.990375
26.500,16.625,0.995080
26.750,16.625,0.999763
27.000,16.625,1.004424
27.250,16.625,1.009063
27.500,16.625,1.013681
27.750,16.625,1.018279
28.000,16.625,1.022855
28.250,16.625,1.027411
28.500,16.625,1.031947
28.750,16.625,1.036464
29.000,16.625,1.040960
29.250,16.625,1.045437
29.500,16.625,1.049896
29.750,16.625,1.054335
30.000,16.625,1.058756
30.250,16.625,1.063158
30.500,16.625,1.067542
30.750,16.625,1.071908
31.000,16.625,1.076257
31.250,16.625,1.080588
31.500,16.625,1.084902
31.750,16.625,1.089198
32.000,16.625,1.093478
32.250,16.625,1.097741
32.500,16.625,1.101988
32.750,16.625,1.106218
33.000,16.625,1.110432
33.250,16.625,1.114630
33.500,16.625,1.118813
33.750,16.625,1.122980
34.000,16.625,1.127131
34.250,16.625,1.131268
34.500,16.625,1.135389
34.750,16.625,1.139495
35.000,16.625,1.143587
35.250,16.625,1.147664
35.500,16.625,1.151726
35.750,16.625,1.155775
36.000,16.625,1.159809
36.250,16.625,1.163829
36.500,16.625,1.167835
36.750,16.625,1.171828
37.000,16.625,1.175807
37.250,16.625,1.179772
37.500,16.625,1.183725
37.750,16.625,1.187664
38.000,16.625,1.191590
38.250,16.625,1.195503
38.500,16.625,1.199404
38.750,16.625,1.203292
39.000,16.625,1.207167
39.250,16.625,1.211030
39.500,16.625,1.214881
39.750,16.625,1.218719
40.000,16.625,1.222546
40.250,16.625,1.226360
40.500,16.625,1.230163
40.750,16.625,1.233954
41.000,16.625,1.237733
41.250,16.625,1.241501
41.500,16.625,1.245257
41.750,16.625,1.249003
42.000,16.625,1.252737
42.250,16.625,1.256459
42.500,16.625,1.260171
42.750,16.625,1.263872
43.000,16.625,1.267562
43.250,16.625,1.271242
43.500,16.625,1.274911
43.750,16.625,1.278569
44.000,16.625,1.282217
44.250,16.625,1.285854
44.500,16.625,1.289481
44.750,16.625,1.293099
45.000,16.625,1.296705
1.000,16.750,0.194949
1.250,16.750,0.217960
1.500,16.750,0.238763
1.750,16.750,0.257894
2.000,16.750,0.275700
2.250,16.750,0.292424
2.500,16.750,0.308242
2.750,16.750,0.323287
3.000,16.750,0.337662
3.250,16.750,0.351450
3.500,16.750,0.364717
3.750,16.750,0.377518
4.000,16.750,0.389899
4.250,16.750,0.401898
4.500,16.750,0.413550
4.750,16.750,0.424882
5.000,16.750,0.435920
5.250,16.750,0.446685
5.500,16.750,0.457197
5.750,16.750,0.467472
6.000,16.750,0.477526
6.250,16.750,0.487373
6.500,16.750,0.497025
6.750,16.750,0.506493
7.000,16.750,0.515787
7.250,16.750,0.524917
7.500,16.750,0.533891
7.750,16.750,0.542716
8.000,16.750,0.551400
8.250,16.750,0.559949
8.500,16.750,0.568370
8.750,16.750,0.576668
9.000,16.750,0.584848
9.250,16.750,0.592915
9.500,16.750,0.600874
9.750,16.750,0.608729
10.000,16.750,0.616484
10.250,16.750,0.624142
10.500,16.750,0.631708
10.750,16.750,0.639184
11.000,16.750,0.646574
11.250,16.750,0.653880
11.500,16.750,0.661105
11.750,16.750,0.668253
12.000,16.750,0.675324
12.250,16.750,0.682323
12.500,16.750,0.689250
12.750,16.750,0.696108
13.000,16.750,0.702900
13.250,16.750,0.709626
13.500,16.750,0.716289
13.750,16.750,0.722891
14.000,16.750,0.729434
14.250,16.750,0.735917
14.500,16.750,0.742345
14.750,16.750,0.748717
15.000,16.750,0.755035
15.250,16.750,0.761301
15.500,16.750,0.767516
15.750,16.750,0.773681
16.000,16.750,0.779797
16.250,16.750,0.785866
16.500,16.750,0.791888
16.750,16.750,0.797864
17.000,16.750,0.803797
17.250,16.750,0.809685
17.500,16.750,0.815531
17.750,16.750,0.821336
18.000,16.750,0.827100
18.250,16.750,0.832824
18.500,16.750,0.838509
18.750,16.750,0.844155
19.000,16.750,0.849764
19.250,16.750,0.855337
19.500,16.750,0.860873
19.750,16.750,0.866374
20.000,16.750,0.871840
20.250,16.750,0.877272
20.500,16.750,0.882671
20.750,16.750,0.888036
21.000,16.750,0.893370
21.250,16.750,0.898672
21.500,16.750,0.903943
21.750,16.750,0.909183
22.000,16.750,0.914393
22.250,16.750,0.919574
22.500,16.750,0.924726
22.750,16.750,0.929849
23.000,16.750,0.934944
23.250,16.750,0.940012
23.500,16.750,0.945052
23.750,16.750,0.950065
24.000,16.750,0.955053
24.250,16.750,0.960014
24.500,16.750,0.964950
24.750,16.750,0.969861
25.000,16.750,0.974747
25.250,16.750,0.979608
25.500,16.750,0.984446
25.750,16.750,0.989260
26.000,16.750,0.994050
26.250,16.750,0.998818
26.500,16.750,1.003563
26.750,16.750,1.008286
27.000,16.750,1.012986
27.250,16.750,1.017665
27.500,16.750,1.022323
27.750,16.750,1.026959
28.000,16.750,1.031575
28.250,16.750,1.036170
28.500,16.750,1.040745
28.750,16.750,1.045299
29.000,16.750,1.049834
29.250,16.750,1.054350
29.500,16.750,1.058846
29.750,16.750,1.063323
30.000,16.750,1.067781
30.250,16.750,1.072221
30.500,16.750,1.076643
30.750,16.750,1.081046
31.000,16.750,1.085432
31.250,16.750,1.089800
31.500,16.750,1.094150
31.750,16.750,1.098484
32.000,16.750,1.102800
32.250,16.750,1.107099
32.500,16.750,1.111382
32.750,16.750,1.115648
33.000,16.750,1.119899
33.250,16.750,1.124133
33.500,16.750,1.128351
33.750,16.750,1.132553
34.000,16.750,1.136740
34.250,16.750,1.140912
34.500,16.750,1.145068
34.750,16.750,1.149209
35.000,16.750,1.153336
35.250,16.750,1.157447
35.500,16.750,1.161545
35.750,16.750,1.165627
36.000,16.750,1.169696
36.250,16.750,1.173750
36.500,16.750,1.177791
36.750,16.750,1.181817
37.000,16.750,1.185830
37.250,16.750,1.189830
37.500,16.750,1.193816
37.750,16.750,1.197789
38.000,16.750,1.201748
38.250,16.750,1.205695
38.500,16.750,1.209629
38.750,16.750,1.213550
39.000,16.750,1.217458
39.250,16.750,1.221354
39.500,16.750,1.225237
39.750,16.750,1.229109
40.000,16.750,1.232968
40.250,16.750,1.236815
40.500,16.750,1.240650
40.750,16.750,1.244473
41.000,16.750,1.248285
41.250,16.750,1.252085
41.500,16.750,1.255873
41.750,16.750,1.259650
42.000,16.750,1.263416
42.250,16.750,1.267170
42.500,16.750,1.270914
42.750,16.750,1.274646
43.000,16.750,1.278368
43.250,16.750,1.282079
43.500,16.750,1.285779
43.750,16.750,1.289468
44.000,16.750,1.293147
44.250,16.750,1.296816
44.500,16.750,1.300474
44.750,16.750,1.304122
45.000,16.750,1.307760
1.000,16.875,0.196597
1.250,16.875,0.219802
1.500,16.875,0.240781
1.750,16.875,0.260074
2.000,16.875,0.278030
2.250,16.875,0.294896
2.500,16.875,0.310847
2.750,16.875,0.326020
3.000,16.875,0.340516
3.250,16.875,0.354421
3.500,16.875,0.367800
3.750,16.875,0.380709
4.000,16.875,0.393194
4.250,16.875,0.405295
4.500,16.875,0.417046
4.750,16.875,0.428474
5.000,16.875,0.439605
5.250,16.875,0.450461
5.500,16.875,0.461061
5.750,16.875,0.471423
6.000,16.875,0.481563
6.250,16.875,0.491493
6.500,16.875,0.501226
6.750,16.875,0.510774
7.000,16.875,0.520147
7.250,16.875,0.529354
7.500,16.875,0.538404
7.750,16.875,0.547303
8.000,16.875,0.556061
8.250,16.875,0.564682
8.500,16.875,0.573174
8.750,16.875,0.581542
9.000,16.875,0.589792
9.250,16.875,0.597927
9.500,16.875,0.605953
9.750,16.875,0.613874
10.000,16.875,0.621695
10.250,16.875,0.629418
10.500,16.875,0.637048
10.750,16.875,0.644587
11.000,16.875,0.652039
11.250,16.875,0.659407
11.500,16.875,0.666693
11.750,16.875,0.673901
12.000,16.875,0.681033
12.250,16.875,0.688090
12.500,16.875,0.695076
12.750,16.875,0.701992
13.000,16.875,0.708841
13.250,16.875,0.715625
13.500,16.875,0.722344
13.750,16.875,0.729002
14.000,16.875,0.735599
14.250,16.875,0.742138
14.500,16.875,0.748620
14.750,16.875,0.755046
15.000,16.875,0.761418
15.250,16.875,0.767737
15.500,16.875,0.774004
15.750,16.875,0.780221
16.000,16.875,0.786389
16.250,16.875,0.792509
16.500,16.875,0.798581
16.750,16.875,0.804609
17.000,16.875,0.810591
17.250,16.875,0.816529
17.500,16.875,0.822425
17.750,16.875,0.828279
18.000,16.875,0.834091
18.250,16.875,0.839863
18.500,16.875,0.845596
18.750,16.875,0.851291
19.000,16.875,0.856947
19.250,16.875,0.862567
19.500,16.875,0.868150
19.750,16.875,0.873697
20.000,16.875,0.879209
20.250,16.875,0.884687
20.500,16.875,0.890132
20.750,16.875,0.895543
21.000,16.875,0.900921
21.250,16.875,0.906268
21.500,16.875,0.911584
21.750,16.875,0.916868
22.000,16.875,0.922122
22.250,16.875,0.927347
22.500,16.875,0.932542
22.750,16.875,0.937709
23.000,16.875,0.942847
23.250,16.875,0.947957
23.500,16.875,0.953040
23.750,16.875,0.958096
24.000,16.875,0.963126
24.250,16.875,0.968129
24.500,16.875,0.973106
24.750,16.875,0.978059
25.000,16.875,0.982986
25.250,16.875,0.987889
25.500,16.875,0.992767
25.750,16.875,0.997622
26.000,16.875,1.002453
26.250,16.875,1.007261
26.500,16.875,1.012046
26.750,16.875,1.016808
27.000,16.875,1.021549
27.250,16.875,1.026267
27.500,16.875,1.030964
27.750,16.875,1.035640
28.000,16.875,1.040294
28.250,16.875,1.044928
28.500,16.875,1.049542
28.750,16.875,1.054135
29.000,16.875,1.058708
29.250,16.875,1.063262
29.500,16.875,1.067796
29.750,16.875,1.072311
30.000,16.875,1.076807
30.250,16.875,1.081284
30.500,16.875,1.085743
30.750,16.875,1.090184
31.000,16.875,1.094607
31.250,16.875,1.099012
31.500,16.875,1.103399
31.750,16.875,1.107769
32.000,16.875,1.112122
32.250,16.875,1.116457
32.500,16.875,1.120776
32.750,16.875,1.125079
33.000,16.875,1.129365
33.250,16.875,1.133635
33.500,16.875,1.137888
33.750,16.875,1.142126
34.000,16.875,1.146349
34.250,16.875,1.150555
34.500,16.875,1.154747
34.750,16.875,1.158923
35.000,16.875,1.163085
35.250,16.875,1.167231
35.500,16.875,1.171363
35.750,16.875,1.175480
36.000,16.875,1.179583
36.250,16.875,1.183672
36.500,16.875,1.187746
36.750,16.875,1.191807
37.000,16.875,1.195854
37.250,16.875,1.199887
37.500,16.875,1.203907
37.750,16.875,1.207913
38.000,16.875,1.211906
38.250,16.875,1.215886
38.500,16.875,1.219853
38.750,16.875,1.223808
39.000,16.875,1.227749
39.250,16.875,1.231678
39.500,16.875,1.235594
39.750,16.875,1.239498
40.000,16.875,1.243390
40.250,16.875,1.247269
40.500,16.875,1.251137
40.750,16.875,1.254992
41.000,16.875,1.258836
41.250,16.875,1.262668
41.500,16.875,1.266489
41.750,16.875,1.270298
42.000,16.875,1.274095
42.250,16.875,1.277882
42.500,16.875,1.281657
42.750,16.875,1.285421
43.000,16.875,1.289174
43.250,16.875,1.292916
43.500,16.875,1.296647
43.750,16.875,1.300368
44.000,16.875,1.304078
44.250,16.875,1.307778
44.500,16.875,1.311467
44.750,16.875,1.315145
45.000,16.875,1.318814
1.000,17.000,0.198245
1.250,17.000,0.221645
1.500,17.000,0.242800
1.750,17.000,0.262254
2.000,17.000,0.280361
2.250,17.000,0.297368
2.500,17.000,0.313453
2.750,17.000,0.328752
3.000,17.000,0.343370
3.250,17.000,0.357391
3.500,17.000,0.370883
3.750,17.000,0.383900
4.000,17.000,0.396490
4.250,17.000,0.408693
4.500,17.000,0.420541
4.750,17.000,0.432065
5.000,17.000,0.443289
5.250,17.000,0.454236
5.500,17.000,0.464926
5.750,17.000,0.475375
6.000,17.000,0.485599
6.250,17.000,0.495613
6.500,17.000,0.505428
6.750,17.000,0.515056
7.000,17.000,0.524507
7.250,17.000,0.533791
7.500,17.000,0.542916
7.750,17.000,0.551891
8.000,17.000,0.560722
8.250,17.000,0.569416
8.500,17.000,0.577979
8.750,17.000,0.586417
9.000,17.000,0.594735
9.250,17.000,0.602939
9.500,17.000,0.611032
9.750,17.000,0.619020
10.000,17.000,0.626906
10.250,17.000,0.634694
10.500,17.000,0.642387
10.750,17.000,0.649990
11.000,17.000,0.657504
11.250,17.000,0.664934
11.500,17.000,0.672282
11.750,17.000,0.679550
12.000,17.000,0.686741
12.250,17.000,0.693858
12.500,17.000,0.700902
12.750,17.000,0.707876
13.000,17.000,0.714783
13.250,17.000,0.721623
13.500,17.000,0.728399
13.750,17.000,0.735112
14.000,17.000,0.741765
14.250,17.000,0.748359
14.500,17.000,0.754895
14.750,17.000,0.761375
15.000,17.000,0.767800
15.250,17.000,0.774172
15.500,17.000,0.780492
15.750,17.000,0.786761
16.000,17.000,0.792980
16.250,17.000,0.799151
16.500,17.000,0.805275
16.750,17.000,0.811353
17.000,17.000,0.817385
17.250,17.000,0.823373
17.500,17.000,0.829319
17.750,17.000,0.835221
18.000,17.000,0.841082
18.250,17.000,0.846903
18.500,17.000,0.852684
18.750,17.000,0.858426
19.000,17.000,0.864130
19.250,17.000,0.869797
19.500,17.000,0.875426
19.750,17.000,0.881020
20.000,17.000,0.886579
20.250,17.000,0.892103
20.500,17.000,0.897593
20.750,17.000,0.903049
21.000,17.000,0.908473
21.250,17.000,0.913864
21.500,17.000,0.919224
21.750,17.000,0.924553
22.000,17.000,0.929852
22.250,17.000,0.935120
22.500,17.000,0.940359
22.750,17.000,0.945569
23.000,17.000,0.950750
23.250,17.000,0.955903
23.500,17.000,0.961028
23.750,17.000,0.966127
24.000,17.000,0.971198
24.250,17.000,0.976244
24.500,17.000,0.981263
24.750,17.000,0.986257
25.000,17.000,0.991225
25.250,17.000,0.996169
25.500,17.000,1.001088
25.750,17.000,1.005984
26.000,17.000,1.010855
26.250,17.000,1.015704
26.500,17.000,1.020529
26.750,17.000,1.025331
27.000,17.000,1.030111
27.250,17.000,1.034870
27.500,17.000,1.039606
27.750,17.000,1.044321
28.000,17.000,1.049014
28.250,17.000,1.053687
28.500,17.000,1.058339
28.750,17.000,1.062971
29.000,17.000,1.067582
29.250,17.000,1.072174
29.500,17.000,1.076746
29.750,17.000,1.081299
30.000,17.000,1.085833
30.250,17.000,1.090348
30.500,17.000,1.094844
30.750,17.000,1.099322
31.000,17.000,1.103782
31.250,17.000,1.108223
31.500,17.000,1.112648
31.750,17.000,1.117054
32.000,17.000,1.121443
32.250,17.000,1.125815
32.500,17.000,1.130171
32.750,17.000,1.134509
33.000,17.000,1.138831
33.250,17.000,1.143137
33.500,17.000,1.147426
33.750,17.000,1.151700
34.000,17.000,1.155957
34.250,17.000,1.160199
34.500,17.000,1.164426
34.750,17.000,1.168637
35.000,17.000,1.172833
35.250,17.000,1.177015
35.500,17.000,1.181181
35.750,17.000,1.185333
36.000,17.000,1.189470
36.250,17.000,1.193593
36.500,17.000,1.197702
36.750,17.000,1.201797
37.000,17.000,1.205878
37.250,17.000,1.209945
37.500,17.000,1.213998
37.750,17.000,1.218038
38.000,17.000,1.222065
38.250,17.000,1.226078
38.500,17.000,1.230078
38.750,17.000,1.234065
39.000,17.000,1.238040
39.250,17.000,1.242002
39.500,17.000,1.245951
39.750,17.000,1.249887
40.000,17.000,1.253812
40.250,17.000,1.257724
40.500,17.000,1.261624
40.750,17.000,1.265512
41.000,17.000,1.269388
41.250,17.000,1.273252
41.500,17.000,1.277104
41.750,17.000,1.280945
42.000,17.000,1.284775
42.250,17.000,1.288593
42.500,17.000,1.292400
42.750,17.000,1.296195
43.000,17.000,1.299980
43.250,17.000,1.303753
43.500,17.000,1.307516
43.750,17.000,1.311268
44.000,17.000,1.315009
44.250,17.000,1.318739
44.500,17.000,1.322459
44.750,17.000,1.326169
45.000,17.000,1.329868
1.000,17.125,0.199893
1.250,17.125,0.223487
1.500,17.125,0.244818
1.750,17.125,0.264433
2.000,17.125,0.282691
2.250,17.125,0.299839
2.500,17.125,0.316058
2.750,17.125,0.331485
3.000,17.125,0.346225
3.250,17.125,0.360362
3.500,17.125,0.373965
3.750,17.125,0.387091
4.000,17.125,0.399786
4.250,17.125,0.412090
4.500,17.125,0.424037
4.750,17.125,0.435656
5.000,17.125,0.446974
5.250,17.125,0.458012
5.500,17.125,0.468790
5.750,17.125,0.479326
6.000,17.125,0.489636
6.250,17.125,0.499732
6.500,17.125,0.509629
6.750,17.125,0.519337
7.000,17.125,0.528867
7.250,17.125,0.538228
7.500,17.125,0.547429
7.750,17.125,0.556478
8.000,17.125,0.565383
8.250,17.125,0.574149
8.500,17.125,0.582783
8.750,17.125,0.591291
9.000,17.125,0.599679
9.250,17.125,0.607951
9.500,17.125,0.616111
9.750,17.125,0.624165
10.000,17.125,0.632117
10.250,17.125,0.639970
10.500,17.125,0.647727
10.750,17.125,0.655393
11.000,17.125,0.662970
11.250,17.125,0.670461
11.500,17.125,0.677870
11.750,17.125,0.685198
12.000,17.125,0.692449
12.250,17.125,0.699625
12.500,17.125,0.706728
12.750,17.125,0.713760
13.000,17.125,0.720724
13.250,17.125,0.727621
13.500,17.125,0.734453
13.750,17.125,0.741223
14.000,17.125,0.747931
14.250,17.125,0.754579
14.500,17.125,0.761170
14.750,17.125,0.767703
15.000,17.125,0.774182
15.250,17.125,0.780607
15.500,17.125,0.786979
15.750,17.125,0.793300
16.000,17.125,0.799572
16.250,17.125,0.805794
16.500,17.125,0.811969
16.750,17.125,0.818097
17.000,17.125,0.824180
17.250,17.125,0.830218
17.500,17.125,0.836212
17.750,17.125,0.842164
18.000,17.125,0.848074
18.250,17.125,0.853943
18.500,17.125,0.859772
18.750,17.125,0.865562
19.000,17.125,0.871313
19.250,17.125,0.877027
19.500,17.125,0.882703
19.750,17.125,0.888344
20.000,17.125,0.893948
20.250,17.125,0.899518
20.500,17.125,0.905054
20.750,17.125,0.910556
21.000,17.125,0.916024
21.250,17.125,0.921461
21.500,17.125,0.926865
21.750,17.125,0.932238
22.000,17.125,0.937581
22.250,17.125,0.942893
22.500,17.125,0.948175
22.750,17.125,0.953428
23.000,17.125,0.958653
23.250,17.125,0.963849
23.500,17.125,0.969017
23.750,17.125,0.974158
24.000,17.125,0.979271
24.250,17.125,0.984358
24.500,17.125,0.989419
24.750,17.125,0.994455
25.000,17.125,0.999465
25.250,17.125,1.004449
25.500,17.125,1.009410
25.750,17.125,1.014346
26.000,17.125,1.019258
26.250,17.125,1.024146
26.500,17.125,1.029012
26.750,17.125,1.033854
27.000,17.125,1.038674
27.250,17.125,1.043472
27.500,17.125,1.048247
27.750,17.125,1.053001
28.000,17.125,1.057734
28.250,17.125,1.062445
28.500,17.125,1.067136
28.750,17.125,1.071806
29.000,17.125,1.076456
29.250,17.125,1.081086
29.500,17.125,1.085696
29.750,17.125,1.090287
30.000,17.125,1.094859
30.250,17.125,1.099411
30.500,17.125,1.103945
30.750,17.125,1.108460
31.000,17.125,1.112957
31.250,17.125,1.117435
31.500,17.125,1.121896
31.750,17.125,1.126339
32.000,17.125,1.130765
32.250,17.125,1.135174
32.500,17.125,1.139565
32.750,17.125,1.143939
33.000,17.125,1.148297
33.250,17.125,1.152639
33.500,17.125,1.156964
33.750,17.125,1.161273
34.000,17.125,1.165566
34.250,17.125,1.169843
34.500,17.125,1.174105
34.750,17.125,1.178351
35.000,17.125,1.182582
35.250,17.125,1.186798
35.500,17.125,1.190999
35.750,17.125,1.195186
36.000,17.125,1.199357
36.250,17.125,1.203515
36.500,17.125,1.207658
36.750,17.125,1.211786
37.000,17.125,1.215901
37.250,17.125,1.220002
37.500,17.125,1.224089
37.750,17.125,1.228163
38.000,17.125,1.232223
38.250,17.125,1.236269
38.500,17.125,1.240303
38.750,17.125,1.244323
39.000,17.125,1.248331
39.250,17.125,1.252325
39.500,17.125,1.256307
39.750,17.125,1.260277
40.000,17.125,1.264234
40.250,17.125,1.268178
40.500,17.125,1.272111
40.750,17.125,1.276031
41.000,17.125,1.279939
41.250,17.125,1.283835
41.500,17.125,1.287720
41.750,17.125,1.291593
42.000,17.125,1.295454
42.250,17.125,1.299304
42.500,17.125,1.303142
42.750,17.125,1.306969
43.000,17.125,1.310785
43.250,17.125,1.314590
43.500,17.125,1.318384
43.750,17.125,1.322167
44.000,17.125,1.325940
44.250,17.125,1.329701
44.500,17.125,1.333452
44.750,17.125,1.337192
45.000,17.125,1.340922
1.000,17.250,0.201541
1.250,17.250,0.225329
1.500,17.250,0.246836
1.750,17.250,0.266613
2.000,17.250,0.285022
2.250,17.250,0.302311
2.500,17.250,0.318664
2.750,17.250,0.334218
3.000,17.250,0.349079
3.250,17.250,0.363333
3.500,17.250,0.377048
3.750,17.250,0.390282
4.000,17.250,0.403082
4.250,17.250,0.415487
4.500,17.250,0.427533
4.750,17.250,0.439248
5.000,17.250,0.450659
5.250,17.250,0.461788
5.500,17.250,0.472655
5.750,17.250,0.483278
6.000,17.250,0.493672
6.250,17.250,0.503852
6.500,17.250,0.513830
6.750,17.250,0.523618
7.000,17.250,0.533227
7.250,17.250,0.542665
7.500,17.250,0.551942
7.750,17.250,0.561066
8.000,17.250,0.570043
8.250,17.250,0.578882
8.500,17.250,0.587587
8.750,17.250,0.596166
9.000,17.250,0.604622
9.250,17.250,0.612962
9.500,17.250,0.621190
9.750,17.250,0.629311
10.000,17.250,0.637328
10.250,17.250,0.645245
10.500,17.250,0.653067
10.750,17.250,0.660796
11.000,17.250,0.668435
11.250,17.250,0.675988
11.500,17.250,0.683458
11.750,17.250,0.690847
12.000,17.250,0.698158
12.250,17.250,0.705393
12.500,17.250,0.712554
12.750,17.250,0.719645
13.000,17.250,0.726666
13.250,17.250,0.733620
13.500,17.250,0.740508
13.750,17.250,0.747333
14.000,17.250,0.754097
14.250,17.250,0.760800
14.500,17.250,0.767444
14.750,17.250,0.774032
15.000,17.250,0.780564
15.250,17.250,0.787042
15.500,17.250,0.793467
15.750,17.250,0.799840
16.000,17.250,0.806163
16.250,17.250,0.812437
16.500,17.250,0.818663
16.750,17.250,0.824841
17.000,17.250,0.830974
17.250,17.250,0.837062
17.500,17.250,0.843106
17.750,17.250,0.849106
18.000,17.250,0.855065
18.250,17.250,0.860983
18.500,17.250,0.866860
18.750,17.250,0.872697
19.000,17.250,0.878496
19.250,17.250,0.884257
19.500,17.250,0.889980
19.750,17.250,0.895667
20.000,17.250,0.901318
20.250,17.250,0.906933
20.500,17.250,0.912515
20.750,17.250,0.918062
21.000,17.250,0.923576
21.250,17.250,0.929057
21.500,17.250,0.934506
21.750,17.250,0.939924
22.000,17.250,0.945310
22.250,17.250,0.950666
22.500,17.250,0.955992
22.750,17.250,0.961288
23.000,17.250,0.966556
23.250,17.250,0.971794
23.500,17.250,0.977005
23.750,17.250,0.982188
24.000,17.250,0.987344
24.250,17.250,0.992473
24.500,17.250,0.997576
24.750,17.250,1.002653
25.000,17.250,1.007704
25.250,17.250,1.012730
25.500,17.250,1.017731
25.750,17.250,1.022708
26.000,17.250,1.027660
26.250,17.250,1.032589
26.500,17.250,1.037495
26.750,17.250,1.042377
27.000,17.250,1.047237
27.250,17.250,1.052074
27.500,17.250,1.056889
27.750,17.250,1.061682
28.000,17.250,1.066454
28.250,17.250,1.071204
28.500,17.250,1.075933
28.750,17.250,1.080642
29.000,17.250,1.085330
29.250,17.250,1.089998
29.500,17.250,1.094647
29.750,17.250,1.099275
30.000,17.250,1.103884
30.250,17.250,1.108474
30.500,17.250,1.113045
30.750,17.250,1.117598
31.000,17.250,1.122132
31.250,17.250,1.126647
31.500,17.250,1.131145
31.750,17.250,1.135625
32.000,17.250,1.140087
32.250,17.250,1.144532
32.500,17.250,1.148959
32.750,17.250,1.153370
33.000,17.250,1.157764
33.250,17.250,1.162141
33.500,17.250,1.166502
33.750,17.250,1.170846
34.000,17.250,1.175175
34.250,17.250,1.179487
34.500,17.250,1.183784
34.750,17.250,1.188065
35.000,17.250,1.192331
35.250,17.250,1.196582
35.500,17.250,1.200818
35.750,17.250,1.205039
36.000,17.250,1.209245
36.250,17.250,1.213436
36.500,17.250,1.217613
36.750,17.250,1.221776
37.000,17.250,1.225925
37.250,17.250,1.230059
37.500,17.250,1.234180
37.750,17.250,1.238287
38.000,17.250,1.242381
38.250,17.250,1.246461
38.500,17.250,1.250528
38.750,17.250,1.254581
39.000,17.250,1.258622
39.250,17.250,1.262649
39.500,17.250,1.266664
39.750,17.250,1.270666
40.000,17.250,1.274656
40.250,17.250,1.278633
40.500,17.250,1.282598
40.750,17.250,1.286550
41.000,17.250,1.290491
41.250,17.250,1.294419
41.500,17.250,1.298336
41.750,17.250,1.302240
42.000,17.250,1.306134
42.250,17.250,1.310015
42.500,17.250,1.313885
42.750,17.250,1.317744
43.000,17.250,1.321591
43.250,17.250,1.325428
43.500,17.250,1.329253
43.750,17.250,1.333067
44.000,17.250,1.336870
44.250,17.250,1.340663
44.500,17.250,1.344445
44.750,17.250,1.348216
45.000,17.250,1.351977
1.000,17.375,0.203189
1.250,17.375,0.227172
1.500,17.375,0.248854
1.750,17.375,0.268793
2.000,17.375,0.287352
2.250,17.375,0.304783
2.500,17.375,0.321269
2.750,17.375,0.336950
3.000,17.375,0.351933
3.250,17.375,0.366304
3.500,17.375,0.380131
3.750,17.375,0.393473
4.000,17.375,0.406377
4.250,17.375,0.418884
4.500,17.375,0.431028
4.750,17.375,0.442839
5.000,17.375,0.454344
5.250,17.375,0.465564
5.500,17.375,0.476520
5.750,17.375,0.487229
6.000,17.375,0.497708
6.250,17.375,0.507972
6.500,17.375,0.518031
6.750,17.375,0.527900
7.000,17.375,0.537587
7.250,17.375,0.547102
7.500,17.375,0.556455
7.750,17.375,0.565653
8.000,17.375,0.574704
8.250,17.375,0.583615
8.500,17.375,0.592392
8.750,17.375,0.601040
9.000,17.375,0.609566
9.250,17.375,0.617974
9.500,17.375,0.626269
9.750,17.375,0.634456
10.000,17.375,0.642539
10.250,17.375,0.650521
10.500,17.375,0.658406
10.750,17.375,0.666199
11.000,17.375,0.673900
11.250,17.375,0.681515
11.500,17.375,0.689046
11.750,17.375,0.696496
12.000,17.375,0.703866
12.250,17.375,0.711160
12.500,17.375,0.718380
12.750,17.375,0.725529
13.000,17.375,0.732607
13.250,17.375,0.739618
13.500,17.375,0.746563
13.750,17.375,0.753444
14.000,17.375,0.760262
14.250,17.375,0.767020
14.500,17.375,0.773719
14.750,17.375,0.780361
15.000,17.375,0.786946
15.250,17.375,0.793477
15.500,17.375,0.799954
15.750,17.375,0.806380
16.000,17.375,0.812755
16.250,17.375,0.819080
16.500,17.375,0.825356
16.750,17.375,0.831585
17.000,17.375,0.837768
17.250,17.375,0.843906
17.500,17.375,0.849999
17.750,17.375,0.856049
18.000,17.375,0.862056
18.250,17.375,0.868022
18.500,17.375,0.873947
18.750,17.375,0.879833
19.000,17.375,0.885679
19.250,17.375,0.891487
19.500,17.375,0.897257
19.750,17.375,0.902990
20.000,17.375,0.908687
20.250,17.375,0.914349
20.500,17.375,0.919976
20.750,17.375,0.925568
21.000,17.375,0.931127
21.250,17.375,0.936653
21.500,17.375,0.942147
21.750,17.375,0.947609
22.000,17.375,0.953039
22.250,17.375,0.958439
22.500,17.375,0.963808
22.750,17.375,0.969148
23.000,17.375,0.974459
23.250,17.375,0.979740
23.500,17.375,0.984993
23.750,17.375,0.990219
24.000,17.375,0.995417
24.250,17.375,1.000588
24.500,17.375,1.005732
24.750,17.375,1.010851
25.000,17.375,1.015943
25.250,17.375,1.021010
25.500,17.375,1.026052
25.750,17.375,1.031070
26.000,17.375,1.036063
26.250,17.375,1.041032
26.500,17.375,1.045978
26.750,17.375,1.050900
27.000,17.375,1.055799
27.250,17.375,1.060676
27.500,17.375,1.065530
27.750,17.375,1.070363
28.000,17.375,1.075173
28.250,17.375,1.079962
28.500,17.375,1.084731
28.750,17.375,1.089478
29.000,17.375,1.094204
29.250,17.375,1.098911
29.500,17.375,1.103597
29.750,17.375,1.108263
30.000,17.375,1.112910
30.250,17.375,1.117538
30.500,17.375,1.122146
30.750,17.375,1.126736
31.000,17.375,1.131306
31.250,17.375,1.135859
31.500,17.375,1.140393
31.750,17.375,1.144910
32.000,17.375,1.149409
32.250,17.375,1.153890
32.500,17.375,1.158353
32.750,17.375,1.162800
33.000,17.375,1.167230
33.250,17.375,1.171643
33.500,17.375,1.176039
33.750,17.375,1.180419
34.000,17.375,1.184783
34.250,17.375,1.189131
34.500,17.375,1.193463
34.750,17.375,1.197779
35.000,17.375,1.202080
35.250,17.375,1.206366
35.500,17.375,1.210636
35.750,17.375,1.214891
36.000,17.375,1.219132
36.250,17.375,1.223358
36.500,17.375,1.227569
36.750,17.375,1.231766
37.000,17.375,1.235948
37.250,17.375,1.240117
37.500,17.375,1.244271
37.750,17.375,1.248412
38.000,17.375,1.252539
38.250,17.375,1.256652
38.500,17.375,1.260752
38.750,17.375,1.264839
39.000,17.375,1.268913
39.250,17.375,1.272973
39.500,17.375,1.277021
39.750,17.375,1.281056
40.000,17.375,1.285078
40.250,17.375,1.289087
40.500,17.375,1.293085
40.750,17.375,1.297069
41.000,17.375,1.301042
41.250,17.375,1.305003
41.500,17.375,1.308951
41.750,17.375,1.312888
42.000,17.375,1.316813
42.250,17.375,1.320726
42.500,17.375,1.324628
42.750,17.375,1.328518
43.000,17.375,1.332397
43.250,17.375,1.336265
43.500,17.375,1.340121
43.750,17.375,1.343967
44.000,17.375,1.347801
44.250,17.375,1.351625
44.500,17.375,1.355437
44.750,17.375,1.359239
45.000,17.375,1.363031
1.000,17.500,0.204837
1.250,17.500,0.229014
1.500,17.500,0.250872
1.750,17.500,0.270973
2.000,17.500,0.289683
2.250,17.500,0.307255
2.500,17.500,0.323875
2.750,17.500,0.339683
3.000,17.500,0.354787
3.250,17.500,0.369274
3.500,17.500,0.383214
3.750,17.500,0.396664
4.000,17.500,0.409673
4.250,17.500,0.422281
4.500,17.500,0.434524
4.750,17.500,0.446431
5.000,17.500,0.458028
5.250,17.500,0.469339
5.500,17.500,0.480384
5.750,17.500,0.491181
6.000,17.500,0.501745
6.250,17.500,0.512091
6.500,17.500,0.522233
6.750,17.500,0.532181
7.000,17.500,0.541946
7.250,17.500,0.551539
7.500,17.500,0.560968
7.750,17.500,0.570241
8.000,17.500,0.579365
8.250,17.500,0.588348
8.500,17.500,0.597196
8.750,17.500,0.605915
9.000,17.500,0.614510
9.250,17.500,0.622986
9.500,17.500,0.631349
9.750,17.500,0.639602
10.000,17.500,0.647750
10.250,17.500,0.655797
10.500,17.500,0.663746
10.750,17.500,0.671601
11.000,17.500,0.679366
11.250,17.500,0.687043
11.500,17.500,0.694634
11.750,17.500,0.702144
12.000,17.500,0.709574
12.250,17.500,0.716928
12.500,17.500,0.724206
12.750,17.500,0.731413
13.000,17.500,0.738549
13.250,17.500,0.745616
13.500,17.500,0.752617
13.750,17.500,0.759554
14.000,17.500,0.766428
14.250,17.500,0.773241
14.500,17.500,0.779994
14.750,17.500,0.786690
15.000,17.500,0.793328
15.250,17.500,0.799912
15.500,17.500,0.806442
15.750,17.500,0.812920
16.000,17.500,0.819346
16.250,17.500,0.825722
16.500,17.500,0.832050
16.750,17.500,0.838330
17.000,17.500,0.844563
17.250,17.500,0.850750
17.500,17.500,0.856893
17.750,17.500,0.862992
18.000,17.500,0.869048
18.250,17.500,0.875062
18.500,17.500,0.881035
18.750,17.500,0.886968
19.000,17.500,0.892862
19.250,17.500,0.898717
19.500,17.500,0.904534
19.750,17.500,0.910313
20.000,17.500,0.916057
20.250,17.500,0.921764
20.500,17.500,0.927437
20.750,17.500,0.933075
21.000,17.500,0.938679
21.250,17.500,0.944250
21.500,17.500,0.949788
21.750,17.500,0.955294
22.000,17.500,0.960768
22.250,17.500,0.966212
22.500,17.500,0.971625
22.750,17.500,0.977008
23.000,17.500,0.982361
23.250,17.500,0.987686
23.500,17.500,0.992982
23.750,17.500,0.998250
24.000,17.500,1.003490
24.250,17.500,1.008703
24.500,17.500,1.013889
24.750,17.500,1.019049
25.000,17.500,1.024183
25.250,17.500,1.029291
25.500,17.500,1.034374
25.750,17.500,1.039432
26.000,17.500,1.044465
26.250,17.500,1.049475
26.500,17.500,1.054460
26.750,17.500,1.059423
27.000,17.500,1.064362
27.250,17.500,1.069278
27.500,17.500,1.074172
27.750,17.500,1.079043
28.000,17.500,1.083893
28.250,17.500,1.088721
28.500,17.500,1.093528
28.750,17.500,1.098313
29.000,17.500,1.103078
29.250,17.500,1.107823
29.500,17.500,1.112547
29.750,17.500,1.117251
30.000,17.500,1.121936
30.250,17.500,1.126601
30.500,17.500,1.131247
30.750,17.500,1.135873
31.000,17.500,1.140481
31.250,17.500,1.145071
31.500,17.500,1.149642
31.750,17.500,1.154195
32.000,17.500,1.158730
32.250,17.500,1.163248
32.500,17.500,1.167748
32.750,17.500,1.172231
33.000,17.500,1.176696
33.250,17.500,1.181145
33.500,17.500,1.185577
33.750,17.500,1.189993
34.000,17.500,1.194392
34.250,17.500,1.198775
34.500,17.500,1.203142
34.750,17.500,1.207493
35.000,17.500,1.211829
35.250,17.500,1.216149
35.500,17.500,1.220454
35.750,17.500,1.224744
36.000,17.500,1.229019
36.250,17.500,1.233279
36.500,17.500,1.237524
36.750,17.500,1.241755
37.000,17.500,1.245972
37.250,17.500,1.250174
37.500,17.500,1.254362
37.750,17.500,1.258537
38.000,17.500,1.262697
38.250,17.500,1.266844
38.500,17.500,1.270977
38.750,17.500,1.275097
39.000,17.500,1.279204
39.250,17.500,1.283297
39.500,17.500,1.287378
39.750,17.500,1.291445
40.000,17.500,1.295500
40.250,17.500,1.299542
40.500,17.500,1.303572
40.750,17.500,1.307589
41.000,17.500,1.311594
41.250,17.500,1.315586
41.500,17.500,1.319567
41.750,17.500,1.323536
42.000,17.500,1.327492
42.250,17.500,1.331437
42.500,17.500,1.335371
42.750,17.500,1.339292
43.000,17.500,1.343203
43.250,17.500,1.347102
43.500,17.500,1.350990
43.750,17.500,1.354866
44.000,17.500,1.358732
44.250,17.500,1.362586
44.500,17.500,1.366430
44.750,17.500,1.370263
45.000,17.500,1.374085
1.000,17.625,0.206484
1.250,17.625,0.230857
1.500,17.625,0.252891
1.750,17.625,0.273153
2.000,17.625,0.292013
2.250,17.625,0.309727
2.500,17.625,0.326480
2.750,17.625,0.342416
3.000,17.625,0.357641
3.250,17.625,0.372245
3.500,17.625,0.386297
3.750,17.625,0.399855
4.000,17.625,0.412969
4.250,17.625,0.425678
4.500,17.625,0.438020
4.750,17.625,0.450022
5.000,17.625,0.461713
5.250,17.625,0.473115
5.500,17.625,0.484249
5.750,17.625,0.495132
6.000,17.625,0.505781
6.250,17.625,0.516211
6.500,17.625,0.526434
6.750,17.625,0.536462
7.000,17.625,0.546306
7.250,17.625,0.555976
7.500,17.625,0.565481
7.750,17.625,0.574828
8.000,17.625,0.584026
8.250,17.625,0.593081
8.500,17.625,0.602000
8.750,17.625,0.610789
9.000,17.625,0.619453
9.250,17.625,0.627998
9.500,17.625,0.636428
9.750,17.625,0.644747
10.000,17.625,0.652961
10.250,17.625,0.661073
10.500,17.625,0.669086
10.750,17.625,0.677004
11.000,17.625,0.684831
11.250,17.625,0.692570
11.500,17.625,0.700223
11.750,17.625,0.707793
12.000,17.625,0.715283
12.250,17.625,0.722695
12.500,17.625,0.730033
12.750,17.625,0.737297
13.000,17.625,0.744490
13.250,17.625,0.751614
13.500,17.625,0.758672
13.750,17.625,0.765665
14.000,17.625,0.772594
14.250,17.625,0.779461
14.500,17.625,0.786269
14.750,17.625,0.793018
15.000,17.625,0.799711
15.250,17.625,0.806347
15.500,17.625,0.812930
15.750,17.625,0.819459
16.000,17.625,0.825938
16.250,17.625,0.832365
16.500,17.625,0.838744
16.750,17.625,0.845074
17.000,17.625,0.851357
17.250,17.625,0.857594
17.500,17.625,0.863786
17.750,17.625,0.869934
18.000,17.625,0.876039
18.250,17.625,0.882102
18.500,17.625,0.888123
18.750,17.625,0.894104
19.000,17.625,0.900045
19.250,17.625,0.905947
19.500,17.625,0.911810
19.750,17.625,0.917637
20.000,17.625,0.923426
20.250,17.625,0.929180
20.500,17.625,0.934898
20.750,17.625,0.940581
21.000,17.625,0.946230
21.250,17.625,0.951846
21.500,17.625,0.957429
21.750,17.625,0.962979
22.000,17.625,0.968498
22.250,17.625,0.973985
22.500,17.625,0.979441
22.750,17.625,0.984868
23.000,17.625,0.990264
23.250,17.625,0.995632
23.500,17.625,1.000970
23.750,17.625,1.006280
24.000,17.625,1.011563
24.250,17.625,1.016818
24.500,17.625,1.022046
24.750,17.625,1.027247
25.000,17.625,1.032422
25.250,17.625,1.037571
25.500,17.625,1.042695
25.750,17.625,1.047794
26.000,17.625,1.052868
26.250,17.625,1.057918
26.500,17.625,1.062943
26.750,17.625,1.067946
27.000,17.625,1.072924
27.250,17.625,1.077880
27.500,17.625,1.082813
27.750,17.625,1.087724
28.000,17.625,1.092613
28.250,17.625,1.097480
28.500,17.625,1.102325
28.750,17.625,1.107149
29.000,17.625,1.111952
29.250,17.625,1.116735
29.500,17.625,1.121497
29.750,17.625,1.126239
30.000,17.625,1.130962
30.250,17.625,1.135664
30.500,17.625,1.140347
30.750,17.625,1.145011
31.000,17.625,1.149656
31.250,17.625,1.154283
31.500,17.625,1.158891
31.750,17.625,1.163480
32.000,17.625,1.168052
32.250,17.625,1.172606
32.500,17.625,1.177142
32.750,17.625,1.181661
33.000,17.625,1.186162
33.250,17.625,1.190647
33.500,17.625,1.195115
33.750,17.625,1.199566
34.000,17.625,1.204000
34.250,17.625,1.208419
34.500,17.625,1.212821
34.750,17.625,1.217207
35.000,17.625,1.221578
35.250,17.625,1.225933
35.500,17.625,1.230273
35.750,17.625,1.234597
36.000,17.625,1.238906
36.250,17.625,1.243201
36.500,17.625,1.247480
36.750,17.625,1.251745
37.000,17.625,1.255995
37.250,17.625,1.260232
37.500,17.625,1.264453
37.750,17.625,1.268661
38.000,17.625,1.272855
38.250,17.625,1.277035
38.500,17.625,1.281202
38.750,17.625,1.285355
39.000,17.625,1.289495
39.250,17.625,1.293621
39.500,17.625,1.297734
39.750,17.625,1.301834
40.000,17.625,1.305922
40.250,17.625,1.309997
40.500,17.625,1.314059
40.750,17.625,1.318108
41.000,17.625,1.322145
41.250,17.625,1.326170
41.500,17.625,1.330183
41.750,17.625,1.334183
42.000,17.625,1.338172
42.250,17.625,1.342148
42.500,17.625,1.346113
42.750,17.625,1.350067
43.000,17.625,1.354009
43.250,17.625,1.357939
43.500,17.625,1.361858
43.750,17.625,1.365766
44.000,17.625,1.369662
44.250,17.625,1.373548
44.500,17.625,1.377423
44.750,17.625,1.381286
45.000,17.625,1.385139
1.000,17.750,0.208132
1.250,17.750,0.232699
1.500,17.750,0.254909
1.750,17.750,0.275333
2.000,17.750,0.294343
2.250,17.750,0.312198
2.500,17.750,0.329086
2.750,17.750,0.345148
3.000,17.750,0.360496
3.250,17.750,0.375216
3.500,17.750,0.389380
3.750,17.750,0.403046
4.000,17.750,0.416264
4.250,17.750,0.429076
4.500,17.750,0.441515
4.750,17.750,0.453614
5.000,17.750,0.465398
5.250,17.750,0.476891
5.500,17.750,0.488113
5.750,17.750,0.499084
6.000,17.750,0.509818
6.250,17.750,0.520331
6.500,17.750,0.530635
6.750,17.750,0.540743
7.000,17.750,0.550666
7.250,17.750,0.560413
7.500,17.750,0.569994
7.750,17.750,0.579416
8.000,17.750,0.588687
8.250,17.750,0.597814
8.500,17.750,0.606805
8.750,17.750,0.615663
9.000,17.750,0.624397
9.250,17.750,0.633010
9.500,17.750,0.641507
9.750,17.750,0.649893
10.000,17.750,0.658172
10.250,17.750,0.666348
10.500,17.750,0.674426
10.750,17.750,0.682407
11.000,17.750,0.690297
11.250,17.750,0.698097
11.500,17.750,0.705811
11.750,17.750,0.713441
12.000,17.750,0.720991
12.250,17.750,0.728463
12.500,17.750,0.735859
12.750,17.750,0.743181
13.000,17.750,0.750431
13.250,17.750,0.757613
13.500,17.750,0.764727
13.750,17.750,0.771775
14.000,17.750,0.778760
14.250,17.750,0.785682
14.500,17.750,0.792544
14.750,17.750,0.799347
15.000,17.750,0.806093
15.250,17.750,0.812782
15.500,17.750,0.819417
15.750,17.750,0.825999
16.000,17.750,0.832529
16.250,17.750,0.839008
16.500,17.750,0.845437
16.750,17.750,0.851818
17.000,17.750,0.858151
17.250,17.750,0.864438
17.500,17.750,0.870680
17.750,17.750,0.876877
18.000,17.750,0.883030
18.250,17.750,0.889141
18.500,17.750,0.895211
18.750,17.750,0.901239
19.000,17.750,0.907227
19.250,17.750,0.913177
19.500,17.750,0.919087
19.750,17.750,0.924960
20.000,17.750,0.930796
20.250,17.750,0.936595
20.500,17.750,0.942359
20.750,17.750,0.948088
21.000,17.750,0.953782
21.250,17.750,0.959442
21.500,17.750,0.965070
21.750,17.750,0.970664
22.000,17.750,0.976227
22.250,17.750,0.981758
22.500,17.750,0.987258
22.750,17.750,0.992728
23.000,17.750,0.998167
23.250,17.750,1.003577
23.500,17.750,1.008958
23.750,17.750,1.014311
24.000,17.750,1.019636
24.250,17.750,1.024932
24.500,17.750,1.030202
24.750,17.750,1.035445
25.000,17.750,1.040661
25.250,17.750,1.045852
25.500,17.750,1.051016
25.750,17.750,1.056156
26.000,17.750,1.061270
26.250,17.750,1.066360
26.500,17.750,1.071426
26.750,17.750,1.076468
27.000,17.750,1.081487
27.250,17.750,1.086482
27.500,17.750,1.091455
27.750,17.750,1.096405
28.000,17.750,1.101332
28.250,17.750,1.106238
28.500,17.750,1.111122
28.750,17.750,1.115985
29.000,17.750,1.120826
29.250,17.750,1.125647
29.500,17.750,1.130447
29.750,17.750,1.135227
30.000,17.750,1.139987
30.250,17.750,1.144727
30.500,17.750,1.149448
30.750,17.750,1.154149
31.000,17.750,1.158831
31.250,17.750,1.163495
31.500,17.750,1.168139
31.750,17.750,1.172766
32.000,17.750,1.177374
32.250,17.750,1.181964
32.500,17.750,1.186536
32.750,17.750,1.191091
33.000,17.750,1.195629
33.250,17.750,1.200149
33.500,17.750,1.204652
33.750,17.750,1.209139
34.000,17.750,1.213609
34.250,17.750,1.218063
34.500,17.750,1.222500
34.750,17.750,1.226921
35.000,17.750,1.231327
35.250,17.750,1.235717
35.500,17.750,1.240091
35.750,17.750,1.244450
36.000,17.750,1.248793
36.250,17.750,1.253122
36.500,17.750,1.257436
36.750,17.750,1.261735
37.000,17.750,1.266019
37.250,17.750,1.270289
37.500,17.750,1.274545
37.750,17.750,1.278786
38.000,17.750,1.283013
38.250,17.750,1.287227
38.500,17.750,1.291427
38.750,17.750,1.295613
39.000,17.750,1.299785
39.250,17.750,1.303945
39.500,17.750,1.308091
39.750,17.750,1.312224
40.000,17.750,1.316344
40.250,17.750,1.320451
40.500,17.750,1.324546
40.750,17.750,1.328627
41.000,17.750,1.332697
41.250,17.750,1.336754
41.500,17.750,1.340798
41.750,17.750,1.344831
42.000,17.750,1.348851
42.250,17.750,1.352860
42.500,17.750,1.356856
42.750,17.750,1.360841
43.000,17.750,1.364814
43.250,17.750,1.368776
43.500,17.750,1.372726
43.750,17.750,1.376665
44.000,17.750,1.380593
44.250,17.750,1.384510
44.500,17.750,1.388415
44.750,17.750,1.392310
45.000,17.750,1.396194
1.000,17.875,0.209780
1.250,17.875,0.234541
1.500,17.875,0.256927
1.750,17.875,0.277513
2.000,17.875,0.296674
2.250,17.875,0.314670
2.500,17.875,0.331691
2.750,17.875,0.347881
3.000,17.875,0.363350
3.250,17.875,0.378186
3.500,17.875,0.392463
3.750,17.875,0.406237
4.000,17.875,0.419560
4.250,17.875,0.432473
4.500,17.875,0.445011
4.750,17.875,0.457205
5.000,17.875,0.469083
5.250,17.875,0.480667
5.500,17.875,0.491978
5.750,17.875,0.503035
6.000,17.875,0.513854
6.250,17.875,0.524450
6.500,17.875,0.534836
6.750,17.875,0.545025
7.000,17.875,0.555026
7.250,17.875,0.564850
7.500,17.875,0.574507
7.750,17.875,0.584003
8.000,17.875,0.593348
8.250,17.875,0.602548
8.500,17.875,0.611609
8.750,17.875,0.620538
9.000,17.875,0.629340
9.250,17.875,0.638021
9.500,17.875,0.646586
9.750,17.875,0.655038
10.000,17.875,0.663383
10.250,17.875,0.671624
10.500,17.875,0.679765
10.750,17.875,0.687810
11.000,17.875,0.695762
11.250,17.875,0.703624
11.500,17.875,0.711399
11.750,17.875,0.719090
12.000,17.875,0.726700
12.250,17.875,0.734230
12.500,17.875,0.741685
12.750,17.875,0.749065
13.000,17.875,0.756373
13.250,17.875,0.763611
13.500,17.875,0.770781
13.750,17.875,0.777885
14.000,17.875,0.784925
14.250,17.875,0.791903
14.500,17.875,0.798819
14.750,17.875,0.805676
15.000,17.875,0.812475
15.250,17.875,0.819218
15.500,17.875,0.825905
15.750,17.875,0.832539
16.000,17.875,0.839120
16.250,17.875,0.845651
16.500,17.875,0.852131
16.750,17.875,0.858562
17.000,17.875,0.864946
17.250,17.875,0.871282
17.500,17.875,0.877573
17.750,17.875,0.883819
18.000,17.875,0.890022
18.250,17.875,0.896181
18.500,17.875,0.902298
18.750,17.875,0.908375
19.000,17.875,0.914410
19.250,17.875,0.920407
19.500,17.875,0.926364
19.750,17.875,0.932283
20.000,17.875,0.938165
20.250,17.875,0.944011
20.500,17.875,0.949820
20.750,17.875,0.955594
21.000,17.875,0.961333
21.250,17.875,0.967039
21.500,17.875,0.972710
21.750,17.875,0.978349
22.000,17.875,0.983956
22.250,17.875,0.989531
22.500,17.875,0.995074
22.750,17.875,1.000587
23.000,17.875,1.006070
23.250,17.875,1.011523
23.500,17.875,1.016947
23.750,17.875,1.022342
24.000,17.875,1.027708
24.250,17.875,1.033047
24.500,17.875,1.038359
24.750,17.875,1.043643
25.000,17.875,1.048901
25.250,17.875,1.054132
25.500,17.875,1.059338
25.750,17.875,1.064518
26.000,17.875,1.069673
26.250,17.875,1.074803
26.500,17.875,1.079909
26.750,17.875,1.084991
27.000,17.875,1.090049
27.250,17.875,1.095084
27.500,17.875,1.100096
27.750,17.875,1.105085
28.000,17.875,1.110052
28.250,17.875,1.114997
28.500,17.875,1.119919
28.750,17.875,1.124821
29.000,17.875,1.129700
29.250,17.875,1.134559
29.500,17.875,1.139398
29.750,17.875,1.144215
30.000,17.875,1.149013
30.250,17.875,1.153791
30.500,17.875,1.158549
30.750,17.875,1.163287
31.000,17.875,1.168006
31.250,17.875,1.172706
31.500,17.875,1.177388
31.750,17.875,1.182051
32.000,17.875,1.186696
32.250,17.875,1.191322
32.500,17.875,1.195931
32.750,17.875,1.200522
33.000,17.875,1.205095
33.250,17.875,1.209651
33.500,17.875,1.214190
33.750,17.875,1.218712
34.000,17.875,1.223218
34.250,17.875,1.227707
34.500,17.875,1.232179
34.750,17.875,1.236636
35.000,17.875,1.241076
35.250,17.875,1.245500
35.500,17.875,1.249909
35.750,17.875,1.254303
36.000,17.875,1.258681
36.250,17.875,1.263044
36.500,17.875,1.267391
36.750,17.875,1.271724
37.000,17.875,1.276043
37.250,17.875,1.280346
37.500,17.875,1.284636
37.750,17.875,1.288911
38.000,17.875,1.293171
38.250,17.875,1.297418
38.500,17.875,1.301651
38.750,17.875,1.305871
39.000,17.875,1.310076
39.250,17.875,1.314269
39.500,17.875,1.318448
39.750,17.875,1.322613
40.000,17.875,1.326766
40.250,17.875,1.330906
40.500,17.875,1.335032
40.750,17.875,1.339147
41.000,17.875,1.343248
41.250,17.875,1.347337
41.500,17.875,1.351414
41.750,17.875,1.355478
42.000,17.875,1.359531
42.250,17.875,1.363571
42.500,17.875,1.367599
42.750,17.875,1.371615
43.000,17.875,1.375620
43.250,17.875,1.379613
43.500,17.875,1.383595
43.750,17.875,1.387565
44.000,17.875,1.391524
44.250,17.875,1.395471
44.500,17.875,1.399408
44.750,17.875,1.403333
45.000,17.875,1.407248
1.000,18.000,0.211428
1.250,18.000,0.236384
1.500,18.000,0.258945
1.750,18.000,0.279693
2.000,18.000,0.299004
2.250,18.000,0.317142
2.500,18.000,0.334297
2.750,18.000,0.350614
3.000,18.000,0.366204
3.250,18.000,0.381157
3.500,18.000,0.395546
3.750,18.000,0.409429
4.000,18.000,0.422856
4.250,18.000,0.435870
4.500,18.000,0.448506
4.750,18.000,0.460797
5.000,18.000,0.472767
5.250,18.000,0.484442
5.500,18.000,0.495843
5.750,18.000,0.506986
6.000,18.000,0.517891
6.250,18.000,0.528570
6.500,18.000,0.539038
6.750,18.000,0.549306
7.000,18.000,0.559386
7.250,18.000,0.569287
7.500,18.000,0.579019
7.750,18.000,0.588591
8.000,18.000,0.598009
8.250,18.000,0.607281
8.500,18.000,0.616413
8.750,18.000,0.625412
9.000,18.000,0.634284
9.250,18.000,0.643033
9.500,18.000,0.651665
9.750,18.000,0.660184
10.000,18.000,0.668594
10.250,18.000,0.676900
10.500,18.000,0.685105
10.750,18.000,0.693213
11.000,18.000,0.701227
11.250,18.000,0.709151
11.500,18.000,0.716987
11.750,18.000,0.724739
12.000,18.000,0.732408
12.250,18.000,0.739998
12.500,18.000,0.747511
12.750,18.000,0.754949
13.000,18.000,0.762314
13.250,18.000,0.769609
13.500,18.000,0.776836
13.750,18.000,0.783996
14.000,18.000,0.791091
14.250,18.000,0.798123
14.500,18.000,0.805094
14.750,18.000,0.812005
15.000,18.000,0.818857
15.250,18.000,0.825653
15.500,18.000,0.832393
15.750,18.000,0.839079
16.000,18.000,0.845712
16.250,18.000,0.852293
16.500,18.000,0.858825
16.750,18.000,0.865306
17.000,18.000,0.871740
17.250,18.000,0.878126
17.500,18.000,0.884467
17.750,18.000,0.890762
18.000,18.000,0.897013
18.250,18.000,0.903221
18.500,18.000,0.909386
18.750,18.000,0.915510
19.000,18.000,0.921593
19.250,18.000,0.927637
19.500,18.000,0.933641
19.750,18.000,0.939607
20.000,18.000,0.945535
20.250,18.000,0.951426
20.500,18.000,0.957281
20.750,18.000,0.963100
21.000,18.000,0.968885
21.250,18.000,0.974635
21.500,18.000,0.980351
21.750,18.000,0.986034
22.000,18.000,0.991685
22.250,18.000,0.997304
22.500,18.000,1.002891
22.750,18.000,1.008447
23.000,18.000,1.013973
23.250,18.000,1.019469
23.500,18.000,1.024935
23.750,18.000,1.030373
24.000,18.000,1.035781
24.250,18.000,1.041162
24.500,18.000,1.046515
24.750,18.000,1.051841
25.000,18.000,1.057140
25.250,18.000,1.062412
25.500,18.000,1.067659
25.750,18.000,1.072880
26.000,18.000,1.078075
26.250,18.000,1.083246
26.500,18.000,1.088392
26.750,18.000,1.093514
27.000,18.000,1.098612
27.250,18.000,1.103686
27.500,18.000,1.108738
27.750,18.000,1.113766
28.000,18.000,1.118772
28.250,18.000,1.123755
28.500,18.000,1.128717
28.750,18.000,1.133656
29.000,18.000,1.138575
29.250,18.000,1.143472
29.500,18.000,1.148348
29.750,18.000,1.153203
30.000,18.000,1.158039
30.250,18.000,1.162854
30.500,18.000,1.167649
30.750,18.000,1.172425
31.000,18.000,1.177181
31.250,18.000,1.181918
31.500,18.000,1.186637
31.750,18.000,1.191336
32.000,18.000,1.196017
32.250,18.000,1.200680
32.500,18.000,1.205325
32.750,18.000,1.209952
33.000,18.000,1.214561
33.250,18.000,1.219153
33.500,18.000,1.223728
33.750,18.000,1.228286
34.000,18.000,1.232826
34.250,18.000,1.237351
34.500,18.000,1.241858
34.750,18.000,1.246350
35.000,18.000,1.250825
35.250,18.000,1.255284
35.500,18.000,1.259728
35.750,18.000,1.264155
36.000,18.000,1.268568
36.250,18.000,1.272965
36.500,18.000,1.277347
36.750,18.000,1.281714
37.000,18.000,1.286066
37.250,18.000,1.290404
37.500,18.000,1.294727
37.750,18.000,1.299035
38.000,18.000,1.303330
38.250,18.000,1.307610
38.500,18.000,1.311876
38.750,18.000,1.316129
39.000,18.000,1.320367
39.250,18.000,1.324593
39.500,18.000,1.328804
39.750,18.000,1.333003
40.000,18.000,1.337188
40.250,18.000,1.341360
40.500,18.000,1.345519
40.750,18.000,1.349666
41.000,18.000,1.353800
41.250,18.000,1.357921
41.500,18.000,1.362029
41.750,18.000,1.366126
42.000,18.000,1.370210
42.250,18.000,1.374282
42.500,18.000,1.378342
42.750,18.000,1.382390
43.000,18.000,1.386426
43.250,18.000,1.390450
43.500,18.000,1.394463
43.750,18.000,1.398465
44.000,18.000,1.402455
44.250,18.000,1.406433
44.500,18.000,1.410401
44.750,18.000,1.414357
45.000,18.000,1.418302
1.000,18.125,0.213076
1.250,18.125,0.238226
1.500,18.125,0.260964
1.750,18.125,0.281873
2.000,18.125,0.301335
2.250,18.125,0.319614
2.500,18.125,0.336902
2.750,18.125,0.353346
3.000,18.125,0.369058
3.250,18.125,0.384128
3.500,18.125,0.398628
3.750,18.125,0.412620
4.000,18.125,0.426152
4.250,18.125,0.439267
4.500,18.125,0.452002
4.750,18.125,0.464388
5.000,18.125,0.476452
5.250,18.125,0.488218
5.500,18.125,0.499707
5.750,18.125,0.510938
6.000,18.125,0.521927
6.250,18.125,0.532690
6.500,18.125,0.543239
6.750,18.125,0.553587
7.000,18.125,0.563746
7.250,18.125,0.573724
7.500,18.125,0.583532
7.750,18.125,0.593178
8.000,18.125,0.602670
8.250,18.125,0.612014
8.500,18.125,0.621218
8.750,18.125,0.630287
9.000,18.125,0.639228
9.250,18.125,0.648045
9.500,18.125,0.656744
9.750,18.125,0.665329
10.000,18.125,0.673805
10.250,18.125,0.682176
10.500,18.125,0.690445
10.750,18.125,0.698616
11.000,18.125,0.706693
11.250,18.125,0.714678
11.500,18.125,0.722575
11.750,18.125,0.730387
12.000,18.125,0.738116
12.250,18.125,0.745765
12.500,18.125,0.753337
12.750,18.125,0.760833
13.000,18.125,0.768256
13.250,18.125,0.775608
13.500,18.125,0.782891
13.750,18.125,0.790106
14.000,18.125,0.797257
14.250,18.125,0.804344
14.500,18.125,0.811369
14.750,18.125,0.818333
15.000,18.125,0.825239
15.250,18.125,0.832088
15.500,18.125,0.838880
15.750,18.125,0.845619
16.000,18.125,0.852303
16.250,18.125,0.858936
16.500,18.125,0.865518
16.750,18.125,0.872050
17.000,18.125,0.878534
17.250,18.125,0.884970
17.500,18.125,0.891360
17.750,18.125,0.897705
18.000,18.125,0.904004
18.250,18.125,0.910260
18.500,18.125,0.916474
18.750,18.125,0.922645
19.000,18.125,0.928776
19.250,18.125,0.934866
19.500,18.125,0.940917
19.750,18.125,0.946930
20.000,18.125,0.952904
20.250,18.125,0.958841
20.500,18.125,0.964742
20.750,18.125,0.970607
21.000,18.125,0.976436
21.250,18.125,0.982231
21.500,18.125,0.987992
21.750,18.125,0.993720
22.000,18.125,0.999414
22.250,18.125,1.005077
22.500,18.125,1.010707
22.750,18.125,1.016307
23.000,18.125,1.021876
23.250,18.125,1.027415
23.500,18.125,1.032923
23.750,18.125,1.038403
24.000,18.125,1.043854
24.250,18.125,1.049277
24.500,18.125,1.054672
24.750,18.125,1.060039
25.000,18.125,1.065379
25.250,18.125,1.070693
25.500,18.125,1.075980
25.750,18.125,1.081242
26.000,18.125,1.086478
26.250,18.125,1.091689
26.500,18.125,1.096875
26.750,18.125,1.102037
27.000,18.125,1.107175
27.250,18.125,1.112289
27.500,18.125,1.117379
27.750,18.125,1.122447
28.000,18.125,1.127491
28.250,18.125,1.132514
28.500,18.125,1.137514
28.750,18.125,1.142492
29.000,18.125,1.147449
29.250,18.125,1.152384
29.500,18.125,1.157298
29.750,18.125,1.162192
30.000,18.125,1.167064
30.250,18.125,1.171917
30.500,18.125,1.176750
30.750,18.125,1.181563
31.000,18.125,1.186356
31.250,18.125,1.191130
31.500,18.125,1.195885
31.750,18.125,1.200621
32.000,18.125,1.205339
32.250,18.125,1.210038
32.500,18.125,1.214719
32.750,18.125,1.219382
33.000,18.125,1.224028
33.250,18.125,1.228655
33.500,18.125,1.233266
33.750,18.125,1.237859
34.000,18.125,1.242435
34.250,18.125,1.246994
34.500,18.125,1.251537
34.750,18.125,1.256064
35.000,18.125,1.260574
35.250,18.125,1.265068
35.500,18.125,1.269546
35.750,18.125,1.274008
36.000,18.125,1.278455
36.250,18.125,1.282886
36.500,18.125,1.287303
36.750,18.125,1.291704
37.000,18.125,1.296090
37.250,18.125,1.300461
37.500,18.125,1.304818
37.750,18.125,1.309160
38.000,18.125,1.313488
38.250,18.125,1.317801
38.500,18.125,1.322101
38.750,18.125,1.326386
39.000,18.125,1.330658
39.250,18.125,1.334916
39.500,18.125,1.339161
39.750,18.125,1.343392
40.000,18.125,1.347610
40.250,18.125,1.351815
40.500,18.125,1.356006
40.750,18.125,1.360185
41.000,18.125,1.364351
41.250,18.125,1.368504
41.500,18.125,1.372645
41.750,18.125,1.376773
42.000,18.125,1.380889
42.250,18.125,1.384993
42.500,18.125,1.389085
42.750,18.125,1.393164
43.000,18.125,1.397232
43.250,18.125,1.401288
43.500,18.125,1.405332
43.750,18.125,1.409364
44.000,18.125,1.413385
44.250,18.125,1.417395
44.500,18.125,1.421393
44.750,18.125,1.425380
45.000,18.125,1.429356
1.000,18.250,0.214724
1.250,18.250,0.240068
1.500,18.250,0.262982
1.750,18.250,0.284053
2.000,18.250,0.303665
2.250,18.250,0.322086
2.500,18.250,0.339508
2.750,18.250,0.356079
3.000,18.250,0.371912
3.250,18.250,0.387099
3.500,18.250,0.401711
3.750,18.250,0.415811
4.000,18.250,0.429447
4.250,18.250,0.442664
4.500,18.250,0.455498
4.750,18.250,0.467979
5.000,18.250,0.480137
5.250,18.250,0.491994
5.500,18.250,0.503572
5.750,18.250,0.514889
6.000,18.250,0.525964
6.250,18.250,0.536809
6.500,18.250,0.547440
6.750,18.250,0.557869
7.000,18.250,0.568106
7.250,18.250,0.578161
7.500,18.250,0.588045
7.750,18.250,0.597766
8.000,18.250,0.607330
8.250,18.250,0.616747
8.500,18.250,0.626022
8.750,18.250,0.635161
9.000,18.250,0.644171
9.250,18.250,0.653057
9.500,18.250,0.661823
9.750,18.250,0.670475
10.000,18.250,0.679016
10.250,18.250,0.687451
10.500,18.250,0.695784
10.750,18.250,0.704019
11.000,18.250,0.712158
11.250,18.250,0.720205
11.500,18.250,0.728164
11.750,18.250,0.736036
12.000,18.250,0.743825
12.250,18.250,0.751533
12.500,18.250,0.759163
12.750,18.250,0.766717
13.000,18.250,0.774197
13.250,18.250,0.781606
13.500,18.250,0.788945
13.750,18.250,0.796217
14.000,18.250,0.803423
14.250,18.250,0.810564
14.500,18.250,0.817644
14.750,18.250,0.824662
15.000,18.250,0.831621
15.250,18.250,0.838523
15.500,18.250,0.845368
15.750,18.250,0.852158
16.000,18.250,0.858895
16.250,18.250,0.865579
16.500,18.250,0.872212
16.750,18.250,0.878795
17.000,18.250,0.885329
17.250,18.250,0.891815
17.500,18.250,0.898254
17.750,18.250,0.904647
18.000,18.250,0.910996
18.250,18.250,0.917300
18.500,18.250,0.923562
18.750,18.250,0.929781
19.000,18.250,0.935959
19.250,18.250,0.942096
19.500,18.250,0.948194
19.750,18.250,0.954253
20.000,18.250,0.960274
20.250,18.250,0.966257
20.500,18.250,0.972203
20.750,18.250,0.978113
21.000,18.250,0.983988
21.250,18.250,0.989827
21.500,18.250,0.995633
21.750,18.250,1.001405
22.000,18.250,1.007144
22.250,18.250,1.012850
22.500,18.250,1.018524
22.750,18.250,1.024167
23.000,18.250,1.029779
23.250,18.250,1.035360
23.500,18.250,1.040912
23.750,18.250,1.046434
24.000,18.250,1.051927
24.250,18.250,1.057392
24.500,18.250,1.062828
24.750,18.250,1.068237
25.000,18.250,1.073619
25.250,18.250,1.078973
25.500,18.250,1.084302
25.750,18.250,1.089604
26.000,18.250,1.094880
26.250,18.250,1.100132
26.500,18.250,1.105358
26.750,18.250,1.110560
27.000,18.250,1.115737
27.250,18.250,1.120891
27.500,18.250,1.126021
27.750,18.250,1.131127
28.000,18.250,1.136211
28.250,18.250,1.141272
28.500,18.250,1.146311
28.750,18.250,1.151328
29.000,18.250,1.156323
29.250,18.250,1.161296
29.500,18.250,1.166248
29.750,18.250,1.171180
30.000,18.250,1.176090
30.250,18.250,1.180980
30.500,18.250,1.185850
30.750,18.250,1.190701
31.000,18.250,1.195531
31.250,18.250,1.200342
31.500,18.250,1.205134
31.750,18.250,1.209907
32.000,18.250,1.214661
32.250,18.250,1.219396
32.500,18.250,1.224114
32.750,18.250,1.228813
33.000,18.250,1.233494
33.250,18.250,1.238157
33.500,18.250,1.242803
33.750,18.250,1.247432
34.000,18.250,1.252044
34.250,18.250,1.256638
34.500,18.250,1.261216
34.750,18.250,1.265778
35.000,18.250,1.270323
35.250,18.250,1.274851
35.500,18.250,1.279364
35.750,18.250,1.283861
36.000,18.250,1.288342
36.250,18.250,1.292808
36.500,18.250,1.297258
36.750,18.250,1.301693
37.000,18.250,1.306113
37.250,18.250,1.310518
37.500,18.250,1.314909
37.750,18.250,1.319285
38.000,18.250,1.323646
38.250,18.250,1.327993
38.500,18.250,1.332326
38.750,18.250,1.336644
39.000,18.250,1.340949
39.250,18.250,1.345240
39.500,18.250,1.349518
39.750,18.250,1.353782
40.000,18.250,1.358032
40.250,18.250,1.362269
40.500,18.250,1.366493
40.750,18.250,1.370704
41.000,18.250,1.374903
41.250,18.250,1.379088
41.500,18.250,1.383261
41.750,18.250,1.387421
42.000,18.250,1.391569
42.250,18.250,1.395704
42.500,18.250,1.399827
42.750,18.250,1.403938
43.000,18.250,1.408038
43.250,18.250,1.412125
43.500,18.250,1.416200
43.750,18.250,1.420264
44.000,18.250,1.424316
44.250,18.250,1.428357
44.500,18.250,1.432386
44.750,18.250,1.436404
45.000,18.250,1.440410
1.000,18.375,0.216372
1.250,18.375,0.241911
1.500,18.375,0.265000
1.750,18.375,0.286233
2.000,18.375,0.305996
2.250,18.375,0.324557
2.500,18.375,0.342114
2.750,18.375,0.358812
3.000,18.375,0.374767
3.250,18.375,0.390069
3.500,18.375,0.404794
3.750,18.375,0.419002
4.000,18.375,0.432743
4.250,18.375,0.446061
4.500,18.375,0.458993
4.750,18.375,0.471571
5.000,18.375,0.483822
5.250,18.375,0.495770
5.500,18.375,0.507436
5.750,18.375,0.518841
6.000,18.375,0.530000
6.250,18.375,0.540929
6.500,18.375,0.551641
6.750,18.375,0.562150
7.000,18.375,0.572465
7.250,18.375,0.582598
7.500,18.375,0.592558
7.750,18.375,0.602353
8.000,18.375,0.611991
8.250,18.375,0.621480
8.500,18.375,0.630826
8.750,18.375,0.640036
9.000,18.375,0.649115
9.250,18.375,0.658068
9.500,18.375,0.666902
9.750,18.375,0.675620
10.000,18.375,0.684227
10.250,18.375,0.692727
10.500,18.375,0.701124
10.750,18.375,0.709422
11.000,18.375,0.717623
11.250,18.375,0.725732
11.500,18.375,0.733752
11.750,18.375,0.741684
12.000,18.375,0.749533
12.250,18.375,0.757301
12.500,18.375,0.764989
12.750,18.375,0.772601
13.000,18.375,0.780139
13.250,18.375,0.787604
13.500,18.375,0.795000
13.750,18.375,0.802327
14.000,18.375,0.809588
14.250,18.375,0.816785
14.500,18.375,0.823918
14.750,18.375,0.830991
15.000,18.375,0.838004
15.250,18.375,0.844958
15.500,18.375,0.851856
15.750,18.375,0.858698
16.000,18.375,0.865486
16.250,18.375,0.872222
16.500,18.375,0.878906
16.750,18.375,0.885539
17.000,18.375,0.892123
17.250,18.375,0.898659
17.500,18.375,0.905147
17.750,18.375,0.911590
18.000,18.375,0.917987
18.250,18.375,0.924340
18.500,18.375,0.930649
18.750,18.375,0.936916
19.000,18.375,0.943142
19.250,18.375,0.949326
19.500,18.375,0.955471
19.750,18.375,0.961576
20.000,18.375,0.967643
20.250,18.375,0.973672
20.500,18.375,0.979664
20.750,18.375,0.985619
21.000,18.375,0.991539
21.250,18.375,0.997424
21.500,18.375,1.003274
21.750,18.375,1.009090
22.000,18.375,1.014873
22.250,18.375,1.020623
22.500,18.375,1.026341
22.750,18.375,1.032027
23.000,18.375,1.037682
23.250,18.375,1.043306
23.500,18.375,1.048900
23.750,18.375,1.054465
24.000,18.375,1.060000
24.250,18.375,1.065506
24.500,18.375,1.070985
24.750,18.375,1.076435
25.000,18.375,1.081858
25.250,18.375,1.087254
25.500,18.375,1.092623
25.750,18.375,1.097966
26.000,18.375,1.103283
26.250,18.375,1.108574
26.500,18.375,1.113841
26.750,18.375,1.119083
27.000,18.375,1.124300
27.250,18.375,1.129493
27.500,18.375,1.134662
27.750,18.375,1.139808
28.000,18.375,1.144931
28.250,18.375,1.150031
28.500,18.375,1.155108
28.750,18.375,1.160163
29.000,18.375,1.165197
29.250,18.375,1.170208
29.500,18.375,1.175199
29.750,18.375,1.180168
30.000,18.375,1.185116
30.250,18.375,1.190044
30.500,18.375,1.194951
30.750,18.375,1.199838
31.000,18.375,1.204706
31.250,18.375,1.209554
31.500,18.375,1.214382
31.750,18.375,1.219192
32.000,18.375,1.223983
32.250,18.375,1.228754
32.500,18.375,1.233508
32.750,18.375,1.238243
33.000,18.375,1.242960
33.250,18.375,1.247659
33.500,18.375,1.252341
33.750,18.375,1.257005
34.000,18.375,1.261652
34.250,18.375,1.266282
34.500,18.375,1.270895
34.750,18.375,1.275492
35.000,18.375,1.280072
35.250,18.375,1.284635
35.500,18.375,1.289182
35.750,18.375,1.293714
36.000,18.375,1.298230
36.250,18.375,1.302729
36.500,18.375,1.307214
36.750,18.375,1.311683
37.000,18.375,1.316137
37.250,18.375,1.320576
37.500,18.375,1.325000
37.750,18.375,1.329409
38.000,18.375,1.333804
38.250,18.375,1.338184
38.500,18.375,1.342550
38.750,18.375,1.346902
39.000,18.375,1.351240
39.250,18.375,1.355564
39.500,18.375,1.359874
39.750,18.375,1.364171
40.000,18.375,1.368454
40.250,18.375,1.372724
40.500,18.375,1.376980
40.750,18.375,1.381224
41.000,18.375,1.385454
41.250,18.375,1.389672
41.500,18.375,1.393876
41.750,18.375,1.398069
42.000,18.375,1.402248
42.250,18.375,1.406415
42.500,18.375,1.410570
42.750,18.375,1.414713
43.000,18.375,1.418843
43.250,18.375,1.422962
43.500,18.375,1.427069
43.750,18.375,1.431164
44.000,18.375,1.435247
44.250,18.375,1.439318
44.500,18.375,1.443378
44.750,18.375,1.447427
45.000,18.375,1.451465
1.000,18.500,0.218019
1.250,18.500,0.243753
1.500,18.500,0.267018
1.750,18.500,0.288413
2.000,18.500,0.308326
2.250,18.500,0.327029
2.500,18.500,0.344719
2.750,18.500,0.361544
3.000,18.500,0.377621
3.250,18.500,0.393040
3.500,18.500,0.407877
3.750,18.500,0.422193
4.000,18.500,0.436039
4.250,18.500,0.449459
4.500,18.500,0.462489
4.750,18.500,0.475162
5.000,18.500,0.487506
5.250,18.500,0.499545
5.500,18.500,0.511301
5.750,18.500,0.522792
6.000,18.500,0.534036
6.250,18.500,0.545049
6.500,18.500,0.555843
6.750,18.500,0.566431
7.000,18.500,0.576825
7.250,18.500,0.587035
7.500,18.500,0.597071
7.750,18.500,0.606940
8.000,18.500,0.616652
8.250,18.500,0.626213
8.500,18.500,0.635630
8.750,18.500,0.644910
9.000,18.500,0.654058
9.250,18.500,0.663080
9.500,18.500,0.671981
9.750,18.500,0.680766
10.000,18.500,0.689438
10.250,18.500,0.698003
10.500,18.500,0.706464
10.750,18.500,0.714825
11.000,18.500,0.723089
11.250,18.500,0.731259
11.500,18.500,0.739340
11.750,18.500,0.747333
12.000,18.500,0.755242
12.250,18.500,0.763068
12.500,18.500,0.770815
12.750,18.500,0.778485
13.000,18.500,0.786080
13.250,18.500,0.793603
13.500,18.500,0.801055
13.750,18.500,0.808438
14.000,18.500,0.815754
14.250,18.500,0.823005
14.500,18.500,0.830193
14.750,18.500,0.837320
15.000,18.500,0.844386
15.250,18.500,0.851393
15.500,18.500,0.858343
15.750,18.500,0.865238
16.000,18.500,0.872078
16.250,18.500,0.878865
16.500,18.500,0.885599
16.750,18.500,0.892283
17.000,18.500,0.898917
17.250,18.500,0.905503
17.500,18.500,0.912041
17.750,18.500,0.918532
18.000,18.500,0.924978
18.250,18.500,0.931380
18.500,18.500,0.937737
18.750,18.500,0.944052
19.000,18.500,0.950325
19.250,18.500,0.956556
19.500,18.500,0.962748
19.750,18.500,0.968900
20.000,18.500,0.975013
20.250,18.500,0.981088
20.500,18.500,0.987125
20.750,18.500,0.993126
21.000,18.500,0.999091
21.250,18.500,1.005020
21.500,18.500,1.010915
21.750,18.500,1.016775
22.000,18.500,1.022602
22.250,18.500,1.028396
22.500,18.500,1.034157
22.750,18.500,1.039887
23.000,18.500,1.045585
23.250,18.500,1.051252
23.500,18.500,1.056889
23.750,18.500,1.062495
24.000,18.500,1.068073
24.250,18.500,1.073621
24.500,18.500,1.079141
24.750,18.500,1.084633
25.000,18.500,1.090097
25.250,18.500,1.095534
25.500,18.500,1.100944
25.750,18.500,1.106328
26.000,18.500,1.111685
26.250,18.500,1.117017
26.500,18.500,1.122324
26.750,18.500,1.127605
27.000,18.500,1.132862
27.250,18.500,1.138095
27.500,18.500,1.143304
27.750,18.500,1.148489
28.000,18.500,1.153650
28.250,18.500,1.158789
28.500,18.500,1.163905
28.750,18.500,1.168999
29.000,18.500,1.174071
29.250,18.500,1.179120
29.500,18.500,1.184149
29.750,18.500,1.189156
30.000,18.500,1.194142
30.250,18.500,1.199107
30.500,18.500,1.204052
30.750,18.500,1.208976
31.000,18.500,1.213881
31.250,18.500,1.218766
31.500,18.500,1.223631
31.750,18.500,1.228477
32.000,18.500,1.233304
32.250,18.500,1.238112
32.500,18.500,1.242902
32.750,18.500,1.247673
33.000,18.500,1.252426
33.250,18.500,1.257161
33.500,18.500,1.261879
33.750,18.500,1.266579
34.000,18.500,1.271261
34.250,18.500,1.275926
34.500,18.500,1.280574
34.750,18.500,1.285206
35.000,18.500,1.289820
35.250,18.500,1.294419
35.500,18.500,1.299001
35.750,18.500,1.303567
36.000,18.500,1.308117
36.250,18.500,1.312651
36.500,18.500,1.317170
36.750,18.500,1.321673
37.000,18.500,1.326161
37.250,18.500,1.330633
37.500,18.500,1.335091
37.750,18.500,1.339534
38.000,18.500,1.343962
38.250,18.500,1.348376
38.500,18.500,1.352775
38.750,18.500,1.357160
39.000,18.500,1.361531
39.250,18.500,1.365888
39.500,18.500,1.370231
39.750,18.500,1.374560
40.000,18.500,1.378876
40.250,18.500,1.383178
40.500,18.500,1.387467
40.750,18.500,1.391743
41.000,18.500,1.396006
41.250,18.500,1.400255
41.500,18.500,1.404492
41.750,18.500,1.408716
42.000,18.500,1.412928
42.250,18.500,1.417126
42.500,18.500,1.421313
42.750,18.500,1.425487
43.000,18.500,1.429649
43.250,18.500,1.433799
43.500,18.500,1.437937
43.750,18.500,1.442063
44.000,18.500,1.446177
44.250,18.500,1.450280
44.500,18.500,1.454371
44.750,18.500,1.458451
45.000,18.500,1.462519
1.000,18.625,0.219667
1.250,18.625,0.245596
1.500,18.625,0.269036
1.750,18.625,0.290593
2.000,18.625,0.310657
2.250,18.625,0.329501
2.500,18.625,0.347325
2.750,18.625,0.364277
3.000,18.625,0.380475
3.250,18.625,0.396011
3.500,18.625,0.410960
3.750,18.625,0.425384
4.000,18.625,0.439335
4.250,18.625,0.452856
4.500,18.625,0.465985
4.750,18.625,0.478754
5.000,18.625,0.491191
5.250,18.625,0.503321
5.500,18.625,0.515166
5.750,18.625,0.526744
6.000,18.625,0.538073
6.250,18.625,0.549168
6.500,18.625,0.560044
6.750,18.625,0.570712
7.000,18.625,0.581185
7.250,18.625,0.591472
7.500,18.625,0.601584
7.750,18.625,0.611528
8.000,18.625,0.621313
8.250,18.625,0.630946
8.500,18.625,0.640435
8.750,18.625,0.649785
9.000,18.625,0.659002
9.250,18.625,0.668092
9.500,18.625,0.677060
9.750,18.625,0.685911
10.000,18.625,0.694649
10.250,18.625,0.703279
10.500,18.625,0.711803
10.750,18.625,0.720227
11.000,18.625,0.728554
11.250,18.625,0.736787
11.500,18.625,0.744928
11.750,18.625,0.752982
12.000,18.625,0.760950
12.250,18.625,0.768836
12.500,18.625,0.776641
12.750,18.625,0.784369
13.000,18.625,0.792022
13.250,18.625,0.799601
13.500,18.625,0.807109
13.750,18.625,0.814548
14.000,18.625,0.821920
14.250,18.625,0.829226
14.500,18.625,0.836468
14.750,18.625,0.843648
15.000,18.625,0.850768
15.250,18.625,0.857828
15.500,18.625,0.864831
15.750,18.625,0.871778
16.000,18.625,0.878669
16.250,18.625,0.885507
16.500,18.625,0.892293
16.750,18.625,0.899027
17.000,18.625,0.905712
17.250,18.625,0.912347
17.500,18.625,0.918934
17.750,18.625,0.925475
18.000,18.625,0.931970
18.250,18.625,0.938419
18.500,18.625,0.944825
18.750,18.625,0.951187
19.000,18.625,0.957508
19.250,18.625,0.963786
19.500,18.625,0.970025
19.750,18.625,0.976223
20.000,18.625,0.982382
20.250,18.625,0.988503
20.500,18.625,0.994586
20.750,18.625,1.000632
21.000,18.625,1.006642
21.250,18.625,1.012616
21.500,18.625,1.018555
21.750,18.625,1.024460
22.000,18.625,1.030331
22.250,18.625,1.036169
22.500,18.625,1.041974
22.750,18.625,1.047746
23.000,18.625,1.053487
23.250,18.625,1.059197
23.500,18.625,1.064877
23.750,18.625,1.070526
24.000,18.625,1.076146
24.250,18.625,1.081736
24.500,18.625,1.087298
24.750,18.625,1.092831
25.000,18.625,1.098337
25.250,18.625,1.103815
25.500,18.625,1.109266
25.750,18.625,1.114690
26.000,18.625,1.120088
26.250,18.625,1.125460
26.500,18.625,1.130807
26.750,18.625,1.136128
27.000,18.625,1.141425
27.250,18.625,1.146697
27.500,18.625,1.151945
27.750,18.625,1.157169
28.000,18.625,1.162370
28.250,18.625,1.167548
28.500,18.625,1.172703
28.750,18.625,1.177835
29.000,18.625,1.182945
29.250,18.625,1.188033
29.500,18.625,1.193099
29.750,18.625,1.198144
30.000,18.625,1.203167
30.250,18.625,1.208170
30.500,18.625,1.213152
30.750,18.625,1.218114
31.000,18.625,1.223056
31.250,18.625,1.227978
31.500,18.625,1.232880
31.750,18.625,1.237762
32.000,18.625,1.242626
32.250,18.625,1.247471
32.500,18.625,1.252296
32.750,18.625,1.257104
33.000,18.625,1.261893
33.250,18.625,1.266664
33.500,18.625,1.271417
33.750,18.625,1.276152
34.000,18.625,1.280870
34.250,18.625,1.285570
34.500,18.625,1.290253
34.750,18.625,1.294920
35.000,18.625,1.299569
35.250,18.625,1.304202
35.500,18.625,1.308819
35.750,18.625,1.313420
36.000,18.625,1.318004
36.250,18.625,1.322572
36.500,18.625,1.327125
36.750,18.625,1.331662
37.000,18.625,1.336184
37.250,18.625,1.340691
37.500,18.625,1.345182
37.750,18.625,1.349659
38.000,18.625,1.354120
38.250,18.625,1.358567
38.500,18.625,1.363000
38.750,18.625,1.367418
39.000,18.625,1.371822
39.250,18.625,1.376212
39.500,18.625,1.380588
39.750,18.625,1.384950
40.000,18.625,1.389298
40.250,18.625,1.393633
40.500,18.625,1.397954
40.750,18.625,1.402262
41.000,18.625,1.406557
41.250,18.625,1.410839
41.500,18.625,1.415108
41.750,18.625,1.419364
42.000,18.625,1.423607
42.250,18.625,1.427838
42.500,18.625,1.432056
42.750,18.625,1.436261
43.000,18.625,1.440455
43.250,18.625,1.444636
43.500,18.625,1.448805
43.750,18.625,1.452963
44.000,18.625,1.457108
44.250,18.625,1.461242
44.500,18.625,1.465364
44.750,18.625,1.469474
45.000,18.625,1.473573
1.000,18.750,0.221315
1.250,18.750,0.247438
1.500,18.750,0.271055
1.750,18.750,0.292772
2.000,18.750,0.312987
2.250,18.750,0.331973
2.500,18.750,0.349930
2.750,18.750,0.367010
3.000,18.750,0.383329
3.250,18.750,0.398982
3.500,18.750,0.414043
3.750,18.750,0.428575
4.000,18.750,0.442630
4.250,18.750,0.456253
4.500,18.750,0.469480
4.750,18.750,0.482345
5.000,18.750,0.494876
5.250,18.750,0.507097
5.500,18.750,0.519030
5.750,18.750,0.530695
6.000,18.750,0.542109
6.250,18.750,0.553288
6.500,18.750,0.564245
6.750,18.750,0.574994
7.000,18.750,0.585545
7.250,18.750,0.595909
7.500,18.750,0.606097
7.750,18.750,0.616115
8.000,18.750,0.625974
8.250,18.750,0.635679
8.500,18.750,0.645239
8.750,18.750,0.654659
9.000,18.750,0.663946
9.250,18.750,0.673104
9.500,18.750,0.682139
9.750,18.750,0.691056
10.000,18.750,0.699860
10.250,18.750,0.708554
10.500,18.750,0.717143
10.750,18.750,0.725630
11.000,18.750,0.734019
11.250,18.750,0.742314
11.500,18.750,0.750516
11.750,18.750,0.758630
12.000,18.750,0.766658
12.250,18.750,0.774603
12.500,18.750,0.782467
12.750,18.750,0.790253
13.000,18.750,0.797963
13.250,18.750,0.805599
13.500,18.750,0.813164
13.750,18.750,0.820659
14.000,18.750,0.828086
14.250,18.750,0.835447
14.500,18.750,0.842743
14.750,18.750,0.849977
15.000,18.750,0.857150
15.250,18.750,0.864263
15.500,18.750,0.871319
15.750,18.750,0.878317
16.000,18.750,0.885261
16.250,18.750,0.892150
16.500,18.750,0.898987
16.750,18.750,0.905771
17.000,18.750,0.912506
17.250,18.750,0.919191
17.500,18.750,0.925828
17.750,18.750,0.932417
18.000,18.750,0.938961
18.250,18.750,0.945459
18.500,18.750,0.951913
18.750,18.750,0.958323
19.000,18.750,0.964691
19.250,18.750,0.971016
19.500,18.750,0.977301
19.750,18.750,0.983546
20.000,18.750,0.989752
20.250,18.750,0.995918
20.500,18.750,1.002047
20.750,18.750,1.008139
21.000,18.750,1.014194
21.250,18.750,1.020213
21.500,18.750,1.026196
21.750,18.750,1.032145
22.000,18.750,1.038060
22.250,18.750,1.043942
22.500,18.750,1.049790
22.750,18.750,1.055606
23.000,18.750,1.061390
23.250,18.750,1.067143
23.500,18.750,1.072865
23.750,18.750,1.078557
24.000,18.750,1.084219
24.250,18.750,1.089851
24.500,18.750,1.095454
24.750,18.750,1.101029
25.000,18.750,1.106576
25.250,18.750,1.112095
25.500,18.750,1.117587
25.750,18.750,1.123052
26.000,18.750,1.128490
26.250,18.750,1.133903
26.500,18.750,1.139290
26.750,18.750,1.144651
27.000,18.750,1.149987
27.250,18.750,1.155299
27.500,18.750,1.160587
27.750,18.750,1.165850
28.000,18.750,1.171090
28.250,18.750,1.176306
28.500,18.750,1.181500
28.750,18.750,1.186670
29.000,18.750,1.191819
29.250,18.750,1.196945
29.500,18.750,1.202049
29.750,18.750,1.207132
30.000,18.750,1.212193
30.250,18.750,1.217234
30.500,18.750,1.222253
30.750,18.750,1.227252
31.000,18.750,1.232231
31.250,18.750,1.237189
31.500,18.750,1.242128
31.750,18.750,1.247048
32.000,18.750,1.251948
32.250,18.750,1.256829
32.500,18.750,1.261691
32.750,18.750,1.266534
33.000,18.750,1.271359
33.250,18.750,1.276166
33.500,18.750,1.280954
33.750,18.750,1.285725
34.000,18.750,1.290478
34.250,18.750,1.295214
34.500,18.750,1.299932
34.750,18.750,1.304634
35.000,18.750,1.309318
35.250,18.750,1.313986
35.500,18.750,1.318637
35.750,18.750,1.323272
36.000,18.750,1.327891
36.250,18.750,1.332494
36.500,18.750,1.337081
36.750,18.750,1.341652
37.000,18.750,1.346208
37.250,18.750,1.350748
37.500,18.750,1.355273
37.750,18.750,1.359783
38.000,18.750,1.364278
38.250,18.750,1.368759
38.500,18.750,1.373225
38.750,18.750,1.377676
39.000,18.750,1.382113
39.250,18.750,1.386536
39.500,18.750,1.390944
39.750,18.750,1.395339
40.000,18.750,1.399720
40.250,18.750,1.404087
40.500,18.750,1.408441
40.750,18.750,1.412782
41.000,18.750,1.417109
41.250,18.750,1.421423
41.500,18.750,1.425723
41.750,18.750,1.430011
42.000,18.750,1.434286
42.250,18.750,1.438549
42.500,18.750,1.442798
42.750,18.750,1.447036
43.000,18.750,1.451261
43.250,18.750,1.455473
43.500,18.750,1.459674
43.750,18.750,1.463862
44.000,18.750,1.468039
44.250,18.750,1.472204
44.500,18.750,1.476356
44.750,18.750,1.480498
45.000,18.750,1.484627
1.000,18.875,0.222963
1.250,18.875,0.249280
1.500,18.875,0.273073
1.750,18.875,0.294952
2.000,18.875,0.315317
2.250,18.875,0.334445
2.500,18.875,0.352536
2.750,18.875,0.369742
3.000,18.875,0.386183
3.250,18.875,0.401952
3.500,18.875,0.417126
3.750,18.875,0.431766
4.000,18.875,0.445926
4.250,18.875,0.459650
4.500,18.875,0.472976
4.750,18.875,0.485937
5.000,18.875,0.498561
5.250,18.875,0.510873
5.500,18.875,0.522895
5.750,18.875,0.534647
6.000,18.875,0.546146
6.250,18.875,0.557408
6.500,18.875,0.568446
6.750,18.875,0.579275
7.000,18.875,0.589905
7.250,18.875,0.600346
7.500,18.875,0.610609
7.750,18.875,0.620703
8.000,18.875,0.630635
8.250,18.875,0.640413
8.500,18.875,0.650043
8.750,18.875,0.659534
9.000,18.875,0.668889
9.250,18.875,0.678116
9.500,18.875,0.687218
9.750,18.875,0.696202
10.000,18.875,0.705071
10.250,18.875,0.713830
10.500,18.875,0.722483
10.750,18.875,0.731033
11.000,18.875,0.739485
11.250,18.875,0.747841
11.500,18.875,0.756104
11.750,18.875,0.764279
12.000,18.875,0.772367
12.250,18.875,0.780371
12.500,18.875,0.788293
12.750,18.875,0.796137
13.000,18.875,0.803905
13.250,18.875,0.811598
13.500,18.875,0.819219
13.750,18.875,0.826769
14.000,18.875,0.834251
14.250,18.875,0.841667
14.500,18.875,0.849018
14.750,18.875,0.856306
15.000,18.875,0.863532
15.250,18.875,0.870699
15.500,18.875,0.877806
15.750,18.875,0.884857
16.000,18.875,0.891852
16.250,18.875,0.898793
16.500,18.875,0.905680
16.750,18.875,0.912516
17.000,18.875,0.919300
17.250,18.875,0.926035
17.500,18.875,0.932721
17.750,18.875,0.939360
18.000,18.875,0.945952
18.250,18.875,0.952499
18.500,18.875,0.959000
18.750,18.875,0.965458
19.000,18.875,0.971873
19.250,18.875,0.978246
19.500,18.875,0.984578
19.750,18.875,0.990869
20.000,18.875,0.997121
20.250,18.875,1.003334
20.500,18.875,1.009508
20.750,18.875,1.015645
21.000,18.875,1.021745
21.250,18.875,1.027809
21.500,18.875,1.033837
21.750,18.875,1.039830
22.000,18.875,1.045789
22.250,18.875,1.051715
22.500,18.875,1.057607
22.750,18.875,1.063466
23.000,18.875,1.069293
23.250,18.875,1.075089
23.500,18.875,1.080854
23.750,18.875,1.086588
24.000,18.875,1.092291
24.250,18.875,1.097966
24.500,18.875,1.103611
24.750,18.875,1.109227
25.000,18.875,1.114815
25.250,18.875,1.120375
25.500,18.875,1.125908
25.750,18.875,1.131414
26.000,18.875,1.136893
26.250,18.875,1.142346
26.500,18.875,1.147773
26.750,18.875,1.153174
27.000,18.875,1.158550
27.250,18.875,1.163901
27.500,18.875,1.169228
27.750,18.875,1.174531
28.000,18.875,1.179810
28.250,18.875,1.185065
28.500,18.875,1.190297
28.750,18.875,1.195506
29.000,18.875,1.200693
29.250,18.875,1.205857
29.500,18.875,1.210999
29.750,18.875,1.216120
30.000,18.875,1.221219
30.250,18.875,1.226297
30.500,18.875,1.231354
30.750,18.875,1.236390
31.000,18.875,1.241406
31.250,18.875,1.246401
31.500,18.875,1.251377
31.750,18.875,1.256333
32.000,18.875,1.261269
32.250,18.875,1.266187
32.500,18.875,1.271085
32.750,18.875,1.275964
33.000,18.875,1.280825
33.250,18.875,1.285668
33.500,18.875,1.290492
33.750,18.875,1.295298
34.000,18.875,1.300087
34.250,18.875,1.304858
34.500,18.875,1.309611
34.750,18.875,1.314348
35.000,18.875,1.319067
35.250,18.875,1.323770
35.500,18.875,1.328456
35.750,18.875,1.333125
36.000,18.875,1.337778
36.250,18.875,1.342415
36.500,18.875,1.347036
36.750,18.875,1.351642
37.000,18.875,1.356231
37.250,18.875,1.360805
37.500,18.875,1.365364
37.750,18.875,1.369908
38.000,18.875,1.374437
38.250,18.875,1.378950
38.500,18.875,1.383449
38.750,18.875,1.387934
39.000,18.875,1.392404
39.250,18.875,1.396860
39.500,18.875,1.401301
39.750,18.875,1.405729
40.000,18.875,1.410142
40.250,18.875,1.414542
40.500,18.875,1.418928
40.750,18.875,1.423301
41.000,18.875,1.427660
41.250,18.875,1.432006
41.500,18.875,1.436339
41.750,18.875,1.440659
42.000,18.875,1.444966
42.250,18.875,1.449260
42.500,18.875,1.453541
42.750,18.875,1.457810
43.000,18.875,1.462067
43.250,18.875,1.466311
43.500,18.875,1.470542
43.750,18.875,1.474762
44.000,18.875,1.478970
44.250,18.875,1.483165
44.500,18.875,1.487349
44.750,18.875,1.491521
45.000,18.875,1.495682
1.000,19.000,0.224611
1.250,19.000,0.251123
1.500,19.000,0.275091
1.750,19.000,0.297132
2.000,19.000,0.317648
2.250,19.000,0.336916
2.500,19.000,0.355141
2.750,19.000,0.372475
3.000,19.000,0.389038
3.250,19.000,0.404923
3.500,19.000,0.420209
3.750,19.000,0.434957
4.000,19.000,0.449222
4.250,19.000,0.463047
4.500,19.000,0.476472
4.750,19.000,0.489528
5.000,19.000,0.502245
5.250,19.000,0.514648
5.500,19.000,0.526759
5.750,19.000,0.538598
6.000,19.000,0.550182
6.250,19.000,0.561527
6.500,19.000,0.572648
6.750,19.000,0.583556
7.000,19.000,0.594265
7.250,19.000,0.604783
7.500,19.000,0.615122
7.750,19.000,0.625290
8.000,19.000,0.635296
8.250,19.000,0.645146
8.500,19.000,0.654848
8.750,19.000,0.664408
9.000,19.000,0.673833
9.250,19.000,0.683127
9.500,19.000,0.692297
9.750,19.000,0.701347
10.000,19.000,0.710282
10.250,19.000,0.719106
10.500,19.000,0.727823
10.750,19.000,0.736436
11.000,19.000,0.744950
11.250,19.000,0.753368
11.500,19.000,0.761693
11.750,19.000,0.769927
12.000,19.000,0.778075
12.250,19.000,0.786138
12.500,19.000,0.794120
12.750,19.000,0.802021
13.000,19.000,0.809846
13.250,19.000,0.817596
13.500,19.000,0.825273
13.750,19.000,0.832880
14.000,19.000,0.840417
14.250,19.000,0.847888
14.500,19.000,0.855293
14.750,19.000,0.862635
15.000,19.000,0.869914
15.250,19.000,0.877134
15.500,19.000,0.884294
15.750,19.000,0.891397
16.000,19.000,0.898444
16.250,19.000,0.905436
16.500,19.000,0.912374
16.750,19.000,0.919260
17.000,19.000,0.926095
17.250,19.000,0.932879
17.500,19.000,0.939615
17.750,19.000,0.946303
18.000,19.000,0.952943
18.250,19.000,0.959538
18.500,19.000,0.966088
18.750,19.000,0.972594
19.000,19.000,0.979056
19.250,19.000,0.985476
19.500,19.000,0.991855
19.750,19.000,0.998193
20.000,19.000,1.004491
20.250,19.000,1.010749
20.500,19.000,1.016969
20.750,19.000,1.023151
21.000,19.000,1.029297
21.250,19.000,1.035405
21.500,19.000,1.041478
21.750,19.000,1.047516
22.000,19.000,1.053519
22.250,19.000,1.059488
22.500,19.000,1.065423
22.750,19.000,1.071326
23.000,19.000,1.077196
23.250,19.000,1.083035
23.500,19.000,1.088842
23.750,19.000,1.094618
24.000,19.000,1.100364
24.250,19.000,1.106081
24.500,19.000,1.111767
24.750,19.000,1.117425
25.000,19.000,1.123055
25.250,19.000,1.128656
25.500,19.000,1.134230
25.750,19.000,1.139776
26.000,19.000,1.145295
26.250,19.000,1.150789
26.500,19.000,1.156255
26.750,19.000,1.161697
27.000,19.000,1.167113
27.250,19.000,1.172503
27.500,19.000,1.177870
27.750,19.000,1.183211
28.000,19.000,1.188529
28.250,19.000,1.193823
28.500,19.000,1.199094
28.750,19.000,1.204342
29.000,19.000,1.209567
29.250,19.000,1.214769
29.500,19.000,1.219950
29.750,19.000,1.225108
30.000,19.000,1.230245
30.250,19.000,1.235360
30.500,19.000,1.240454
30.750,19.000,1.245528
31.000,19.000,1.250581
31.250,19.000,1.255613
31.500,19.000,1.260626
31.750,19.000,1.265618
32.000,19.000,1.270591
32.250,19.000,1.275545
32.500,19.000,1.280479
32.750,19.000,1.285395
33.000,19.000,1.290292
33.250,19.000,1.295170
33.500,19.000,1.300030
33.750,19.000,1.304872
34.000,19.000,1.309695
34.250,19.000,1.314502
34.500,19.000,1.319290
34.750,19.000,1.324062
35.000,19.000,1.328816
35.250,19.000,1.333553
35.500,19.000,1.338274
35.750,19.000,1.342978
36.000,19.000,1.347666
36.250,19.000,1.352337
36.500,19.000,1.356992
36.750,19.000,1.361631
37.000,19.000,1.366255
37.250,19.000,1.370863
37.500,19.000,1.375455
37.750,19.000,1.380033
38.000,19.000,1.384595
38.250,19.000,1.389142
38.500,19.000,1.393674
38.750,19.000,1.398192
39.000,19.000,1.402695
39.250,19.000,1.407183
39.500,19.000,1.411658
39.750,19.000,1.416118
40.000,19.000,1.420564
40.250,19.000,1.424997
40.500,19.000,1.429415
40.750,19.000,1.433820
41.000,19.000,1.438212
41.250,19.000,1.442590
41.500,19.000,1.446955
41.750,19.000,1.451306
42.000,19.000,1.455645
42.250,19.000,1.459971
42.500,19.000,1.464284
42.750,19.000,1.468584
43.000,19.000,1.472872
43.250,19.000,1.477148
43.500,19.000,1.481411
43.750,19.000,1.485662
44.000,19.000,1.489900
44.250,19.000,1.494127
44.500,19.000,1.498342
44.750,19.000,1.502545
45.000,19.000,1.506736
1.000,19.125,0.226259
1.250,19.125,0.252965
1.500,19.125,0.277109
1.750,19.125,0.299312
2.000,19.125,0.319978
2.250,19.125,0.339388
2.500,19.125,0.357747
2.750,19.125,0.375208
3.000,19.125,0.391892
3.250,19.125,0.407894
3.500,19.125,0.423291
3.750,19.125,0.438148
4.000,19.125,0.452518
4.250,19.125,0.466444
4.500,19.125,0.479967
4.750,19.125,0.493120
5.000,19.125,0.505930
5.250,19.125,0.518424
5.500,19.125,0.530624
5.750,19.125,0.542550
6.000,19.125,0.554219
6.250,19.125,0.565647
6.500,19.125,0.576849
6.750,19.125,0.587838
7.000,19.125,0.598624
7.250,19.125,0.609220
7.500,19.125,0.619635
7.750,19.125,0.629878
8.000,19.125,0.639956
8.250,19.125,0.649879
8.500,19.125,0.659652
8.750,19.125,0.669283
9.000,19.125,0.678776
9.250,19.125,0.688139
9.500,19.125,0.697376
9.750,19.125,0.706493
10.000,19.125,0.715493
10.250,19.125,0.724382
10.500,19.125,0.733162
10.750,19.125,0.741839
11.000,19.125,0.750416
11.250,19.125,0.758895
11.500,19.125,0.767281
11.750,19.125,0.775576
12.000,19.125,0.783783
12.250,19.125,0.791906
12.500,19.125,0.799946
12.750,19.125,0.807905
13.000,19.125,0.815788
13.250,19.125,0.823594
13.500,19.125,0.831328
13.750,19.125,0.838990
14.000,19.125,0.846583
14.250,19.125,0.854108
14.500,19.125,0.861568
14.750,19.125,0.868963
15.000,19.125,0.876297
15.250,19.125,0.883569
15.500,19.125,0.890782
15.750,19.125,0.897937
16.000,19.125,0.905035
16.250,19.125,0.912078
16.500,19.125,0.919068
16.750,19.125,0.926004
17.000,19.125,0.932889
17.250,19.125,0.939723
17.500,19.125,0.946508
17.750,19.125,0.953245
18.000,19.125,0.959935
18.250,19.125,0.966578
18.500,19.125,0.973176
18.750,19.125,0.979729
19.000,19.125,0.986239
19.250,19.125,0.992706
19.500,19.125,0.999132
19.750,19.125,1.005516
20.000,19.125,1.011860
20.250,19.125,1.018165
20.500,19.125,1.024430
20.750,19.125,1.030658
21.000,19.125,1.036848
21.250,19.125,1.043001
21.500,19.125,1.049119
21.750,19.125,1.055201
22.000,19.125,1.061248
22.250,19.125,1.067261
22.500,19.125,1.073240
22.750,19.125,1.079186
23.000,19.125,1.085099
23.250,19.125,1.090980
23.500,19.125,1.096830
23.750,19.125,1.102649
24.000,19.125,1.108437
24.250,19.125,1.114195
24.500,19.125,1.119924
24.750,19.125,1.125623
25.000,19.125,1.131294
25.250,19.125,1.136936
25.500,19.125,1.142551
25.750,19.125,1.148138
26.000,19.125,1.153698
26.250,19.125,1.159231
26.500,19.125,1.164738
26.750,19.125,1.170220
27.000,19.125,1.175675
27.250,19.125,1.181106
27.500,19.125,1.186511
27.750,19.125,1.191892
28.000,19.125,1.197249
28.250,19.125,1.202582
28.500,19.125,1.207891
28.750,19.125,1.213178
29.000,19.125,1.218441
29.250,19.125,1.223681
29.500,19.125,1.228900
29.750,19.125,1.234096
30.000,19.125,1.239270
30.250,19.125,1.244423
30.500,19.125,1.249555
30.750,19.125,1.254666
31.000,19.125,1.259756
31.250,19.125,1.264825
31.500,19.125,1.269874
31.750,19.125,1.274904
32.000,19.125,1.279913
32.250,19.125,1.284903
32.500,19.125,1.289874
32.750,19.125,1.294825
33.000,19.125,1.299758
33.250,19.125,1.304672
33.500,19.125,1.309567
33.750,19.125,1.314445
34.000,19.125,1.319304
34.250,19.125,1.324146
34.500,19.125,1.328969
34.750,19.125,1.333776
35.000,19.125,1.338565
35.250,19.125,1.343337
35.500,19.125,1.348092
35.750,19.125,1.352831
36.000,19.125,1.357553
36.250,19.125,1.362258
36.500,19.125,1.366948
36.750,19.125,1.371621
37.000,19.125,1.376278
37.250,19.125,1.380920
37.500,19.125,1.385546
37.750,19.125,1.390157
38.000,19.125,1.394753
38.250,19.125,1.399333
38.500,19.125,1.403899
38.750,19.125,1.408450
39.000,19.125,1.412986
39.250,19.125,1.417507
39.500,19.125,1.422014
39.750,19.125,1.426507
40.000,19.125,1.430986
40.250,19.125,1.435451
40.500,19.125,1.439902
40.750,19.125,1.444339
41.000,19.125,1.448763
41.250,19.125,1.453173
41.500,19.125,1.457570
41.750,19.125,1.461954
42.000,19.125,1.466325
42.250,19.125,1.470682
42.500,19.125,1.475027
42.750,19.125,1.479359
43.000,19.125,1.483678
43.250,19.125,1.487985
43.500,19.125,1.492279
43.750,19.125,1.496561
44.000,19.125,1.500831
44.250,19.125,1.505089
44.500,19.125,1.509334
44.750,19.125,1.513568
45.000,19.125,1.517790
1.000,19.250,0.227907
1.250,19.250,0.254807
1.500,19.250,0.279128
1.750,19.250,0.301492
2.000,19.250,0.322309
2.250,19.250,0.341860
2.500,19.250,0.360352
2.750,19.250,0.377940
3.000,19.250,0.394746
3.250,19.250,0.410865
3.500,19.250,0.426374
3.750,19.250,0.441339
4.000,19.250,0.455813
4.250,19.250,0.469842
4.500,19.250,0.483463
4.750,19.250,0.496711
5.000,19.250,0.509615
5.250,19.250,0.522200
5.500,19.250,0.534488
5.750,19.250,0.546501
6.000,19.250,0.558255
6.250,19.250,0.569767
6.500,19.250,0.581050
6.750,19.250,0.592119
7.000,19.250,0.602984
7.250,19.250,0.613657
7.500,19.250,0.624148
7.750,19.250,0.634465
8.000,19.250,0.644617
8.250,19.250,0.654612
8.500,19.250,0.664456
8.750,19.250,0.674157
9.000,19.250,0.683720
9.250,19.250,0.693151
9.500,19.250,0.702455
9.750,19.250,0.711638
10.000,19.250,0.720704
10.250,19.250,0.729657
10.500,19.250,0.738502
10.750,19.250,0.747242
11.000,19.250,0.755881
11.250,19.250,0.764422
11.500,19.250,0.772869
11.750,19.250,0.781225
12.000,19.250,0.789492
12.250,19.250,0.797673
12.500,19.250,0.805772
12.750,19.250,0.813790
13.000,19.250,0.821729
13.250,19.250,0.829593
13.500,19.250,0.837383
13.750,19.250,0.845100
14.000,19.250,0.852749
14.250,19.250,0.860329
14.500,19.250,0.867843
14.750,19.250,0.875292
15.000,19.250,0.882679
15.250,19.250,0.890004
15.500,19.250,0.897269
15.750,19.250,0.904476
16.000,19.250,0.911627
16.250,19.250,0.918721
16.500,19.250,0.925761
16.750,19.250,0.932748
17.000,19.250,0.939683
17.250,19.250,0.946567
17.500,19.250,0.953402
17.750,19.250,0.960188
18.000,19.250,0.966926
18.250,19.250,0.973618
18.500,19.250,0.980264
18.750,19.250,0.986865
19.000,19.250,0.993422
19.250,19.250,0.999936
19.500,19.250,1.006409
19.750,19.250,1.012839
20.000,19.250,1.019230
20.250,19.250,1.025580
20.500,19.250,1.031891
20.750,19.250,1.038164
21.000,19.250,1.044399
21.250,19.250,1.050598
21.500,19.250,1.056760
21.750,19.250,1.062886
22.000,19.250,1.068977
22.250,19.250,1.075034
22.500,19.250,1.081056
22.750,19.250,1.087045
23.000,19.250,1.093002
23.250,19.250,1.098926
23.500,19.250,1.104819
23.750,19.250,1.110680
24.000,19.250,1.116510
24.250,19.250,1.122310
24.500,19.250,1.128080
24.750,19.250,1.133821
25.000,19.250,1.139533
25.250,19.250,1.145217
25.500,19.250,1.150872
25.750,19.250,1.156500
26.000,19.250,1.162100
26.250,19.250,1.167674
26.500,19.250,1.173221
26.750,19.250,1.178742
27.000,19.250,1.184238
27.250,19.250,1.189708
27.500,19.250,1.195153
27.750,19.250,1.200573
28.000,19.250,1.205969
28.250,19.250,1.211340
28.500,19.250,1.216689
28.750,19.250,1.222013
29.000,19.250,1.227315
29.250,19.250,1.232594
29.500,19.250,1.237850
29.750,19.250,1.243084
30.000,19.250,1.248296
30.250,19.250,1.253487
30.500,19.250,1.258656
30.750,19.250,1.263804
31.000,19.250,1.268931
31.250,19.250,1.274037
31.500,19.250,1.279123
31.750,19.250,1.284189
32.000,19.250,1.289235
32.250,19.250,1.294261
32.500,19.250,1.299268
32.750,19.250,1.304255
33.000,19.250,1.309224
33.250,19.250,1.314174
33.500,19.250,1.319105
33.750,19.250,1.324018
34.000,19.250,1.328913
34.250,19.250,1.333790
34.500,19.250,1.338648
34.750,19.250,1.343490
35.000,19.250,1.348314
35.250,19.250,1.353121
35.500,19.250,1.357911
35.750,19.250,1.362684
36.000,19.250,1.367440
36.250,19.250,1.372180
36.500,19.250,1.376903
36.750,19.250,1.381611
37.000,19.250,1.386302
37.250,19.250,1.390978
37.500,19.250,1.395638
37.750,19.250,1.400282
38.000,19.250,1.404911
38.250,19.250,1.409525
38.500,19.250,1.414124
38.750,19.250,1.418707
39.000,19.250,1.423277
39.250,19.250,1.427831
39.500,19.250,1.432371
39.750,19.250,1.436897
40.000,19.250,1.441408
40.250,19.250,1.445906
40.500,19.250,1.450389
40.750,19.250,1.454859
41.000,19.250,1.459315
41.250,19.250,1.463757
41.500,19.250,1.468186
41.750,19.250,1.472602
42.000,19.250,1.477004
42.250,19.250,1.481393
42.500,19.250,1.485770
42.750,19.250,1.490133
43.000,19.250,1.494484
43.250,19.250,1.498822
43.500,19.250,1.503148
43.750,19.250,1.507461
44.000,19.250,1.511762
44.250,19.250,1.516050
44.500,19.250,1.520327
44.750,19.250,1.524592
45.000,19.250,1.528844
1.000,19.375,0.229555
1.250,19.375,0.256650
1.500,19.375,0.281146
1.750,19.375,0.303672
2.000,19.375,0.324639
2.250,19.375,0.344332
2.500,19.375,0.362958
2.750,19.375,0.380673
3.000,19.375,0.397600
3.250,19.375,0.413835
3.500,19.375,0.429457
3.750,19.375,0.444530
4.000,19.375,0.459109
4.250,19.375,0.473239
4.500,19.375,0.486959
4.750,19.375,0.500302
5.000,19.375,0.513300
5.250,19.375,0.525975
5.500,19.375,0.538353
5.750,19.375,0.550452
6.000,19.375,0.562291
6.250,19.375,0.573886
6.500,19.375,0.585251
6.750,19.375,0.596400
7.000,19.375,0.607344
7.250,19.375,0.618094
7.500,19.375,0.628661
7.750,19.375,0.639053
8.000,19.375,0.649278
8.250,19.375,0.659345
8.500,19.375,0.669261
8.750,19.375,0.679031
9.000,19.375,0.688664
9.250,19.375,0.698163
9.500,19.375,0.707535
9.750,19.375,0.716784
10.000,19.375,0.725915
10.250,19.375,0.734933
10.500,19.375,0.743842
10.750,19.375,0.752645
11.000,19.375,0.761346
11.250,19.375,0.769949
11.500,19.375,0.778457
11.750,19.375,0.786873
12.000,19.375,0.795200
12.250,19.375,0.803441
12.500,19.375,0.811598
12.750,19.375,0.819674
13.000,19.375,0.827671
13.250,19.375,0.835591
13.500,19.375,0.843437
13.750,19.375,0.851211
14.000,19.375,0.858914
14.250,19.375,0.866549
14.500,19.375,0.874118
14.750,19.375,0.881621
15.000,19.375,0.889061
15.250,19.375,0.896439
15.500,19.375,0.903757
15.750,19.375,0.911016
16.000,19.375,0.918218
16.250,19.375,0.925364
16.500,19.375,0.932455
16.750,19.375,0.939492
17.000,19.375,0.946478
17.250,19.375,0.953412
17.500,19.375,0.960295
17.750,19.375,0.967130
18.000,19.375,0.973917
18.250,19.375,0.980657
18.500,19.375,0.987351
18.750,19.375,0.994000
19.000,19.375,1.000605
19.250,19.375,1.007166
19.500,19.375,1.013685
19.750,19.375,1.020163
20.000,19.375,1.026599
20.250,19.375,1.032995
20.500,19.375,1.039352
20.750,19.375,1.045671
21.000,19.375,1.051951
21.250,19.375,1.058194
21.500,19.375,1.064401
21.750,19.375,1.070571
22.000,19.375,1.076706
22.250,19.375,1.082807
22.500,19.375,1.088873
22.750,19.375,1.094905
23.000,19.375,1.100905
23.250,19.375,1.106872
23.500,19.375,1.112807
23.750,19.375,1.118710
24.000,19.375,1.124583
24.250,19.375,1.130425
24.500,19.375,1.136237
24.750,19.375,1.142019
25.000,19.375,1.147773
25.250,19.375,1.153497
25.500,19.375,1.159194
25.750,19.375,1.164862
26.000,19.375,1.170503
26.250,19.375,1.176117
26.500,19.375,1.181704
26.750,19.375,1.187265
27.000,19.375,1.192800
27.250,19.375,1.198310
27.500,19.375,1.203794
27.750,19.375,1.209253
28.000,19.375,1.214688
28.250,19.375,1.220099
28.500,19.375,1.225486
28.750,19.375,1.230849
29.000,19.375,1.236189
29.250,19.375,1.241506
29.500,19.375,1.246800
29.750,19.375,1.252072
30.000,19.375,1.257322
30.250,19.375,1.262550
30.500,19.375,1.267756
30.750,19.375,1.272941
31.000,19.375,1.278105
31.250,19.375,1.283249
31.500,19.375,1.288372
31.750,19.375,1.293474
32.000,19.375,1.298556
32.250,19.375,1.303619
32.500,19.375,1.308662
32.750,19.375,1.313686
33.000,19.375,1.318690
33.250,19.375,1.323676
33.500,19.375,1.328643
33.750,19.375,1.333591
34.000,19.375,1.338521
34.250,19.375,1.343433
34.500,19.375,1.348328
34.750,19.375,1.353204
35.000,19.375,1.358063
35.250,19.375,1.362904
35.500,19.375,1.367729
35.750,19.375,1.372536
36.000,19.375,1.377327
36.250,19.375,1.382101
36.500,19.375,1.386859
36.750,19.375,1.391600
37.000,19.375,1.396326
37.250,19.375,1.401035
37.500,19.375,1.405729
37.750,19.375,1.410407
38.000,19.375,1.415069
38.250,19.375,1.419716
38.500,19.375,1.424348
38.750,19.375,1.428965
39.000,19.375,1.433568
39.250,19.375,1.438155
39.500,19.375,1.442728
39.750,19.375,1.447286
40.000,19.375,1.451830
40.250,19.375,1.456360
40.500,19.375,1.460876
40.750,19.375,1.465378
41.000,19.375,1.469866
41.250,19.375,1.474341
41.500,19.375,1.478802
41.750,19.375,1.483249
42.000,19.375,1.487683
42.250,19.375,1.492104
42.500,19.375,1.496512
42.750,19.375,1.500907
43.000,19.375,1.505290
43.250,19.375,1.509659
43.500,19.375,1.514016
43.750,19.375,1.518360
44.000,19.375,1.522692
44.250,19.375,1.527012
44.500,19.375,1.531320
44.750,19.375,1.535615
45.000,19.375,1.539899
1.000,19.500,0.231202
1.250,19.500,0.258492
1.500,19.500,0.283164
1.750,19.500,0.305852
2.000,19.500,0.326970
2.250,19.500,0.346804
2.500,19.500,0.365563
2.750,19.500,0.383406
3.000,19.500,0.400454
3.250,19.500,0.416806
3.500,19.500,0.432540
3.750,19.500,0.447722
4.000,19.500,0.462405
4.250,19.500,0.476636
4.500,19.500,0.490454
4.750,19.500,0.503894
5.000,19.500,0.516984
5.250,19.500,0.529751
5.500,19.500,0.542218
5.750,19.500,0.554404
6.000,19.500,0.566328
6.250,19.500,0.578006
6.500,19.500,0.589453
6.750,19.500,0.600681
7.000,19.500,0.611704
7.250,19.500,0.622531
7.500,19.500,0.633174
7.750,19.500,0.643640
8.000,19.500,0.653939
8.250,19.500,0.664078
8.500,19.500,0.674065
8.750,19.500,0.683906
9.000,19.500,0.693607
9.250,19.500,0.703175
9.500,19.500,0.712614
9.750,19.500,0.721929
10.000,19.500,0.731126
10.250,19.500,0.740209
10.500,19.500,0.749181
10.750,19.500,0.758048
11.000,19.500,0.766812
11.250,19.500,0.775476
11.500,19.500,0.784045
11.750,19.500,0.792522
12.000,19.500,0.800909
12.250,19.500,0.809208
12.500,19.500,0.817424
12.750,19.500,0.825558
13.000,19.500,0.833612
13.250,19.500,0.841589
13.500,19.500,0.849492
13.750,19.500,0.857321
14.000,19.500,0.865080
14.250,19.500,0.872770
14.500,19.500,0.880392
14.750,19.500,0.887950
15.000,19.500,0.895443
15.250,19.500,0.902874
15.500,19.500,0.910245
15.750,19.500,0.917556
16.000,19.500,0.924810
16.250,19.500,0.932007
16.500,19.500,0.939149
16.750,19.500,0.946237
17.000,19.500,0.953272
17.250,19.500,0.960256
17.500,19.500,0.967189
17.750,19.500,0.974073
18.000,19.500,0.980909
18.250,19.500,0.987697
18.500,19.500,0.994439
18.750,19.500,1.001136
19.000,19.500,1.007788
19.250,19.500,1.014396
19.500,19.500,1.020962
19.750,19.500,1.027486
20.000,19.500,1.033969
20.250,19.500,1.040411
20.500,19.500,1.046813
20.750,19.500,1.053177
21.000,19.500,1.059502
21.250,19.500,1.065790
21.500,19.500,1.072041
21.750,19.500,1.078256
22.000,19.500,1.084435
22.250,19.500,1.090579
22.500,19.500,1.096689
22.750,19.500,1.102765
23.000,19.500,1.108808
23.250,19.500,1.114818
23.500,19.500,1.120795
23.750,19.500,1.126741
24.000,19.500,1.132656
24.250,19.500,1.138540
24.500,19.500,1.144393
24.750,19.500,1.150217
25.000,19.500,1.156012
25.250,19.500,1.161778
25.500,19.500,1.167515
25.750,19.500,1.173224
26.000,19.500,1.178905
26.250,19.500,1.184560
26.500,19.500,1.190187
26.750,19.500,1.195788
27.000,19.500,1.201363
27.250,19.500,1.206912
27.500,19.500,1.212436
27.750,19.500,1.217934
28.000,19.500,1.223408
28.250,19.500,1.228858
28.500,19.500,1.234283
28.750,19.500,1.239685
29.000,19.500,1.245063
29.250,19.500,1.250418
29.500,19.500,1.255750
29.750,19.500,1.261060
30.000,19.500,1.266348
30.250,19.500,1.271613
30.500,19.500,1.276857
30.750,19.500,1.282079
31.000,19.500,1.287280
31.250,19.500,1.292461
31.500,19.500,1.297620
31.750,19.500,1.302759
32.000,19.500,1.307878
32.250,19.500,1.312977
32.500,19.500,1.318056
32.750,19.500,1.323116
33.000,19.500,1.328157
33.250,19.500,1.333178
33.500,19.500,1.338181
33.750,19.500,1.343165
34.000,19.500,1.348130
34.250,19.500,1.353077
34.500,19.500,1.358007
34.750,19.500,1.362918
35.000,19.500,1.367812
35.250,19.500,1.372688
35.500,19.500,1.377547
35.750,19.500,1.382389
36.000,19.500,1.387214
36.250,19.500,1.392023
36.500,19.500,1.396815
36.750,19.500,1.401590
37.000,19.500,1.406349
37.250,19.500,1.411092
37.500,19.500,1.415820
37.750,19.500,1.420531
38.000,19.500,1.425227
38.250,19.500,1.429908
38.500,19.500,1.434573
38.750,19.500,1.439223
39.000,19.500,1.443858
39.250,19.500,1.448479
39.500,19.500,1.453084
39.750,19.500,1.457676
40.000,19.500,1.462252
40.250,19.500,1.466815
40.500,19.500,1.471363
40.750,19.500,1.475897
41.000,19.500,1.480418
41.250,19.500,1.484924
41.500,19.500,1.489417
41.750,19.500,1.493897
42.000,19.500,1.498363
42.250,19.500,1.502816
42.500,19.500,1.507255
42.750,19.500,1.511682
43.000,19.500,1.516095
43.250,19.500,1.520496
43.500,19.500,1.524884
43.750,19.500,1.529260
44.000,19.500,1.533623
44.250,19.500,1.537974
44.500,19.500,1.542312
44.750,19.500,1.546639
45.000,19.500,1.550953
1.000,19.625,0.232850
1.250,19.625,0.260335
1.500,19.625,0.285182
1.750,19.625,0.308032
2.000,19.625,0.329300
2.250,19.625,0.349275
2.500,19.625,0.368169
2.750,19.625,0.386138
3.000,19.625,0.403308
3.250,19.625,0.419777
3.500,19.625,0.435623
3.750,19.625,0.450913
4.000,19.625,0.465701
4.250,19.625,0.480033
4.500,19.625,0.493950
4.750,19.625,0.507485
5.000,19.625,0.520669
5.250,19.625,0.533527
5.500,19.625,0.546082
5.750,19.625,0.558355
6.000,19.625,0.570364
6.250,19.625,0.582126
6.500,19.625,0.593654
6.750,19.625,0.604963
7.000,19.625,0.616064
7.250,19.625,0.626969
7.500,19.625,0.637687
7.750,19.625,0.648228
8.000,19.625,0.658600
8.250,19.625,0.668811
8.500,19.625,0.678869
8.750,19.625,0.688780
9.000,19.625,0.698551
9.250,19.625,0.708186
9.500,19.625,0.717693
9.750,19.625,0.727075
10.000,19.625,0.736337
10.250,19.625,0.745485
10.500,19.625,0.754521
10.750,19.625,0.763451
11.000,19.625,0.772277
11.250,19.625,0.781004
11.500,19.625,0.789634
11.750,19.625,0.798170
12.000,19.625,0.806617
12.250,19.625,0.814976
12.500,19.625,0.823250
12.750,19.625,0.831442
13.000,19.625,0.839554
13.250,19.625,0.847588
13.500,19.625,0.855546
13.750,19.625,0.863432
14.000,19.625,0.871246
14.250,19.625,0.878990
14.500,19.625,0.886667
14.750,19.625,0.894278
15.000,19.625,0.901825
15.250,19.625,0.909309
15.500,19.625,0.916732
15.750,19.625,0.924096
16.000,19.625,0.931401
16.250,19.625,0.938649
16.500,19.625,0.945842
16.750,19.625,0.952981
17.000,19.625,0.960066
17.250,19.625,0.967100
17.500,19.625,0.974083
17.750,19.625,0.981016
18.000,19.625,0.987900
18.250,19.625,0.994737
18.500,19.625,1.001527
18.750,19.625,1.008271
19.000,19.625,1.014971
19.250,19.625,1.021626
19.500,19.625,1.028239
19.750,19.625,1.034809
20.000,19.625,1.041338
20.250,19.625,1.047826
20.500,19.625,1.054274
20.750,19.625,1.060683
21.000,19.625,1.067054
21.250,19.625,1.073387
21.500,19.625,1.079682
21.750,19.625,1.085941
22.000,19.625,1.092165
22.250,19.625,1.098352
22.500,19.625,1.104506
22.750,19.625,1.110625
23.000,19.625,1.116711
23.250,19.625,1.122763
23.500,19.625,1.128784
23.750,19.625,1.134772
24.000,19.625,1.140729
24.250,19.625,1.146655
24.500,19.625,1.152550
24.750,19.625,1.158415
25.000,19.625,1.164251
25.250,19.625,1.170058
25.500,19.625,1.175836
25.750,19.625,1.181586
26.000,19.625,1.187308
26.250,19.625,1.193003
26.500,19.625,1.198670
26.750,19.625,1.204311
27.000,19.625,1.209925
27.250,19.625,1.215514
27.500,19.625,1.221077
27.750,19.625,1.226615
28.000,19.625,1.232128
28.250,19.625,1.237616
28.500,19.625,1.243080
28.750,19.625,1.248520
29.000,19.625,1.253937
29.250,19.625,1.259330
29.500,19.625,1.264701
29.750,19.625,1.270048
30.000,19.625,1.275373
30.250,19.625,1.280676
30.500,19.625,1.285958
30.750,19.625,1.291217
31.000,19.625,1.296455
31.250,19.625,1.301673
31.500,19.625,1.306869
31.750,19.625,1.312045
32.000,19.625,1.317200
32.250,19.625,1.322335
32.500,19.625,1.327451
32.750,19.625,1.332547
33.000,19.625,1.337623
33.250,19.625,1.342680
33.500,19.625,1.347718
33.750,19.625,1.352738
34.000,19.625,1.357739
34.250,19.625,1.362721
34.500,19.625,1.367686
34.750,19.625,1.372632
35.000,19.625,1.377561
35.250,19.625,1.382472
35.500,19.625,1.387366
35.750,19.625,1.392242
36.000,19.625,1.397102
36.250,19.625,1.401944
36.500,19.625,1.406770
36.750,19.625,1.411580
37.000,19.625,1.416373
37.250,19.625,1.421150
37.500,19.625,1.425911
37.750,19.625,1.430656
38.000,19.625,1.435385
38.250,19.625,1.440099
38.500,19.625,1.444798
38.750,19.625,1.449481
39.000,19.625,1.454149
39.250,19.625,1.458803
39.500,19.625,1.463441
39.750,19.625,1.468065
40.000,19.625,1.472674
40.250,19.625,1.477269
40.500,19.625,1.481850
40.750,19.625,1.486417
41.000,19.625,1.490969
41.250,19.625,1.495508
41.500,19.625,1.500033
41.750,19.625,1.504544
42.000,19.625,1.509042
42.250,19.625,1.513527
42.500,19.625,1.517998
42.750,19.625,1.522456
43.000,19.625,1.526901
43.250,19.625,1.531333
43.500,19.625,1.535753
43.750,19.625,1.540160
44.000,19.625,1.544554
44.250,19.625,1.548936
44.500,19.625,1.553305
44.750,19.625,1.557662
45.000,19.625,1.562007
1.000,19.750,0.234498
1.250,19.750,0.262177
1.500,19.750,0.287200
1.750,19.750,0.310212
2.000,19.750,0.331630
2.250,19.750,0.351747
2.500,19.750,0.370774
2.750,19.750,0.388871
3.000,19.750,0.406163
3.250,19.750,0.422748
3.500,19.750,0.438706
3.750,19.750,0.454104
4.000,19.750,0.468996
4.250,19.750,0.483430
4.500,19.750,0.497446
4.750,19.750,0.511077
5.000,19.750,0.524354
5.250,19.750,0.537303
5.500,19.750,0.549947
5.750,19.750,0.562307
6.000,19.750,0.574401
6.250,19.750,0.586245
6.500,19.750,0.597855
6.750,19.750,0.609244
7.000,19.750,0.620424
7.250,19.750,0.631406
7.500,19.750,0.642200
7.750,19.750,0.652815
8.000,19.750,0.663261
8.250,19.750,0.673545
8.500,19.750,0.683674
8.750,19.750,0.693655
9.000,19.750,0.703494
9.250,19.750,0.713198
9.500,19.750,0.722772
9.750,19.750,0.732220
10.000,19.750,0.741548
10.250,19.750,0.750760
10.500,19.750,0.759861
10.750,19.750,0.768854
11.000,19.750,0.777742
11.250,19.750,0.786531
11.500,19.750,0.795222
11.750,19.750,0.803819
12.000,19.750,0.812325
12.250,19.750,0.820743
12.500,19.750,0.829076
12.750,19.750,0.837326
13.000,19.750,0.845495
13.250,19.750,0.853586
13.500,19.750,0.861601
13.750,19.750,0.869542
14.000,19.750,0.877412
14.250,19.750,0.885211
14.500,19.750,0.892942
14.750,19.750,0.900607
15.000,19.750,0.908207
15.250,19.750,0.915744
15.500,19.750,0.923220
15.750,19.750,0.930636
16.000,19.750,0.937992
16.250,19.750,0.945292
16.500,19.750,0.952536
16.750,19.750,0.959725
17.000,19.750,0.966861
17.250,19.750,0.973944
17.500,19.750,0.980976
17.750,19.750,0.987958
18.000,19.750,0.994891
18.250,19.750,1.001776
18.500,19.750,1.008615
18.750,19.750,1.015407
19.000,19.750,1.022154
19.250,19.750,1.028856
19.500,19.750,1.035516
19.750,19.750,1.042132
20.000,19.750,1.048707
20.250,19.750,1.055242
20.500,19.750,1.061735
20.750,19.750,1.068190
21.000,19.750,1.074605
21.250,19.750,1.080983
21.500,19.750,1.087323
21.750,19.750,1.093626
22.000,19.750,1.099894
22.250,19.750,1.106125
22.500,19.750,1.112322
22.750,19.750,1.118485
23.000,19.750,1.124614
23.250,19.750,1.130709
23.500,19.750,1.136772
23.750,19.750,1.142802
24.000,19.750,1.148802
24.250,19.750,1.154769
24.500,19.750,1.160707
24.750,19.750,1.166613
25.000,19.750,1.172491
25.250,19.750,1.178338
25.500,19.750,1.184157
25.750,19.750,1.189948
26.000,19.750,1.195711
26.250,19.750,1.201445
26.500,19.750,1.207153
26.750,19.750,1.212834
27.000,19.750,1.218488
27.250,19.750,1.224116
27.500,19.750,1.229719
27.750,19.750,1.235296
28.000,19.750,1.240847
28.250,19.750,1.246375
28.500,19.750,1.251877
28.750,19.750,1.257356
29.000,19.750,1.262811
29.250,19.750,1.268243
29.500,19.750,1.273651
29.750,19.750,1.279036
30.000,19.750,1.284399
30.250,19.750,1.289740
30.500,19.750,1.295058
30.750,19.750,1.300355
31.000,19.750,1.305630
31.250,19.750,1.310884
31.500,19.750,1.316117
31.750,19.750,1.321330
32.000,19.750,1.326522
32.250,19.750,1.331693
32.500,19.750,1.336845
32.750,19.750,1.341977
33.000,19.750,1.347089
33.250,19.750,1.352182
33.500,19.750,1.357256
33.750,19.750,1.362311
34.000,19.750,1.367347
34.250,19.750,1.372365
34.500,19.750,1.377365
34.750,19.750,1.382346
35.000,19.750,1.387310
35.250,19.750,1.392255
35.500,19.750,1.397184
35.750,19.750,1.402095
36.000,19.750,1.406989
36.250,19.750,1.411866
36.500,19.750,1.416726
36.750,19.750,1.421569
37.000,19.750,1.426396
37.250,19.750,1.431207
37.500,19.750,1.436002
37.750,19.750,1.440781
38.000,19.750,1.445544
38.250,19.750,1.450291
38.500,19.750,1.455023
38.750,19.750,1.459739
39.000,19.750,1.464440
39.250,19.750,1.469127
39.500,19.750,1.473798
39.750,19.750,1.478454
40.000,19.750,1.483096
40.250,19.750,1.487724
40.500,19.750,1.492337
40.750,19.750,1.496936
41.000,19.750,1.501521
41.250,19.750,1.506091
41.500,19.750,1.510648
41.750,19.750,1.515192
42.000,19.750,1.519722
42.250,19.750,1.524238
42.500,19.750,1.528741
42.750,19.750,1.533230
43.000,19.750,1.537707
43.250,19.750,1.542171
43.500,19.750,1.546621
43.750,19.750,1.551059
44.000,19.750,1.555485
44.250,19.750,1.559897
44.500,19.750,1.564298
44.750,19.750,1.568686
45.000,19.750,1.573061
1.000,19.875,0.236146
1.250,19.875,0.264019
1.500,19.875,0.289219
1.750,19.875,0.312392
2.000,19.875,0.333961
2.250,19.875,0.354219
2.500,19.875,0.373380
2.750,19.875,0.391604
3.000,19.875,0.409017
3.250,19.875,0.425718
3.500,19.875,0.441789
3.750,19.875,0.457295
4.000,19.875,0.472292
4.250,19.875,0.486827
4.500,19.875,0.500941
4.750,19.875,0.514668
5.000,19.875,0.528038
5.250,19.875,0.541078
5.500,19.875,0.553811
5.750,19.875,0.566258
6.000,19.875,0.578437
6.250,19.875,0.590365
6.500,19.875,0.602057
6.750,19.875,0.613525
7.000,19.875,0.624784
7.250,19.875,0.635843
7.500,19.875,0.646712
7.750,19.875,0.657403
8.000,19.875,0.667922
8.250,19.875,0.678278
8.500,19.875,0.688478
8.750,19.875,0.698529
9.000,19.875,0.708438
9.250,19.875,0.718210
9.500,19.875,0.727851
9.750,19.875,0.737366
10.000,19.875,0.746759
10.250,19.875,0.756036
10.500,19.875,0.765200
10.750,19.875,0.774256
11.000,19.875,0.783208
11.250,19.875,0.792058
11.500,19.875,0.800810
11.750,19.875,0.809468
12.000,19.875,0.818034
12.250,19.875,0.826511
12.500,19.875,0.834902
12.750,19.875,0.843210
13.000,19.875,0.851436
13.250,19.875,0.859584
13.500,19.875,0.867656
13.750,19.875,0.875653
14.000,19.875,0.883577
14.250,19.875,0.891432
14.500,19.875,0.899217
14.750,19.875,0.906936
15.000,19.875,0.914589
15.250,19.875,0.922180
15.500,19.875,0.929708
15.750,19.875,0.937175
16.000,19.875,0.944584
16.250,19.875,0.951935
16.500,19.875,0.959230
16.750,19.875,0.966469
17.000,19.875,0.973655
17.250,19.875,0.980788
17.500,19.875,0.987870
17.750,19.875,0.994901
18.000,19.875,1.001883
18.250,19.875,1.008816
18.500,19.875,1.015702
18.750,19.875,1.022542
19.000,19.875,1.029337
19.250,19.875,1.036086
19.500,19.875,1.042792
19.750,19.875,1.049456
20.000,19.875,1.056077
20.250,19.875,1.062657
20.500,19.875,1.069196
20.750,19.875,1.075696
21.000,19.875,1.082157
21.250,19.875,1.088579
21.500,19.875,1.094964
21.750,19.875,1.101312
22.000,19.875,1.107623
22.250,19.875,1.113898
22.500,19.875,1.120139
22.750,19.875,1.126345
23.000,19.875,1.132516
23.250,19.875,1.138655
23.500,19.875,1.144760
23.750,19.875,1.150833
24.000,19.875,1.156874
24.250,19.875,1.162884
24.500,19.875,1.168863
24.750,19.875,1.174811
25.000,19.875,1.180730
25.250,19.875,1.186619
25.500,19.875,1.192479
25.750,19.875,1.198310
26.000,19.875,1.204113
26.250,19.875,1.209888
26.500,19.875,1.215636
26.750,19.875,1.221357
27.000,19.875,1.227051
27.250,19.875,1.232718
27.500,19.875,1.238360
27.750,19.875,1.243976
28.000,19.875,1.249567
28.250,19.875,1.255133
28.500,19.875,1.260675
28.750,19.875,1.266192
29.000,19.875,1.271685
29.250,19.875,1.277155
29.500,19.875,1.282601
29.750,19.875,1.288024
30.000,19.875,1.293425
30.250,19.875,1.298803
30.500,19.875,1.304159
30.750,19.875,1.309493
31.000,19.875,1.314805
31.250,19.875,1.320096
31.500,19.875,1.325366
31.750,19.875,1.330615
32.000,19.875,1.335843
32.250,19.875,1.341051
32.500,19.875,1.346239
32.750,19.875,1.351407
33.000,19.875,1.356555
33.250,19.875,1.361684
33.500,19.875,1.366794
33.750,19.875,1.371884
34.000,19.875,1.376956
34.250,19.875,1.382009
34.500,19.875,1.387044
34.750,19.875,1.392060
35.000,19.875,1.397059
35.250,19.875,1.402039
35.500,19.875,1.407002
35.750,19.875,1.411948
36.000,19.875,1.416876
36.250,19.875,1.421787
36.500,19.875,1.426681
36.750,19.875,1.431559
37.000,19.875,1.436420
37.250,19.875,1.441265
37.500,19.875,1.446093
37.750,19.875,1.450905
38.000,19.875,1.455702
38.250,19.875,1.460482
38.500,19.875,1.465247
38.750,19.875,1.469997
39.000,19.875,1.474731
39.250,19.875,1.479450
39.500,19.875,1.484155
39.750,19.875,1.488844
40.000,19.875,1.493518
40.250,19.875,1.498178
40.500,19.875,1.502824
40.750,19.875,1.507455
41.000,19.875,1.512072
41.250,19.875,1.516675
41.500,19.875,1.521264
41.750,19.875,1.525839
42.000,19.875,1.530401
42.250,19.875,1.534949
42.500,19.875,1.539484
42.750,19.875,1.544005
43.000,19.875,1.548513
43.250,19.875,1.553008
43.500,19.875,1.557490
43.750,19.875,1.561959
44.000,19.875,1.566415
44.250,19.875,1.570859
44.500,19.875,1.575290
44.750,19.875,1.579709
45.000,19.875,1.584115
1.000,20.000,0.237794
1.250,20.000,0.265862
1.500,20.000,0.291237
1.750,20.000,0.314572
2.000,20.000,0.336291
2.250,20.000,0.356691
2.500,20.000,0.375985
2.750,20.000,0.394337
3.000,20.000,0.411871
3.250,20.000,0.428689
3.500,20.000,0.444872
3.750,20.000,0.460486
4.000,20.000,0.475588
4.250,20.000,0.490225
4.500,20.000,0.504437
4.750,20.000,0.518260
5.000,20.000,0.531723
5.250,20.000,0.544854
5.500,20.000,0.557676
5.750,20.000,0.570210
6.000,20.000,0.582474
6.250,20.000,0.594485
6.500,20.000,0.606258
6.750,20.000,0.617807
7.000,20.000,0.629143
7.250,20.000,0.640280
7.500,20.000,0.651225
7.750,20.000,0.661990
8.000,20.000,0.672583
8.250,20.000,0.683011
8.500,20.000,0.693282
8.750,20.000,0.703404
9.000,20.000,0.713382
9.250,20.000,0.723222
9.500,20.000,0.732930
9.750,20.000,0.742511
10.000,20.000,0.751970
10.250,20.000,0.761312
10.500,20.000,0.770540
10.750,20.000,0.779659
11.000,20.000,0.788673
11.250,20.000,0.797585
11.500,20.000,0.806398
11.750,20.000,0.815116
12.000,20.000,0.823742
12.250,20.000,0.832279
12.500,20.000,0.840728
12.750,20.000,0.849094
13.000,20.000,0.857378
13.250,20.000,0.865583
13.500,20.000,0.873710
13.750,20.000,0.881763
14.000,20.000,0.889743
14.250,20.000,0.897652
14.500,20.000,0.905492
14.750,20.000,0.913265
15.000,20.000,0.920972
15.250,20.000,0.928615
15.500,20.000,0.936195
15.750,20.000,0.943715
16.000,20.000,0.951175
16.250,20.000,0.958578
16.500,20.000,0.965923
16.750,20.000,0.973213
17.000,20.000,0.980449
17.250,20.000,0.987632
17.500,20.000,0.994763
17.750,20.000,1.001843
18.000,20.000,1.008874
18.250,20.000,1.015856
18.500,20.000,1.022790
18.750,20.000,1.029678
19.000,20.000,1.036519
19.250,20.000,1.043316
19.500,20.000,1.050069
19.750,20.000,1.056779
20.000,20.000,1.063446
20.250,20.000,1.070072
20.500,20.000,1.076657
20.750,20.000,1.083203
21.000,20.000,1.089708
21.250,20.000,1.096176
21.500,20.000,1.102605
21.750,20.000,1.108997
22.000,20.000,1.115352
22.250,20.000,1.121671
22.500,20.000,1.127955
22.750,20.000,1.134204
23.000,20.000,1.140419
23.250,20.000,1.146600
23.500,20.000,1.152749
23.750,20.000,1.158864
24.000,20.000,1.164947
24.250,20.000,1.170999
24.500,20.000,1.177020
24.750,20.000,1.183010
25.000,20.000,1.188969
25.250,20.000,1.194899
25.500,20.000,1.200800
25.750,20.000,1.206672
26.000,20.000,1.212516
26.250,20.000,1.218331
26.500,20.000,1.224119
26.750,20.000,1.229879
27.000,20.000,1.235613
27.250,20.000,1.241320
27.500,20.000,1.247002
27.750,20.000,1.252657
28.000,20.000,1.258287
28.250,20.000,1.263892
28.500,20.000,1.269472
28.750,20.000,1.275028
29.000,20.000,1.280559
29.250,20.000,1.286067
29.500,20.000,1.291551
29.750,20.000,1.297012
30.000,20.000,1.302451
30.250,20.000,1.307866
30.500,20.000,1.313260
30.750,20.000,1.318631
31.000,20.000,1.323980
31.250,20.000,1.329308
31.500,20.000,1.334615
31.750,20.000,1.339900
32.000,20.000,1.345165
32.250,20.000,1.350410
32.500,20.000,1.355634
32.750,20.000,1.360838
33.000,20.000,1.366022
33.250,20.000,1.371186
33.500,20.000,1.376331
33.750,20.000,1.381457
34.000,20.000,1.386565
34.250,20.000,1.391653
34.500,20.000,1.396723
34.750,20.000,1.401774
35.000,20.000,1.406807
35.250,20.000,1.411823
35.500,20.000,1.416820
35.750,20.000,1.421800
36.000,20.000,1.426763
36.250,20.000,1.431709
36.500,20.000,1.436637
36.750,20.000,1.441549
37.000,20.000,1.446444
37.250,20.000,1.451322
37.500,20.000,1.456184
37.750,20.000,1.461030
38.000,20.000,1.465860
38.250,20.000,1.470674
38.500,20.000,1.475472
38.750,20.000,1.480255
39.000,20.000,1.485022
39.250,20.000,1.489774
39.500,20.000,1.494511
39.750,20.000,1.499233
40.000,20.000,1.503940
40.250,20.000,1.508633
40.500,20.000,1.513311
40.750,20.000,1.517974
41.000,20.000,1.522624
41.250,20.000,1.527259
41.500,20.000,1.531880
41.750,20.000,1.536487
42.000,20.000,1.541080
42.250,20.000,1.545660
42.500,20.000,1.550226
42.750,20.000,1.554779
43.000,20.000,1.559319
43.250,20.000,1.563845
43.500,20.000,1.568358
43.750,20.000,1.572859
44.000,20.000,1.577346
44.250,20.000,1.581821
44.500,20.000,1.586283
44.750,20.000,1.590733
45.000,20.000,1.595170
1.000,20.125,0.239442
1.250,20.125,0.267704
1.500,20.125,0.293255
1.750,20.125,0.316752
2.000,20.125,0.338622
2.250,20.125,0.359163
2.500,20.125,0.378591
2.750,20.125,0.397069
3.000,20.125,0.414725
3.250,20.125,0.431660
3.500,20.125,0.447954
3.750,20.125,0.463677
4.000,20.125,0.478883
4.250,20.125,0.493622
4.500,20.125,0.507933
4.750,20.125,0.521851
5.000,20.125,0.535408
5.250,20.125,0.548630
5.500,20.125,0.561541
5.750,20.125,0.574161
6.000,20.125,0.586510
6.250,20.125,0.598604
6.500,20.125,0.610459
6.750,20.125,0.622088
7.000,20.125,0.633503
7.250,20.125,0.644717
7.500,20.125,0.655738
7.750,20.125,0.666578
8.000,20.125,0.677243
8.250,20.125,0.687744
8.500,20.125,0.698087
8.750,20.125,0.708278
9.000,20.125,0.718325
9.250,20.125,0.728234
9.500,20.125,0.738009
9.750,20.125,0.747657
10.000,20.125,0.757181
10.250,20.125,0.766588
10.500,20.125,0.775880
10.750,20.125,0.785062
11.000,20.125,0.794138
11.250,20.125,0.803112
11.500,20.125,0.811986
11.750,20.125,0.820765
12.000,20.125,0.829450
12.250,20.125,0.838046
12.500,20.125,0.846554
12.750,20.125,0.854978
13.000,20.125,0.863319
13.250,20.125,0.871581
13.500,20.125,0.879765
13.750,20.125,0.887874
14.000,20.125,0.895909
14.250,20.125,0.903873
14.500,20.125,0.911767
14.750,20.125,0.919593
15.000,20.125,0.927354
15.250,20.125,0.935050
15.500,20.125,0.942683
15.750,20.125,0.950255
16.000,20.125,0.957767
16.250,20.125,0.965220
16.500,20.125,0.972617
16.750,20.125,0.979958
17.000,20.125,0.987244
17.250,20.125,0.994476
17.500,20.125,1.001657
17.750,20.125,1.008786
18.000,20.125,1.015865
18.250,20.125,1.022896
18.500,20.125,1.029878
18.750,20.125,1.036813
19.000,20.125,1.043702
19.250,20.125,1.050546
19.500,20.125,1.057346
19.750,20.125,1.064102
20.000,20.125,1.070816
20.250,20.125,1.077488
20.500,20.125,1.084119
20.750,20.125,1.090709
21.000,20.125,1.097260
21.250,20.125,1.103772
21.500,20.125,1.110246
21.750,20.125,1.116682
22.000,20.125,1.123081
22.250,20.125,1.129444
22.500,20.125,1.135772
22.750,20.125,1.142064
23.000,20.125,1.148322
23.250,20.125,1.154546
23.500,20.125,1.160737
23.750,20.125,1.166895
24.000,20.125,1.173020
24.250,20.125,1.179114
24.500,20.125,1.185176
24.750,20.125,1.191208
25.000,20.125,1.197209
25.250,20.125,1.203180
25.500,20.125,1.209121
25.750,20.125,1.215034
26.000,20.125,1.220918
26.250,20.125,1.226774
26.500,20.125,1.232602
26.750,20.125,1.238402
27.000,20.125,1.244176
27.250,20.125,1.249923
27.500,20.125,1.255643
27.750,20.125,1.261338
28.000,20.125,1.267007
28.250,20.125,1.272650
28.500,20.125,1.278269
28.750,20.125,1.283863
29.000,20.125,1.289433
29.250,20.125,1.294979
29.500,20.125,1.300501
29.750,20.125,1.306000
30.000,20.125,1.311476
30.250,20.125,1.316929
30.500,20.125,1.322360
30.750,20.125,1.327769
31.000,20.125,1.333155
31.250,20.125,1.338520
31.500,20.125,1.343863
31.750,20.125,1.349186
32.000,20.125,1.354487
32.250,20.125,1.359768
32.500,20.125,1.365028
32.750,20.125,1.370268
33.000,20.125,1.375488
33.250,20.125,1.380688
33.500,20.125,1.385869
33.750,20.125,1.391031
34.000,20.125,1.396173
34.250,20.125,1.401297
34.500,20.125,1.406402
34.750,20.125,1.411488
35.000,20.125,1.416556
35.250,20.125,1.421606
35.500,20.125,1.426639
35.750,20.125,1.431653
36.000,20.125,1.436650
36.250,20.125,1.441630
36.500,20.125,1.446593
36.750,20.125,1.451538
37.000,20.125,1.456467
37.250,20.125,1.461379
37.500,20.125,1.466275
37.750,20.125,1.471155
38.000,20.125,1.476018
38.250,20.125,1.480865
38.500,20.125,1.485697
38.750,20.125,1.490513
39.000,20.125,1.495313
39.250,20.125,1.500098
39.500,20.125,1.504868
39.750,20.125,1.509623
40.000,20.125,1.514362
40.250,20.125,1.519087
40.500,20.125,1.523798
40.750,20.125,1.528494
41.000,20.125,1.533175
41.250,20.125,1.537842
41.500,20.125,1.542495
41.750,20.125,1.547135
42.000,20.125,1.551760
42.250,20.125,1.556371
42.500,20.125,1.560969
42.750,20.125,1.565553
43.000,20.125,1.570124
43.250,20.125,1.574682
43.500,20.125,1.579227
43.750,20.125,1.583758
44.000,20.125,1.588277
44.250,20.125,1.592782
44.500,20.125,1.597276
44.750,20.125,1.601756
45.000,20.125,1.606224
1.000,20.250,0.241090
1.250,20.250,0.269546
1.500,20.250,0.295273
1.750,20.250,0.318932
2.000,20.250,0.340952
2.250,20.250,0.361634
2.500,20.250,0.381196
2.750,20.250,0.399802
3.000,20.250,0.417579
3.250,20.250,0.434630
3.500,20.250,0.451037
3.750,20.250,0.466868
4.000,20.250,0.482179
4.250,20.250,0.497019
4.500,20.250,0.511428
4.750,20.250,0.525443
5.000,20.250,0.539093
5.250,20.250,0.552406
5.500,20.250,0.565405
5.750,20.250,0.578113
6.000,20.250,0.590546
6.250,20.250,0.602724
6.500,20.250,0.614660
6.750,20.250,0.626369
7.000,20.250,0.637863
7.250,20.250,0.649154
7.500,20.250,0.660251
7.750,20.250,0.671165
8.000,20.250,0.681904
8.250,20.250,0.692477
8.500,20.250,0.702891
8.750,20.250,0.713153
9.000,20.250,0.723269
9.250,20.250,0.733245
9.500,20.250,0.743088
9.750,20.250,0.752802
10.000,20.250,0.762392
10.250,20.250,0.771863
10.500,20.250,0.781220
10.750,20.250,0.790465
11.000,20.250,0.799604
11.250,20.250,0.808639
11.500,20.250,0.817575
11.750,20.250,0.826413
12.000,20.250,0.835159
12.250,20.250,0.843814
12.500,20.250,0.852380
12.750,20.250,0.860862
13.000,20.250,0.869261
13.250,20.250,0.877579
13.500,20.250,0.885820
13.750,20.250,0.893984
14.000,20.250,0.902075
14.250,20.250,0.910093
14.500,20.250,0.918042
14.750,20.250,0.925922
15.000,20.250,0.933736
15.250,20.250,0.941485
15.500,20.250,0.949171
15.750,20.250,0.956795
16.000,20.250,0.964358
16.250,20.250,0.971863
16.500,20.250,0.979311
16.750,20.250,0.986702
17.000,20.250,0.994038
17.250,20.250,1.001320
17.500,20.250,1.008550
17.750,20.250,1.015729
18.000,20.250,1.022857
18.250,20.250,1.029935
18.500,20.250,1.036966
18.750,20.250,1.043949
19.000,20.250,1.050885
19.250,20.250,1.057776
19.500,20.250,1.064623
19.750,20.250,1.071426
20.000,20.250,1.078185
20.250,20.250,1.084903
20.500,20.250,1.091580
20.750,20.250,1.098215
21.000,20.250,1.104811
21.250,20.250,1.111368
21.500,20.250,1.117886
21.750,20.250,1.124367
22.000,20.250,1.130810
22.250,20.250,1.137217
22.500,20.250,1.143588
22.750,20.250,1.149924
23.000,20.250,1.156225
23.250,20.250,1.162492
23.500,20.250,1.168725
23.750,20.250,1.174925
24.000,20.250,1.181093
24.250,20.250,1.187229
24.500,20.250,1.193333
24.750,20.250,1.199406
25.000,20.250,1.205448
25.250,20.250,1.211460
25.500,20.250,1.217443
25.750,20.250,1.223396
26.000,20.250,1.229321
26.250,20.250,1.235217
26.500,20.250,1.241085
26.750,20.250,1.246925
27.000,20.250,1.252738
27.250,20.250,1.258525
27.500,20.250,1.264285
27.750,20.250,1.270018
28.000,20.250,1.275726
28.250,20.250,1.281409
28.500,20.250,1.287066
28.750,20.250,1.292699
29.000,20.250,1.298307
29.250,20.250,1.303891
29.500,20.250,1.309452
29.750,20.250,1.314988
30.000,20.250,1.320502
30.250,20.250,1.325993
30.500,20.250,1.331461
30.750,20.250,1.336906
31.000,20.250,1.342330
31.250,20.250,1.347732
31.500,20.250,1.353112
31.750,20.250,1.358471
32.000,20.250,1.363809
32.250,20.250,1.369126
32.500,20.250,1.374422
32.750,20.250,1.379698
33.000,20.250,1.384954
33.250,20.250,1.390190
33.500,20.250,1.395407
33.750,20.250,1.400604
34.000,20.250,1.405782
34.250,20.250,1.410941
34.500,20.250,1.416081
34.750,20.250,1.421202
35.000,20.250,1.426305
35.250,20.250,1.431390
35.500,20.250,1.436457
35.750,20.250,1.441506
36.000,20.250,1.446538
36.250,20.250,1.451552
36.500,20.250,1.456548
36.750,20.250,1.461528
37.000,20.250,1.466491
37.250,20.250,1.471437
37.500,20.250,1.476366
37.750,20.250,1.481279
38.000,20.250,1.486176
38.250,20.250,1.491057
38.500,20.250,1.495922
38.750,20.250,1.500771
39.000,20.250,1.505604
39.250,20.250,1.510422
39.500,20.250,1.515225
39.750,20.250,1.520012
40.000,20.250,1.524784
40.250,20.250,1.529542
40.500,20.250,1.534285
40.750,20.250,1.539013
41.000,20.250,1.543727
41.250,20.250,1.548426
41.500,20.250,1.553111
41.750,20.250,1.557782
42.000,20.250,1.562439
42.250,20.250,1.567082
42.500,20.250,1.571712
42.750,20.250,1.576328
43.000,20.250,1.580930
43.250,20.250,1.585519
43.500,20.250,1.590095
43.750,20.250,1.594658
44.000,20.250,1.599207
44.250,20.250,1.603744
44.500,20.250,1.608268
44.750,20.250,1.612779
45.000,20.250,1.617278
1.000,20.375,0.242737
1.250,20.375,0.271389
1.500,20.375,0.297291
1.750,20.375,0.321111
2.000,20.375,0.343283
2.250,20.375,0.364106
2.500,20.375,0.383802
2.750,20.375,0.402535
3.000,20.375,0.420434
3.250,20.375,0.437601
3.500,20.375,0.454120
3.750,20.375,0.470059
4.000,20.375,0.485475
4.250,20.375,0.500416
4.500,20.375,0.514924
4.750,20.375,0.529034
5.000,20.375,0.542777
5.250,20.375,0.556181
5.500,20.375,0.569270
5.750,20.375,0.582064
6.000,20.375,0.594583
6.250,20.375,0.606844
6.500,20.375,0.618862
6.750,20.375,0.630650
7.000,20.375,0.642223
7.250,20.375,0.653591
7.500,20.375,0.664764
7.750,20.375,0.675752
8.000,20.375,0.686565
8.250,20.375,0.697210
8.500,20.375,0.707695
8.750,20.375,0.718027
9.000,20.375,0.728212
9.250,20.375,0.738257
9.500,20.375,0.748167
9.750,20.375,0.757947
10.000,20.375,0.767603
10.250,20.375,0.777139
10.500,20.375,0.786559
10.750,20.375,0.795868
11.000,20.375,0.805069
11.250,20.375,0.814166
11.500,20.375,0.823163
11.750,20.375,0.832062
12.000,20.375,0.840867
12.250,20.375,0.849581
12.500,20.375,0.858207
12.750,20.375,0.866746
13.000,20.375,0.875202
13.250,20.375,0.883578
13.500,20.375,0.891874
13.750,20.375,0.900095
14.000,20.375,0.908240
14.250,20.375,0.916314
14.500,20.375,0.924317
14.750,20.375,0.932251
15.000,20.375,0.940118
15.250,20.375,0.947920
15.500,20.375,0.955658
15.750,20.375,0.963334
16.000,20.375,0.970950
16.250,20.375,0.978506
16.500,20.375,0.986004
16.750,20.375,0.993446
17.000,20.375,1.000832
17.250,20.375,1.008164
17.500,20.375,1.015444
17.750,20.375,1.022671
18.000,20.375,1.029848
18.250,20.375,1.036975
18.500,20.375,1.044053
18.750,20.375,1.051084
19.000,20.375,1.058068
19.250,20.375,1.065006
19.500,20.375,1.071900
19.750,20.375,1.078749
20.000,20.375,1.085555
20.250,20.375,1.092319
20.500,20.375,1.099041
20.750,20.375,1.105722
21.000,20.375,1.112363
21.250,20.375,1.118964
21.500,20.375,1.125527
21.750,20.375,1.132052
22.000,20.375,1.138540
22.250,20.375,1.144990
22.500,20.375,1.151405
22.750,20.375,1.157784
23.000,20.375,1.164128
23.250,20.375,1.170438
23.500,20.375,1.176714
23.750,20.375,1.182956
24.000,20.375,1.189166
24.250,20.375,1.195343
24.500,20.375,1.201489
24.750,20.375,1.207604
25.000,20.375,1.213687
25.250,20.375,1.219741
25.500,20.375,1.225764
25.750,20.375,1.231758
26.000,20.375,1.237723
26.250,20.375,1.243659
26.500,20.375,1.249568
26.750,20.375,1.255448
27.000,20.375,1.261301
27.250,20.375,1.267127
27.500,20.375,1.272926
27.750,20.375,1.278699
28.000,20.375,1.284446
28.250,20.375,1.290167
28.500,20.375,1.295863
28.750,20.375,1.301535
29.000,20.375,1.307181
29.250,20.375,1.312804
29.500,20.375,1.318402
29.750,20.375,1.323977
30.000,20.375,1.329528
30.250,20.375,1.335056
30.500,20.375,1.340561
30.750,20.375,1.346044
31.000,20.375,1.351505
31.250,20.375,1.356944
31.500,20.375,1.362361
31.750,20.375,1.367756
32.000,20.375,1.373130
32.250,20.375,1.378484
32.500,20.375,1.383816
32.750,20.375,1.389129
33.000,20.375,1.394421
33.250,20.375,1.399692
33.500,20.375,1.404945
33.750,20.375,1.410177
34.000,20.375,1.415390
34.250,20.375,1.420585
34.500,20.375,1.425760
34.750,20.375,1.430916
35.000,20.375,1.436054
35.250,20.375,1.441174
35.500,20.375,1.446275
35.750,20.375,1.451359
36.000,20.375,1.456425
36.250,20.375,1.461473
36.500,20.375,1.466504
36.750,20.375,1.471518
37.000,20.375,1.476514
37.250,20.375,1.481494
37.500,20.375,1.486457
37.750,20.375,1.491404
38.000,20.375,1.496334
38.250,20.375,1.501248
38.500,20.375,1.506146
38.750,20.375,1.511029
39.000,20.375,1.515895
39.250,20.375,1.520746
39.500,20.375,1.525581
39.750,20.375,1.530401
40.000,20.375,1.535207
40.250,20.375,1.539997
40.500,20.375,1.544772
40.750,20.375,1.549532
41.000,20.375,1.554278
41.250,20.375,1.559010
41.500,20.375,1.563727
41.750,20.375,1.568430
42.000,20.375,1.573119
42.250,20.375,1.577794
42.500,20.375,1.582455
42.750,20.375,1.587102
43.000,20.375,1.591736
43.250,20.375,1.596356
43.500,20.375,1.600964
43.750,20.375,1.605557
44.000,20.375,1.610138
44.250,20.375,1.614706
44.500,20.375,1.619261
44.750,20.375,1.623803
45.000,20.375,1.628332
1.000,20.500,0.244385
1.250,20.500,0.273231
1.500,20.500,0.299310
1.750,20.500,0.323291
2.000,20.500,0.345613
2.250,20.500,0.366578
2.500,20.500,0.386407
2.750,20.500,0.405267
3.000,20.500,0.423288
3.250,20.500,0.440572
3.500,20.500,0.457203
3.750,20.500,0.473250
4.000,20.500,0.488771
4.250,20.500,0.503813
4.500,20.500,0.518420
4.750,20.500,0.532625
5.000,20.500,0.546462
5.250,20.500,0.559957
5.500,20.500,0.573134
5.750,20.500,0.586015
6.000,20.500,0.598619
6.250,20.500,0.610963
6.500,20.500,0.623063
6.750,20.500,0.634932
7.000,20.500,0.646583
7.250,20.500,0.658028
7.500,20.500,0.669277
7.750,20.500,0.680340
8.000,20.500,0.691226
8.250,20.500,0.701943
8.500,20.500,0.712500
8.750,20.500,0.722902
9.000,20.500,0.733156
9.250,20.500,0.743269
9.500,20.500,0.753246
9.750,20.500,0.763093
10.000,20.500,0.772814
10.250,20.500,0.782415
10.500,20.500,0.791899
10.750,20.500,0.801271
11.000,20.500,0.810534
11.250,20.500,0.819693
11.500,20.500,0.828751
11.750,20.500,0.837711
12.000,20.500,0.846576
12.250,20.500,0.855349
12.500,20.500,0.864033
12.750,20.500,0.872630
13.000,20.500,0.881144
13.250,20.500,0.889576
13.500,20.500,0.897929
13.750,20.500,0.906205
14.000,20.500,0.914406
14.250,20.500,0.922534
14.500,20.500,0.930592
14.750,20.500,0.938580
15.000,20.500,0.946500
15.250,20.500,0.954355
15.500,20.500,0.962146
15.750,20.500,0.969874
16.000,20.500,0.977541
16.250,20.500,0.985149
16.500,20.500,0.992698
16.750,20.500,1.000190
17.000,20.500,1.007627
17.250,20.500,1.015009
17.500,20.500,1.022337
17.750,20.500,1.029614
18.000,20.500,1.036839
18.250,20.500,1.044015
18.500,20.500,1.051141
18.750,20.500,1.058220
19.000,20.500,1.065251
19.250,20.500,1.072236
19.500,20.500,1.079176
19.750,20.500,1.086072
20.000,20.500,1.092924
20.250,20.500,1.099734
20.500,20.500,1.106502
20.750,20.500,1.113228
21.000,20.500,1.119914
21.250,20.500,1.126561
21.500,20.500,1.133168
21.750,20.500,1.139737
22.000,20.500,1.146269
22.250,20.500,1.152763
22.500,20.500,1.159221
22.750,20.500,1.165644
23.000,20.500,1.172031
23.250,20.500,1.178383
23.500,20.500,1.184702
23.750,20.500,1.190987
24.000,20.500,1.197239
24.250,20.500,1.203458
24.500,20.500,1.209646
24.750,20.500,1.215802
25.000,20.500,1.221927
25.250,20.500,1.228021
25.500,20.500,1.234085
25.750,20.500,1.240120
26.000,20.500,1.246126
26.250,20.500,1.252102
26.500,20.500,1.258050
26.750,20.500,1.263971
27.000,20.500,1.269863
27.250,20.500,1.275729
27.500,20.500,1.281567
27.750,20.500,1.287380
28.000,20.500,1.293166
28.250,20.500,1.298926
28.500,20.500,1.304661
28.750,20.500,1.310370
29.000,20.500,1.316055
29.250,20.500,1.321716
29.500,20.500,1.327352
29.750,20.500,1.332965
30.000,20.500,1.338554
30.250,20.500,1.344119
30.500,20.500,1.349662
30.750,20.500,1.355182
31.000,20.500,1.360680
31.250,20.500,1.366156
31.500,20.500,1.371609
31.750,20.500,1.377041
32.000,20.500,1.382452
32.250,20.500,1.387842
32.500,20.500,1.393211
32.750,20.500,1.398559
33.000,20.500,1.403887
33.250,20.500,1.409195
33.500,20.500,1.414482
33.750,20.500,1.419750
34.000,20.500,1.424999
34.250,20.500,1.430228
34.500,20.500,1.435439
34.750,20.500,1.440630
35.000,20.500,1.445803
35.250,20.500,1.450958
35.500,20.500,1.456094
35.750,20.500,1.461212
36.000,20.500,1.466312
36.250,20.500,1.471395
36.500,20.500,1.476460
36.750,20.500,1.481507
37.000,20.500,1.486538
37.250,20.500,1.491552
37.500,20.500,1.496548
37.750,20.500,1.501529
38.000,20.500,1.506492
38.250,20.500,1.511440
38.500,20.500,1.516371
38.750,20.500,1.521286
39.000,20.500,1.526186
39.250,20.500,1.531070
39.500,20.500,1.535938
39.750,20.500,1.540791
40.000,20.500,1.545629
40.250,20.500,1.550451
40.500,20.500,1.555259
40.750,20.500,1.560052
41.000,20.500,1.564830
41.250,20.500,1.569593
41.500,20.500,1.574342
41.750,20.500,1.579077
42.000,20.500,1.583798
42.250,20.500,1.588505
42.500,20.500,1.593197
42.750,20.500,1.597876
43.000,20.500,1.602542
43.250,20.500,1.607194
43.500,20.500,1.611832
43.750,20.500,1.616457
44.000,20.500,1.621069
44.250,20.500,1.625668
44.500,20.500,1.630253
44.750,20.500,1.634826
45.000,20.500,1.639387
1.000,20.625,0.246033
1.250,20.625,0.275073
1.500,20.625,0.301328
1.750,20.625,0.325471
2.000,20.625,0.347943
2.250,20.625,0.369050
2.500,20.625,0.389013
2.750,20.625,0.408000
3.000,20.625,0.426142
3.250,20.625,0.443543
3.500,20.625,0.460286
3.750,20.625,0.476441
4.000,20.625,0.492066
4.250,20.625,0.507210
4.500,20.625,0.521915
4.750,20.625,0.536217
5.000,20.625,0.550147
5.250,20.625,0.563733
5.500,20.625,0.576999
5.750,20.625,0.589967
6.000,20.625,0.602656
6.250,20.625,0.615083
6.500,20.625,0.627264
6.750,20.625,0.639213
7.000,20.625,0.650943
7.250,20.625,0.662465
7.500,20.625,0.673790
7.750,20.625,0.684927
8.000,20.625,0.695887
8.250,20.625,0.706677
8.500,20.625,0.717304
8.750,20.625,0.727776
9.000,20.625,0.738100
9.250,20.625,0.748281
9.500,20.625,0.758325
9.750,20.625,0.768238
10.000,20.625,0.778025
10.250,20.625,0.787691
10.500,20.625,0.797239
10.750,20.625,0.806674
11.000,20.625,0.816000
11.250,20.625,0.825220
11.500,20.625,0.834339
11.750,20.625,0.843359
12.000,20.625,0.852284
12.250,20.625,0.861116
12.500,20.625,0.869859
12.750,20.625,0.878514
13.000,20.625,0.887085
13.250,20.625,0.895574
13.500,20.625,0.903984
13.750,20.625,0.912316
14.000,20.625,0.920572
14.250,20.625,0.928755
14.500,20.625,0.936867
14.750,20.625,0.944908
15.000,20.625,0.952882
15.250,20.625,0.960790
15.500,20.625,0.968634
15.750,20.625,0.976414
16.000,20.625,0.984133
16.250,20.625,0.991792
16.500,20.625,0.999392
16.750,20.625,1.006934
17.000,20.625,1.014421
17.250,20.625,1.021853
17.500,20.625,1.029231
17.750,20.625,1.036556
18.000,20.625,1.043830
18.250,20.625,1.051054
18.500,20.625,1.058229
18.750,20.625,1.065355
19.000,20.625,1.072434
19.250,20.625,1.079466
19.500,20.625,1.086453
19.750,20.625,1.093395
20.000,20.625,1.100294
20.250,20.625,1.107149
20.500,20.625,1.113963
20.750,20.625,1.120735
21.000,20.625,1.127466
21.250,20.625,1.134157
21.500,20.625,1.140809
21.750,20.625,1.147422
22.000,20.625,1.153998
22.250,20.625,1.160536
22.500,20.625,1.167038
22.750,20.625,1.173504
23.000,20.625,1.179934
23.250,20.625,1.186329
23.500,20.625,1.192690
23.750,20.625,1.199017
24.000,20.625,1.205312
24.250,20.625,1.211573
24.500,20.625,1.217802
24.750,20.625,1.224000
25.000,20.625,1.230166
25.250,20.625,1.236302
25.500,20.625,1.242407
25.750,20.625,1.248482
26.000,20.625,1.254528
26.250,20.625,1.260545
26.500,20.625,1.266533
26.750,20.625,1.272494
27.000,20.625,1.278426
27.250,20.625,1.284331
27.500,20.625,1.290209
27.750,20.625,1.296060
28.000,20.625,1.301885
28.250,20.625,1.307684
28.500,20.625,1.313458
28.750,20.625,1.319206
29.000,20.625,1.324929
29.250,20.625,1.330628
29.500,20.625,1.336302
29.750,20.625,1.341953
30.000,20.625,1.347579
30.250,20.625,1.353183
30.500,20.625,1.358763
30.750,20.625,1.364320
31.000,20.625,1.369855
31.250,20.625,1.375367
31.500,20.625,1.380858
31.750,20.625,1.386327
32.000,20.625,1.391774
32.250,20.625,1.397200
32.500,20.625,1.402605
32.750,20.625,1.407989
33.000,20.625,1.413353
33.250,20.625,1.418697
33.500,20.625,1.424020
33.750,20.625,1.429324
34.000,20.625,1.434608
34.250,20.625,1.439872
34.500,20.625,1.445118
34.750,20.625,1.450344
35.000,20.625,1.455552
35.250,20.625,1.460741
35.500,20.625,1.465912
35.750,20.625,1.471065
36.000,20.625,1.476199
36.250,20.625,1.481316
36.500,20.625,1.486415
36.750,20.625,1.491497
37.000,20.625,1.496562
37.250,20.625,1.501609
37.500,20.625,1.506639
37.750,20.625,1.511653
38.000,20.625,1.516650
38.250,20.625,1.521631
38.500,20.625,1.526596
38.750,20.625,1.531544
39.000,20.625,1.536477
39.250,20.625,1.541394
39.500,20.625,1.546295
39.750,20.625,1.551180
40.000,20.625,1.556051
40.250,20.625,1.560906
40.500,20.625,1.565746
40.750,20.625,1.570571
41.000,20.625,1.575381
41.250,20.625,1.580177
41.500,20.625,1.584958
41.750,20.625,1.589725
42.000,20.625,1.594477
42.250,20.625,1.599216
42.500,20.625,1.603940
42.750,20.625,1.608651
43.000,20.625,1.613348
43.250,20.625,1.618031
43.500,20.625,1.622700
43.750,20.625,1.627357
44.000,20.625,1.632000
44.250,20.625,1.636629
44.500,20.625,1.641246
44.750,20.625,1.645850
45.000,20.625,1.650441
1.000,20.750,0.247681
1.250,20.750,0.276916
1.500,20.750,0.303346
1.750,20.750,0.327651
2.000,20.750,0.350274
2.250,20.750,0.371522
2.500,20.750,0.391618
2.750,20.750,0.410733
3.000,20.750,0.428996
3.250,20.750,0.446513
3.500,20.750,0.463369
3.750,20.750,0.479632
4.000,20.750,0.495362
4.250,20.750,0.510608
4.500,20.750,0.525411
4.750,20.750,0.539808
5.000,20.750,0.553832
5.250,20.750,0.567509
5.500,20.750,0.580864
5.750,20.750,0.593918
6.000,20.750,0.606692
6.250,20.750,0.619203
6.500,20.750,0.631465
6.750,20.750,0.643494
7.000,20.750,0.655303
7.250,20.750,0.666902
7.500,20.750,0.678303
7.750,20.750,0.689515
8.000,20.750,0.700548
8.250,20.750,0.711410
8.500,20.750,0.722108
8.750,20.750,0.732650
9.000,20.750,0.743043
9.250,20.750,0.753293
9.500,20.750,0.763404
9.750,20.750,0.773384
10.000,20.750,0.783236
10.250,20.750,0.792966
10.500,20.750,0.802578
10.750,20.750,0.812077
11.000,20.750,0.821465
11.250,20.750,0.830748
11.500,20.750,0.839927
11.750,20.750,0.849008
12.000,20.750,0.857992
12.250,20.750,0.866884
12.500,20.750,0.875685
12.750,20.750,0.884398
13.000,20.750,0.893027
13.250,20.750,0.901573
13.500,20.750,0.910038
13.750,20.750,0.918426
14.000,20.750,0.926738
14.250,20.750,0.934976
14.500,20.750,0.943141
14.750,20.750,0.951237
15.000,20.750,0.959265
15.250,20.750,0.967225
15.500,20.750,0.975121
15.750,20.750,0.982954
16.000,20.750,0.990724
16.250,20.750,0.998434
16.500,20.750,1.006085
16.750,20.750,1.013678
17.000,20.750,1.021215
17.250,20.750,1.028697
17.500,20.750,1.036124
17.750,20.750,1.043499
18.000,20.750,1.050822
18.250,20.750,1.058094
18.500,20.750,1.065317
18.750,20.750,1.072490
19.000,20.750,1.079617
19.250,20.750,1.086696
19.500,20.750,1.093730
19.750,20.750,1.100719
20.000,20.750,1.107663
20.250,20.750,1.114565
20.500,20.750,1.121424
20.750,20.750,1.128241
21.000,20.750,1.135017
21.250,20.750,1.141753
21.500,20.750,1.148450
21.750,20.750,1.155108
22.000,20.750,1.161727
22.250,20.750,1.168309
22.500,20.750,1.174854
22.750,20.750,1.181363
23.000,20.750,1.187837
23.250,20.750,1.194275
23.500,20.750,1.200679
23.750,20.750,1.207048
24.000,20.750,1.213384
24.250,20.750,1.219688
24.500,20.750,1.225959
24.750,20.750,1.232198
25.000,20.750,1.238405
25.250,20.750,1.244582
25.500,20.750,1.250728
25.750,20.750,1.256844
26.000,20.750,1.262931
26.250,20.750,1.268988
26.500,20.750,1.275016
26.750,20.750,1.281016
27.000,20.750,1.286989
27.250,20.750,1.292933
27.500,20.750,1.298850
27.750,20.750,1.304741
28.000,20.750,1.310605
28.250,20.750,1.316443
28.500,20.750,1.322255
28.750,20.750,1.328042
29.000,20.750,1.333803
29.250,20.750,1.339540
29.500,20.750,1.345253
29.750,20.750,1.350941
30.000,20.750,1.356605
30.250,20.750,1.362246
30.500,20.750,1.367863
30.750,20.750,1.373458
31.000,20.750,1.379030
31.250,20.750,1.384579
31.500,20.750,1.390107
31.750,20.750,1.395612
32.000,20.750,1.401096
32.250,20.750,1.406558
32.500,20.750,1.411999
32.750,20.750,1.417420
33.000,20.750,1.422819
33.250,20.750,1.428199
33.500,20.750,1.433558
33.750,20.750,1.438897
34.000,20.750,1.444216
34.250,20.750,1.449516
34.500,20.750,1.454797
34.750,20.750,1.460058
35.000,20.750,1.465301
35.250,20.750,1.470525
35.500,20.750,1.475730
35.750,20.750,1.480917
36.000,20.750,1.486086
36.250,20.750,1.491237
36.500,20.750,1.496371
36.750,20.750,1.501487
37.000,20.750,1.506585
37.250,20.750,1.511666
37.500,20.750,1.516731
37.750,20.750,1.521778
38.000,20.750,1.526809
38.250,20.750,1.531823
38.500,20.750,1.536821
38.750,20.750,1.541802
39.000,20.750,1.546768
39.250,20.750,1.551717
39.500,20.750,1.556651
39.750,20.750,1.561570
40.000,20.750,1.566473
40.250,20.750,1.571360
40.500,20.750,1.576233
40.750,20.750,1.581090
41.000,20.750,1.585933
41.250,20.750,1.590760
41.500,20.750,1.595574
41.750,20.750,1.600372
42.000,20.750,1.605157
42.250,20.750,1.609927
42.500,20.750,1.614683
42.750,20.750,1.619425
43.000,20.750,1.624153
43.250,20.750,1.628868
43.500,20.750,1.633569
43.750,20.750,1.638256
44.000,20.750,1.642930
44.250,20.750,1.647591
44.500,20.750,1.652239
44.750,20.750,1.656873
45.000,20.750,1.661495
1.000,20.875,0.249329
1.250,20.875,0.278758
1.500,20.875,0.305364
1.750,20.875,0.329831
2.000,20.875,0.352604
2.250,20.875,0.373993
2.500,20.875,0.394224
2.750,20.875,0.413465
3.000,20.875,0.431850
3.250,20.875,0.449484
3.500,20.875,0.466452
3.750,20.875,0.482823
4.000,20.875,0.498658
4.250,20.875,0.514005
4.500,20.875,0.528907
4.750,20.875,0.543400
5.000,20.875,0.557516
5.250,20.875,0.571284
5.500,20.875,0.584728
5.750,20.875,0.597870
6.000,20.875,0.610729
6.250,20.875,0.623322
6.500,20.875,0.635667
6.750,20.875,0.647776
7.000,20.875,0.659662
7.250,20.875,0.671339
7.500,20.875,0.682815
7.750,20.875,0.694102
8.000,20.875,0.705209
8.250,20.875,0.716143
8.500,20.875,0.726913
8.750,20.875,0.737525
9.000,20.875,0.747987
9.250,20.875,0.758304
9.500,20.875,0.768483
9.750,20.875,0.778529
10.000,20.875,0.788447
10.250,20.875,0.798242
10.500,20.875,0.807918
10.750,20.875,0.817480
11.000,20.875,0.826931
11.250,20.875,0.836275
11.500,20.875,0.845516
11.750,20.875,0.854657
12.000,20.875,0.863701
12.250,20.875,0.872651
12.500,20.875,0.881511
12.750,20.875,0.890282
13.000,20.875,0.898968
13.250,20.875,0.907571
13.500,20.875,0.916093
13.750,20.875,0.924536
14.000,20.875,0.932903
14.250,20.875,0.941196
14.500,20.875,0.949416
14.750,20.875,0.957566
15.000,20.875,0.965647
15.250,20.875,0.973661
15.500,20.875,0.981609
15.750,20.875,0.989494
16.000,20.875,0.997316
16.250,20.875,1.005077
16.500,20.875,1.012779
16.750,20.875,1.020423
17.000,20.875,1.028010
17.250,20.875,1.035541
17.500,20.875,1.043018
17.750,20.875,1.050441
18.000,20.875,1.057813
18.250,20.875,1.065134
18.500,20.875,1.072404
18.750,20.875,1.079626
19.000,20.875,1.086800
19.250,20.875,1.093926
19.500,20.875,1.101007
19.750,20.875,1.108042
20.000,20.875,1.115033
20.250,20.875,1.121980
20.500,20.875,1.128885
20.750,20.875,1.135747
21.000,20.875,1.142569
21.250,20.875,1.149350
21.500,20.875,1.156091
21.750,20.875,1.162793
22.000,20.875,1.169456
22.250,20.875,1.176082
22.500,20.875,1.182671
22.750,20.875,1.189223
23.000,20.875,1.195740
23.250,20.875,1.202221
23.500,20.875,1.208667
23.750,20.875,1.215079
24.000,20.875,1.221457
24.250,20.875,1.227803
24.500,20.875,1.234115
24.750,20.875,1.240396
25.000,20.875,1.246645
25.250,20.875,1.252862
25.500,20.875,1.259049
25.750,20.875,1.265206
26.000,20.875,1.271333
26.250,20.875,1.277431
26.500,20.875,1.283499
26.750,20.875,1.289539
27.000,20.875,1.295551
27.250,20.875,1.301535
27.500,20.875,1.307492
27.750,20.875,1.313422
28.000,20.875,1.319325
28.250,20.875,1.325201
28.500,20.875,1.331052
28.750,20.875,1.336877
29.000,20.875,1.342677
29.250,20.875,1.348452
29.500,20.875,1.354203
29.750,20.875,1.359929
30.000,20.875,1.365631
30.250,20.875,1.371309
30.500,20.875,1.376964
30.750,20.875,1.382596
31.000,20.875,1.388205
31.250,20.875,1.393791
31.500,20.875,1.399355
31.750,20.875,1.404897
32.000,20.875,1.410417
32.250,20.875,1.415916
32.500,20.875,1.421394
32.750,20.875,1.426850
33.000,20.875,1.432286
33.250,20.875,1.437701
33.500,20.875,1.443096
33.750,20.875,1.448470
34.000,20.875,1.453825
34.250,20.875,1.459160
34.500,20.875,1.464476
34.750,20.875,1.469772
35.000,20.875,1.475050
35.250,20.875,1.480309
35.500,20.875,1.485549
35.750,20.875,1.490770
36.000,20.875,1.495974
36.250,20.875,1.501159
36.500,20.875,1.506326
36.750,20.875,1.511476
37.000,20.875,1.516609
37.250,20.875,1.521724
37.500,20.875,1.526822
37.750,20.875,1.531903
38.000,20.875,1.536967
38.250,20.875,1.542014
38.500,20.875,1.547045
38.750,20.875,1.552060
39.000,20.875,1.557059
39.250,20.875,1.562041
39.500,20.875,1.567008
39.750,20.875,1.571959
40.000,20.875,1.576895
40.250,20.875,1.581815
40.500,20.875,1.586720
40.750,20.875,1.591609
41.000,20.875,1.596484
41.250,20.875,1.601344
41.500,20.875,1.606189
41.750,20.875,1.611020
42.000,20.875,1.615836
42.250,20.875,1.620638
42.500,20.875,1.625426
42.750,20.875,1.630199
43.000,20.875,1.634959
43.250,20.875,1.639705
43.500,20.875,1.644437
43.750,20.875,1.649156
44.000,20.875,1.653861
44.250,20.875,1.658553
44.500,20.875,1.663231
44.750,20.875,1.667897
45.000,20.875,1.672549
1.000,21.000,0.250977
1.250,21.000,0.280601
1.500,21.000,0.307383
1.750,21.000,0.332011
2.000,21.000,0.354935
2.250,21.000,0.376465
2.500,21.000,0.396829
2.750,21.000,0.416198
3.000,21.000,0.434705
3.250,21.000,0.452455
3.500,21.000,0.469535
3.750,21.000,0.486014
4.000,21.000,0.501954
4.250,21.000,0.517402
4.500,21.000,0.532402
4.750,21.000,0.546991
5.000,21.000,0.561201
5.250,21.000,0.575060
5.500,21.000,0.588593
5.750,21.000,0.601821
6.000,21.000,0.614765
6.250,21.000,0.627442
6.500,21.000,0.639868
6.750,21.000,0.652057
7.000,21.000,0.664022
7.250,21.000,0.675776
7.500,21.000,0.687328
7.750,21.000,0.698690
8.000,21.000,0.709870
8.250,21.000,0.720876
8.500,21.000,0.731717
8.750,21.000,0.742399
9.000,21.000,0.752930
9.250,21.000,0.763316
9.500,21.000,0.773562
9.750,21.000,0.783675
10.000,21.000,0.793658
10.250,21.000,0.803518
10.500,21.000,0.813258
10.750,21.000,0.822882
11.000,21.000,0.832396
11.250,21.000,0.841802
11.500,21.000,0.851104
11.750,21.000,0.860305
12.000,21.000,0.869409
12.250,21.000,0.878419
12.500,21.000,0.887337
12.750,21.000,0.896166
13.000,21.000,0.904910
13.250,21.000,0.913569
13.500,21.000,0.922148
13.750,21.000,0.930647
14.000,21.000,0.939069
14.250,21.000,0.947417
14.500,21.000,0.955691
14.750,21.000,0.963895
15.000,21.000,0.972029
15.250,21.000,0.980096
15.500,21.000,0.988097
15.750,21.000,0.996033
16.000,21.000,1.003907
16.250,21.000,1.011720
16.500,21.000,1.019473
16.750,21.000,1.027167
17.000,21.000,1.034804
17.250,21.000,1.042385
17.500,21.000,1.049911
17.750,21.000,1.057384
18.000,21.000,1.064804
18.250,21.000,1.072173
18.500,21.000,1.079492
18.750,21.000,1.086761
19.000,21.000,1.093983
19.250,21.000,1.101156
19.500,21.000,1.108284
19.750,21.000,1.115365
20.000,21.000,1.122402
20.250,21.000,1.129396
20.500,21.000,1.136346
20.750,21.000,1.143254
21.000,21.000,1.150120
21.250,21.000,1.156946
21.500,21.000,1.163732
21.750,21.000,1.170478
22.000,21.000,1.177186
22.250,21.000,1.183855
22.500,21.000,1.190487
22.750,21.000,1.197083
23.000,21.000,1.203642
23.250,21.000,1.210166
23.500,21.000,1.216655
23.750,21.000,1.223110
24.000,21.000,1.229530
24.250,21.000,1.235917
24.500,21.000,1.242272
24.750,21.000,1.248594
25.000,21.000,1.254884
25.250,21.000,1.261143
25.500,21.000,1.267371
25.750,21.000,1.273568
26.000,21.000,1.279736
26.250,21.000,1.285873
26.500,21.000,1.291982
26.750,21.000,1.298062
27.000,21.000,1.304114
27.250,21.000,1.310137
27.500,21.000,1.316133
27.750,21.000,1.322102
28.000,21.000,1.328044
28.250,21.000,1.333960
28.500,21.000,1.339849
28.750,21.000,1.345713
29.000,21.000,1.351551
29.250,21.000,1.357365
29.500,21.000,1.363153
29.750,21.000,1.368917
30.000,21.000,1.374657
30.250,21.000,1.380372
30.500,21.000,1.386065
30.750,21.000,1.391734
31.000,21.000,1.397380
31.250,21.000,1.403003
31.500,21.000,1.408604
31.750,21.000,1.414182
32.000,21.000,1.419739
32.250,21.000,1.425274
32.500,21.000,1.430788
32.750,21.000,1.436280
33.000,21.000,1.441752
33.250,21.000,1.447203
33.500,21.000,1.452633
33.750,21.000,1.458043
34.000,21.000,1.463434
34.250,21.000,1.468804
34.500,21.000,1.474155
34.750,21.000,1.479486
35.000,21.000,1.484799
35.250,21.000,1.490092
35.500,21.000,1.495367
35.750,21.000,1.500623
36.000,21.000,1.505861
36.250,21.000,1.511080
36.500,21.000,1.516282
36.750,21.000,1.521466
37.000,21.000,1.526632
37.250,21.000,1.531781
37.500,21.000,1.536913
37.750,21.000,1.542027
38.000,21.000,1.547125
38.250,21.000,1.552206
38.500,21.000,1.557270
38.750,21.000,1.562318
39.000,21.000,1.567350
39.250,21.000,1.572365
39.500,21.000,1.577365
39.750,21.000,1.582349
40.000,21.000,1.587317
40.250,21.000,1.592269
40.500,21.000,1.597207
40.750,21.000,1.602129
41.000,21.000,1.607036
41.250,21.000,1.611928
41.500,21.000,1.616805
41.750,21.000,1.621668
42.000,21.000,1.626516
42.250,21.000,1.631349
42.500,21.000,1.636169
42.750,21.000,1.640974
43.000,21.000,1.645765
43.250,21.000,1.650542
43.500,21.000,1.655306
43.750,21.000,1.660055
44.000,21.000,1.664792
44.250,21.000,1.669515
44.500,21.000,1.674224
44.750,21.000,1.678920
45.000,21.000,1.683604
1.000,21.125,0.252625
1.250,21.125,0.282443
1.500,21.125,0.309401
1.750,21.125,0.334191
2.000,21.125,0.357265
2.250,21.125,0.378937
2.500,21.125,0.399435
2.750,21.125,0.418931
3.000,21.125,0.437559
3.250,21.125,0.455426
3.500,21.125,0.472617
3.750,21.125,0.489206
4.000,21.125,0.505249
4.250,21.125,0.520799
4.500,21.125,0.535898
4.750,21.125,0.550583
5.000,21.125,0.564886
5.250,21.125,0.578836
5.500,21.125,0.592457
5.750,21.125,0.605773
6.000,21.125,0.618802
6.250,21.125,0.631562
6.500,21.125,0.644069
6.750,21.125,0.656338
7.000,21.125,0.668382
7.250,21.125,0.680213
7.500,21.125,0.691841
7.750,21.125,0.703277
8.000,21.125,0.714530
8.250,21.125,0.725609
8.500,21.125,0.736521
8.750,21.125,0.747274
9.000,21.125,0.757874
9.250,21.125,0.768328
9.500,21.125,0.778642
9.750,21.125,0.788820
10.000,21.125,0.798869
10.250,21.125,0.808794
10.500,21.125,0.818597
10.750,21.125,0.828285
11.000,21.125,0.837861
11.250,21.125,0.847329
11.500,21.125,0.856692
11.750,21.125,0.865954
12.000,21.125,0.875118
12.250,21.125,0.884186
12.500,21.125,0.893163
12.750,21.125,0.902050
13.000,21.125,0.910851
13.250,21.125,0.919568
13.500,21.125,0.928202
13.750,21.125,0.936757
14.000,21.125,0.945235
14.250,21.125,0.953637
14.500,21.125,0.961966
14.750,21.125,0.970223
15.000,21.125,0.978411
15.250,21.125,0.986531
15.500,21.125,0.994584
15.750,21.125,1.002573
16.000,21.125,1.010499
16.250,21.125,1.018363
16.500,21.125,1.026166
16.750,21.125,1.033911
17.000,21.125,1.041598
17.250,21.125,1.049229
17.500,21.125,1.056805
17.750,21.125,1.064327
18.000,21.125,1.071796
18.250,21.125,1.079213
18.500,21.125,1.086580
18.750,21.125,1.093897
19.000,21.125,1.101165
19.250,21.125,1.108386
19.500,21.125,1.115560
19.750,21.125,1.122689
20.000,21.125,1.129772
20.250,21.125,1.136811
20.500,21.125,1.143807
20.750,21.125,1.150760
21.000,21.125,1.157672
21.250,21.125,1.164542
21.500,21.125,1.171372
21.750,21.125,1.178163
22.000,21.125,1.184915
22.250,21.125,1.191628
22.500,21.125,1.198304
22.750,21.125,1.204943
23.000,21.125,1.211545
23.250,21.125,1.218112
23.500,21.125,1.224644
23.750,21.125,1.231140
24.000,21.125,1.237603
24.250,21.125,1.244032
24.500,21.125,1.250428
24.750,21.125,1.256792
25.000,21.125,1.263123
25.250,21.125,1.269423
25.500,21.125,1.275692
25.750,21.125,1.281930
26.000,21.125,1.288138
26.250,21.125,1.294316
26.500,21.125,1.300465
26.750,21.125,1.306585
27.000,21.125,1.312676
27.250,21.125,1.318739
27.500,21.125,1.324775
27.750,21.125,1.330783
28.000,21.125,1.336764
28.250,21.125,1.342719
28.500,21.125,1.348647
28.750,21.125,1.354549
29.000,21.125,1.360425
29.250,21.125,1.366277
29.500,21.125,1.372103
29.750,21.125,1.377905
30.000,21.125,1.383682
30.250,21.125,1.389436
30.500,21.125,1.395165
30.750,21.125,1.400872
31.000,21.125,1.406555
31.250,21.125,1.412215
31.500,21.125,1.417852
31.750,21.125,1.423468
32.000,21.125,1.429061
32.250,21.125,1.434632
32.500,21.125,1.440182
32.750,21.125,1.445711
33.000,21.125,1.451218
33.250,21.125,1.456705
33.500,21.125,1.462171
33.750,21.125,1.467617
34.000,21.125,1.473042
34.250,21.125,1.478448
34.500,21.125,1.483834
34.750,21.125,1.489200
35.000,21.125,1.494548
35.250,21.125,1.499876
35.500,21.125,1.505185
35.750,21.125,1.510476
36.000,21.125,1.515748
36.250,21.125,1.521002
36.500,21.125,1.526238
36.750,21.125,1.531456
37.000,21.125,1.536656
37.250,21.125,1.541839
37.500,21.125,1.547004
37.750,21.125,1.552152
38.000,21.125,1.557283
38.250,21.125,1.562397
38.500,21.125,1.567495
38.750,21.125,1.572576
39.000,21.125,1.577641
39.250,21.125,1.582689
39.500,21.125,1.587721
39.750,21.125,1.592738
40.000,21.125,1.597739
40.250,21.125,1.602724
40.500,21.125,1.607694
40.750,21.125,1.612648
41.000,21.125,1.617587
41.250,21.125,1.622511
41.500,21.125,1.627421
41.750,21.125,1.632315
42.000,21.125,1.637195
42.250,21.125,1.642060
42.500,21.125,1.646911
42.750,21.125,1.651748
43.000,21.125,1.656571
43.250,21.125,1.661379
43.500,21.125,1.666174
43.750,21.125,1.670955
44.000,21.125,1.675722
44.250,21.125,1.680476
44.500,21.125,1.685217
44.750,21.125,1.689944
45.000,21.125,1.694658
1.000,21.250,0.254273
1.250,21.250,0.284285
1.500,21.250,0.311419
1.750,21.250,0.336371
2.000,21.250,0.359596
2.250,21.250,0.381409
2.500,21.250,0.402040
2.750,21.250,0.421663
3.000,21.250,0.440413
3.250,21.250,0.458396
3.500,21.250,0.475700
3.750,21.250,0.492397
4.000,21.250,0.508545
4.250,21.250,0.524196
4.500,21.250,0.539393
4.750,21.250,0.554174
5.000,21.250,0.568571
5.250,21.250,0.582612
5.500,21.250,0.596322
5.750,21.250,0.609724
6.000,21.250,0.622838
6.250,21.250,0.635681
6.500,21.250,0.648270
6.750,21.250,0.660619
7.000,21.250,0.672742
7.250,21.250,0.684650
7.500,21.250,0.696354
7.750,21.250,0.707865
8.000,21.250,0.719191
8.250,21.250,0.730342
8.500,21.250,0.741325
8.750,21.250,0.752148
9.000,21.250,0.762818
9.250,21.250,0.773340
9.500,21.250,0.783721
9.750,21.250,0.793966
10.000,21.250,0.804080
10.250,21.250,0.814069
10.500,21.250,0.823937
10.750,21.250,0.833688
11.000,21.250,0.843327
11.250,21.250,0.852856
11.500,21.250,0.862280
11.750,21.250,0.871602
12.000,21.250,0.880826
12.250,21.250,0.889954
12.500,21.250,0.898989
12.750,21.250,0.907935
13.000,21.250,0.916793
13.250,21.250,0.925566
13.500,21.250,0.934257
13.750,21.250,0.942868
14.000,21.250,0.951401
14.250,21.250,0.959858
14.500,21.250,0.968241
14.750,21.250,0.976552
15.000,21.250,0.984793
15.250,21.250,0.992966
15.500,21.250,1.001072
15.750,21.250,1.009113
16.000,21.250,1.017090
16.250,21.250,1.025005
16.500,21.250,1.032860
16.750,21.250,1.040655
17.000,21.250,1.048393
17.250,21.250,1.056073
17.500,21.250,1.063698
17.750,21.250,1.071269
18.000,21.250,1.078787
18.250,21.250,1.086253
18.500,21.250,1.093668
18.750,21.250,1.101032
19.000,21.250,1.108348
19.250,21.250,1.115616
19.500,21.250,1.122837
19.750,21.250,1.130012
20.000,21.250,1.137141
20.250,21.250,1.144226
20.500,21.250,1.151268
20.750,21.250,1.158267
21.000,21.250,1.165223
21.250,21.250,1.172138
21.500,21.250,1.179013
21.750,21.250,1.185848
22.000,21.250,1.192644
22.250,21.250,1.199401
22.500,21.250,1.206121
22.750,21.250,1.212803
23.000,21.250,1.219448
23.250,21.250,1.226058
23.500,21.250,1.232632
23.750,21.250,1.239171
24.000,21.250,1.245676
24.250,21.250,1.252147
24.500,21.250,1.258585
24.750,21.250,1.264990
25.000,21.250,1.271363
25.250,21.250,1.277704
25.500,21.250,1.284013
25.750,21.250,1.290292
26.000,21.250,1.296541
26.250,21.250,1.302759
26.500,21.250,1.308948
26.750,21.250,1.315108
27.000,21.250,1.321239
27.250,21.250,1.327342
27.500,21.250,1.333416
27.750,21.250,1.339464
28.000,21.250,1.345484
28.250,21.250,1.351477
28.500,21.250,1.357444
28.750,21.250,1.363385
29.000,21.250,1.369300
29.250,21.250,1.375189
29.500,21.250,1.381053
29.750,21.250,1.386893
30.000,21.250,1.392708
30.250,21.250,1.398499
30.500,21.250,1.404266
30.750,21.250,1.410009
31.000,21.250,1.415730
31.250,21.250,1.421427
31.500,21.250,1.427101
31.750,21.250,1.432753
32.000,21.250,1.438383
32.250,21.250,1.443990
32.500,21.250,1.449576
32.750,21.250,1.455141
33.000,21.250,1.460685
33.250,21.250,1.466207
33.500,21.250,1.471709
33.750,21.250,1.477190
34.000,21.250,1.482651
34.250,21.250,1.488092
34.500,21.250,1.493513
34.750,21.250,1.498914
35.000,21.250,1.504297
35.250,21.250,1.509660
35.500,21.250,1.515003
35.750,21.250,1.520329
36.000,21.250,1.525635
36.250,21.250,1.530923
36.500,21.250,1.536193
36.750,21.250,1.541445
37.000,21.250,1.546679
37.250,21.250,1.551896
37.500,21.250,1.557095
37.750,21.250,1.562277
38.000,21.250,1.567441
38.250,21.250,1.572589
38.500,21.250,1.577720
38.750,21.250,1.582834
39.000,21.250,1.587931
39.250,21.250,1.593013
39.500,21.250,1.598078
39.750,21.250,1.603127
40.000,21.250,1.608161
40.250,21.250,1.613178
40.500,21.250,1.618180
40.750,21.250,1.623167
41.000,21.250,1.628139
41.250,21.250,1.633095
41.500,21.250,1.638036
41.750,21.250,1.642963
42.000,21.250,1.647874
42.250,21.250,1.652771
42.500,21.250,1.657654
42.750,21.250,1.662522
43.000,21.250,1.667377
43.250,21.250,1.672217
43.500,21.250,1.677043
43.750,21.250,1.681855
44.000,21.250,1.686653
44.250,21.250,1.691438
44.500,21.250,1.696209
44.750,21.250,1.700967
45.000,21.250,1.705712
1.000,21.375,0.255920
1.250,21.375,0.286128
1.500,21.375,0.313437
1.750,21.375,0.338551
2.000,21.375,0.361926
2.250,21.375,0.383881
2.500,21.375,0.404646
2.750,21.375,0.424396
3.000,21.375,0.443267
3.250,21.375,0.461367
3.500,21.375,0.478783
3.750,21.375,0.495588
4.000,21.375,0.511841
4.250,21.375,0.527593
4.500,21.375,0.542889
4.750,21.375,0.557766
5.000,21.375,0.572255
5.250,21.375,0.586387
5.500,21.375,0.600187
5.750,21.375,0.613676
6.000,21.375,0.626874
6.250,21.375,0.639801
6.500,21.375,0.652472
6.750,21.375,0.664901
7.000,21.375,0.677102
7.250,21.375,0.689087
7.500,21.375,0.700867
7.750,21.375,0.712452
8.000,21.375,0.723852
8.250,21.375,0.735075
8.500,21.375,0.746130
8.750,21.375,0.757023
9.000,21.375,0.767761
9.250,21.375,0.778352
9.500,21.375,0.788800
9.750,21.375,0.799111
10.000,21.375,0.809291
10.250,21.375,0.819345
10.500,21.375,0.829277
10.750,21.375,0.839091
11.000,21.375,0.848792
11.250,21.375,0.858383
11.500,21.375,0.867868
11.750,21.375,0.877251
12.000,21.375,0.886534
12.250,21.375,0.895721
12.500,21.375,0.904815
12.750,21.375,0.913819
13.000,21.375,0.922734
13.250,21.375,0.931564
13.500,21.375,0.940312
13.750,21.375,0.948978
14.000,21.375,0.957566
14.250,21.375,0.966078
14.500,21.375,0.974516
14.750,21.375,0.982881
15.000,21.375,0.991175
15.250,21.375,0.999401
15.500,21.375,1.007560
15.750,21.375,1.015653
16.000,21.375,1.023682
16.250,21.375,1.031648
16.500,21.375,1.039554
16.750,21.375,1.047399
17.000,21.375,1.055187
17.250,21.375,1.062917
17.500,21.375,1.070592
17.750,21.375,1.078212
18.000,21.375,1.085778
18.250,21.375,1.093292
18.500,21.375,1.100755
18.750,21.375,1.108168
19.000,21.375,1.115531
19.250,21.375,1.122846
19.500,21.375,1.130114
19.750,21.375,1.137335
20.000,21.375,1.144511
20.250,21.375,1.151642
20.500,21.375,1.158729
20.750,21.375,1.165773
21.000,21.375,1.172775
21.250,21.375,1.179735
21.500,21.375,1.186654
21.750,21.375,1.193533
22.000,21.375,1.200373
22.250,21.375,1.207174
22.500,21.375,1.213937
22.750,21.375,1.220663
23.000,21.375,1.227351
23.250,21.375,1.234003
23.500,21.375,1.240620
23.750,21.375,1.247202
24.000,21.375,1.253749
24.250,21.375,1.260262
24.500,21.375,1.266741
24.750,21.375,1.273188
25.000,21.375,1.279602
25.250,21.375,1.285984
25.500,21.375,1.292335
25.750,21.375,1.298654
26.000,21.375,1.304943
26.250,21.375,1.311202
26.500,21.375,1.317431
26.750,21.375,1.323631
27.000,21.375,1.329801
27.250,21.375,1.335944
27.500,21.375,1.342058
27.750,21.375,1.348144
28.000,21.375,1.354203
28.250,21.375,1.360236
28.500,21.375,1.366241
28.750,21.375,1.372220
29.000,21.375,1.378174
29.250,21.375,1.384101
29.500,21.375,1.390004
29.750,21.375,1.395881
30.000,21.375,1.401734
30.250,21.375,1.407562
30.500,21.375,1.413367
30.750,21.375,1.419147
31.000,21.375,1.424904
31.250,21.375,1.430639
31.500,21.375,1.436350
31.750,21.375,1.442038
32.000,21.375,1.447704
32.250,21.375,1.453349
32.500,21.375,1.458971
32.750,21.375,1.464571
33.000,21.375,1.470151
33.250,21.375,1.475709
33.500,21.375,1.481246
33.750,21.375,1.486763
34.000,21.375,1.492260
34.250,21.375,1.497736
34.500,21.375,1.503192
34.750,21.375,1.508629
35.000,21.375,1.514046
35.250,21.375,1.519443
35.500,21.375,1.524822
35.750,21.375,1.530181
36.000,21.375,1.535522
36.250,21.375,1.540845
36.500,21.375,1.546149
36.750,21.375,1.551435
37.000,21.375,1.556703
37.250,21.375,1.561953
37.500,21.375,1.567186
37.750,21.375,1.572401
38.000,21.375,1.577599
38.250,21.375,1.582780
38.500,21.375,1.587944
38.750,21.375,1.593092
39.000,21.375,1.598222
39.250,21.375,1.603337
39.500,21.375,1.608435
39.750,21.375,1.613517
40.000,21.375,1.618583
40.250,21.375,1.623633
40.500,21.375,1.628667
40.750,21.375,1.633686
41.000,21.375,1.638690
41.250,21.375,1.643679
41.500,21.375,1.648652
41.750,21.375,1.653610
42.000,21.375,1.658554
42.250,21.375,1.663483
42.500,21.375,1.668397
42.750,21.375,1.673297
43.000,21.375,1.678182
43.250,21.375,1.683054
43.500,21.375,1.687911
43.750,21.375,1.692754
44.000,21.375,1.697584
44.250,21.375,1.702400
44.500,21.375,1.707202
44.750,21.375,1.711991
45.000,21.375,1.716766
1.000,21.500,0.257568
1.250,21.500,0.287970
1.500,21.500,0.315455
1.750,21.500,0.340731
2.000,21.500,0.364257
2.250,21.500,0.386352
2.500,21.500,0.407251
2.750,21.500,0.427129
3.000,21.500,0.446121
3.250,21.500,0.464338
3.500,21.500,0.481866
3.750,21.500,0.498779
4.000,21.500,0.515137
4.250,21.500,0.530991
4.500,21.500,0.546385
4.750,21.500,0.561357
5.000,21.500,0.575940
5.250,21.500,0.590163
5.500,21.500,0.604051
5.750,21.500,0.617627
6.000,21.500,0.630911
6.250,21.500,0.643921
6.500,21.500,0.656673
6.750,21.500,0.669182
7.000,21.500,0.681462
7.250,21.500,0.693524
7.500,21.500,0.705380
7.750,21.500,0.717040
8.000,21.500,0.728513
8.250,21.500,0.739809
8.500,21.500,0.750934
8.750,21.500,0.761897
9.000,21.500,0.772705
9.250,21.500,0.783363
9.500,21.500,0.793879
9.750,21.500,0.804257
10.000,21.500,0.814502
10.250,21.500,0.824621
10.500,21.500,0.834617
10.750,21.500,0.844494
11.000,21.500,0.854257
11.250,21.500,0.863910
11.500,21.500,0.873456
11.750,21.500,0.882900
12.000,21.500,0.892243
12.250,21.500,0.901489
12.500,21.500,0.910641
12.750,21.500,0.919703
13.000,21.500,0.928676
13.250,21.500,0.937563
13.500,21.500,0.946366
13.750,21.500,0.955089
14.000,21.500,0.963732
14.250,21.500,0.972299
14.500,21.500,0.980791
14.750,21.500,0.989210
15.000,21.500,0.997558
15.250,21.500,1.005836
15.500,21.500,1.014047
15.750,21.500,1.022192
16.000,21.500,1.030273
16.250,21.500,1.038291
16.500,21.500,1.046247
16.750,21.500,1.054144
17.000,21.500,1.061981
17.250,21.500,1.069761
17.500,21.500,1.077485
17.750,21.500,1.085154
18.000,21.500,1.092770
18.250,21.500,1.100332
18.500,21.500,1.107843
18.750,21.500,1.115303
19.000,21.500,1.122714
19.250,21.500,1.130076
19.500,21.500,1.137391
19.750,21.500,1.144658
20.000,21.500,1.151880
20.250,21.500,1.159057
20.500,21.500,1.166190
20.750,21.500,1.173279
21.000,21.500,1.180326
21.250,21.500,1.187331
21.500,21.500,1.194295
21.750,21.500,1.201218
22.000,21.500,1.208102
22.250,21.500,1.214947
22.500,21.500,1.221754
22.750,21.500,1.228522
23.000,21.500,1.235254
23.250,21.500,1.241949
23.500,21.500,1.248609
23.750,21.500,1.255232
24.000,21.500,1.261822
24.250,21.500,1.268377
24.500,21.500,1.274898
24.750,21.500,1.281386
25.000,21.500,1.287841
25.250,21.500,1.294265
25.500,21.500,1.300656
25.750,21.500,1.307016
26.000,21.500,1.313346
26.250,21.500,1.319645
26.500,21.500,1.325914
26.750,21.500,1.332153
27.000,21.500,1.338364
27.250,21.500,1.344546
27.500,21.500,1.350699
27.750,21.500,1.356825
28.000,21.500,1.362923
28.250,21.500,1.368994
28.500,21.500,1.375038
28.750,21.500,1.381056
29.000,21.500,1.387048
29.250,21.500,1.393013
29.500,21.500,1.398954
29.750,21.500,1.404869
30.000,21.500,1.410760
30.250,21.500,1.416625
30.500,21.500,1.422467
30.750,21.500,1.428285
31.000,21.500,1.434079
31.250,21.500,1.439850
31.500,21.500,1.445598
31.750,21.500,1.451323
32.000,21.500,1.457026
32.250,21.500,1.462707
32.500,21.500,1.468365
32.750,21.500,1.474002
33.000,21.500,1.479617
33.250,21.500,1.485211
33.500,21.500,1.490784
33.750,21.500,1.496336
34.000,21.500,1.501868
34.250,21.500,1.507380
34.500,21.500,1.512871
34.750,21.500,1.518343
35.000,21.500,1.523794
35.250,21.500,1.529227
35.500,21.500,1.534640
35.750,21.500,1.540034
36.000,21.500,1.545410
36.250,21.500,1.550766
36.500,21.500,1.556105
36.750,21.500,1.561425
37.000,21.500,1.566727
37.250,21.500,1.572011
37.500,21.500,1.577277
37.750,21.500,1.582526
38.000,21.500,1.587757
38.250,21.500,1.592972
38.500,21.500,1.598169
38.750,21.500,1.603350
39.000,21.500,1.608513
39.250,21.500,1.613661
39.500,21.500,1.618791
39.750,21.500,1.623906
40.000,21.500,1.629005
40.250,21.500,1.634087
40.500,21.500,1.639154
40.750,21.500,1.644206
41.000,21.500,1.649242
41.250,21.500,1.654262
41.500,21.500,1.659268
41.750,21.500,1.664258
42.000,21.500,1.669233
42.250,21.500,1.674194
42.500,21.500,1.679140
42.750,21.500,1.684071
43.000,21.500,1.688988
43.250,21.500,1.693891
43.500,21.500,1.698779
43.750,21.500,1.703654
44.000,21.500,1.708515
44.250,21.500,1.713361
44.500,21.500,1.718195
44.750,21.500,1.723014
45.000,21.500,1.727820
1.000,21.625,0.259216
1.250,21.625,0.289812
1.500,21.625,0.317474
1.750,21.625,0.342911
2.000,21.625,0.366587
2.250,21.625,0.388824
2.500,21.625,0.409857
2.750,21.625,0.429861
3.000,21.625,0.448976
3.250,21.625,0.467309
3.500,21.625,0.484949
3.750,21.625,0.501970
4.000,21.625,0.518432
4.250,21.625,0.534388
4.500,21.625,0.549880
4.750,21.625,0.564948
5.000,21.625,0.579625
5.250,21.625,0.593939
5.500,21.625,0.607916
5.750,21.625,0.621578
6.000,21.625,0.634947
6.250,21.625,0.648040
6.500,21.625,0.660874
6.750,21.625,0.673463
7.000,21.625,0.685821
7.250,21.625,0.697961
7.500,21.625,0.709893
7.750,21.625,0.721627
8.000,21.625,0.733174
8.250,21.625,0.744542
8.500,21.625,0.755738
8.750,21.625,0.766772
9.000,21.625,0.777648
9.250,21.625,0.788375
9.500,21.625,0.798958
9.750,21.625,0.809402
10.000,21.625,0.819713
10.250,21.625,0.829897
10.500,21.625,0.839956
10.750,21.625,0.849897
11.000,21.625,0.859723
11.250,21.625,0.869437
11.500,21.625,0.879045
11.750,21.625,0.888548
12.000,21.625,0.897951
12.250,21.625,0.907256
12.500,21.625,0.916467
12.750,21.625,0.925587
13.000,21.625,0.934617
13.250,21.625,0.943561
13.500,21.625,0.952421
13.750,21.625,0.961199
14.000,21.625,0.969898
14.250,21.625,0.978519
14.500,21.625,0.987066
14.750,21.625,0.995538
15.000,21.625,1.003940
15.250,21.625,1.012271
15.500,21.625,1.020535
15.750,21.625,1.028732
16.000,21.625,1.036865
16.250,21.625,1.044934
16.500,21.625,1.052941
16.750,21.625,1.060888
17.000,21.625,1.068776
17.250,21.625,1.076605
17.500,21.625,1.084379
17.750,21.625,1.092097
18.000,21.625,1.099761
18.250,21.625,1.107372
18.500,21.625,1.114931
18.750,21.625,1.122439
19.000,21.625,1.129897
19.250,21.625,1.137306
19.500,21.625,1.144667
19.750,21.625,1.151982
20.000,21.625,1.159250
20.250,21.625,1.166473
20.500,21.625,1.173651
20.750,21.625,1.180786
21.000,21.625,1.187878
21.250,21.625,1.194927
21.500,21.625,1.201936
21.750,21.625,1.208904
22.000,21.625,1.215831
22.250,21.625,1.222720
22.500,21.625,1.229570
22.750,21.625,1.236382
23.000,21.625,1.243157
23.250,21.625,1.249895
23.500,21.625,1.256597
23.750,21.625,1.263263
24.000,21.625,1.269895
24.250,21.625,1.276491
24.500,21.625,1.283054
24.750,21.625,1.289584
25.000,21.625,1.296081
25.250,21.625,1.302545
25.500,21.625,1.308977
25.750,21.625,1.315378
26.000,21.625,1.321748
26.250,21.625,1.328087
26.500,21.625,1.334397
26.750,21.625,1.340676
27.000,21.625,1.346927
27.250,21.625,1.353148
27.500,21.625,1.359341
27.750,21.625,1.365506
28.000,21.625,1.371643
28.250,21.625,1.377753
28.500,21.625,1.383835
28.750,21.625,1.389892
29.000,21.625,1.395922
29.250,21.625,1.401926
29.500,21.625,1.407904
29.750,21.625,1.413857
30.000,21.625,1.419785
30.250,21.625,1.425689
30.500,21.625,1.431568
30.750,21.625,1.437423
31.000,21.625,1.443254
31.250,21.625,1.449062
31.500,21.625,1.454847
31.750,21.625,1.460609
32.000,21.625,1.466348
32.250,21.625,1.472065
32.500,21.625,1.477759
32.750,21.625,1.483432
33.000,21.625,1.489083
33.250,21.625,1.494713
33.500,21.625,1.500322
33.750,21.625,1.505910
34.000,21.625,1.511477
34.250,21.625,1.517024
34.500,21.625,1.522550
34.750,21.625,1.528057
35.000,21.625,1.533543
35.250,21.625,1.539011
35.500,21.625,1.544458
35.750,21.625,1.549887
36.000,21.625,1.555297
36.250,21.625,1.560688
36.500,21.625,1.566060
36.750,21.625,1.571414
37.000,21.625,1.576750
37.250,21.625,1.582068
37.500,21.625,1.587368
37.750,21.625,1.592651
38.000,21.625,1.597916
38.250,21.625,1.603163
38.500,21.625,1.608394
38.750,21.625,1.613607
39.000,21.625,1.618804
39.250,21.625,1.623984
39.500,21.625,1.629148
39.750,21.625,1.634296
40.000,21.625,1.639427
40.250,21.625,1.644542
40.500,21.625,1.649641
40.750,21.625,1.654725
41.000,21.625,1.659793
41.250,21.625,1.664846
41.500,21.625,1.669883
41.750,21.625,1.674905
42.000,21.625,1.679913
42.250,21.625,1.684905
42.500,21.625,1.689882
42.750,21.625,1.694845
43.000,21.625,1.699794
43.250,21.625,1.704728
43.500,21.625,1.709648
43.750,21.625,1.714554
44.000,21.625,1.719445
44.250,21.625,1.724323
44.500,21.625,1.729187
44.750,21.625,1.734038
45.000,21.625,1.738875
1.000,21.750,0.260864
1.250,21.750,0.291655
1.500,21.750,0.319492
1.750,21.750,0.345091
2.000,21.750,0.368917
2.250,21.750,0.391296
2.500,21.750,0.412462
2.750,21.750,0.432594
3.000,21.750,0.451830
3.250,21.750,0.470279
3.500,21.750,0.488032
3.750,21.750,0.505161
4.000,21.750,0.521728
4.250,21.750,0.537785
4.500,21.750,0.553376
4.750,21.750,0.568540
5.000,21.750,0.583310
5.250,21.750,0.597715
5.500,21.750,0.611780
5.750,21.750,0.625530
6.000,21.750,0.638984
6.250,21.750,0.652160
6.500,21.750,0.665075
6.750,21.750,0.677745
7.000,21.750,0.690181
7.250,21.750,0.702398
7.500,21.750,0.714405
7.750,21.750,0.726215
8.000,21.750,0.737835
8.250,21.750,0.749275
8.500,21.750,0.760543
8.750,21.750,0.771646
9.000,21.750,0.782592
9.250,21.750,0.793387
9.500,21.750,0.804037
9.750,21.750,0.814548
10.000,21.750,0.824924
10.250,21.750,0.835172
10.500,21.750,0.845296
10.750,21.750,0.855300
11.000,21.750,0.865188
11.250,21.750,0.874964
11.500,21.750,0.884633
11.750,21.750,0.894197
12.000,21.750,0.903659
12.250,21.750,0.913024
12.500,21.750,0.922294
12.750,21.750,0.931471
13.000,21.750,0.940559
13.250,21.750,0.949559
13.500,21.750,0.958476
13.750,21.750,0.967310
14.000,21.750,0.976064
14.250,21.750,0.984740
14.500,21.750,0.993341
14.750,21.750,1.001867
15.000,21.750,1.010322
15.250,21.750,1.018707
15.500,21.750,1.027023
15.750,21.750,1.035272
16.000,21.750,1.043456
16.250,21.750,1.051576
16.500,21.750,1.059635
16.750,21.750,1.067632
17.000,21.750,1.075570
17.250,21.750,1.083450
17.500,21.750,1.091272
17.750,21.750,1.099040
18.000,21.750,1.106752
18.250,21.750,1.114412
18.500,21.750,1.122019
18.750,21.750,1.129574
19.000,21.750,1.137080
19.250,21.750,1.144536
19.500,21.750,1.151944
19.750,21.750,1.159305
20.000,21.750,1.166619
20.250,21.750,1.173888
20.500,21.750,1.181112
20.750,21.750,1.188292
21.000,21.750,1.195429
21.250,21.750,1.202524
21.500,21.750,1.209577
21.750,21.750,1.216589
22.000,21.750,1.223561
22.250,21.750,1.230493
22.500,21.750,1.237387
22.750,21.750,1.244242
23.000,21.750,1.251060
23.250,21.750,1.257841
23.500,21.750,1.264585
23.750,21.750,1.271294
24.000,21.750,1.277967
24.250,21.750,1.284606
24.500,21.750,1.291211
24.750,21.750,1.297782
25.000,21.750,1.304320
25.250,21.750,1.310825
25.500,21.750,1.317299
25.750,21.750,1.323740
26.000,21.750,1.330151
26.250,21.750,1.336530
26.500,21.750,1.342880
26.750,21.750,1.349199
27.000,21.750,1.355489
27.250,21.750,1.361750
27.500,21.750,1.367982
27.750,21.750,1.374186
28.000,21.750,1.380363
28.250,21.750,1.386511
28.500,21.750,1.392633
28.750,21.750,1.398727
29.000,21.750,1.404796
29.250,21.750,1.410838
29.500,21.750,1.416854
29.750,21.750,1.422845
30.000,21.750,1.428811
30.250,21.750,1.434752
30.500,21.750,1.440669
30.750,21.750,1.446561
31.000,21.750,1.452429
31.250,21.750,1.458274
31.500,21.750,1.464096
31.750,21.750,1.469894
32.000,21.750,1.475670
32.250,21.750,1.481423
32.500,21.750,1.487154
32.750,21.750,1.492862
33.000,21.750,1.498550
33.250,21.750,1.504215
33.500,21.750,1.509860
33.750,21.750,1.515483
34.000,21.750,1.521085
34.250,21.750,1.526667
34.500,21.750,1.532229
34.750,21.750,1.537771
35.000,21.750,1.543292
35.250,21.750,1.548794
35.500,21.750,1.554277
35.750,21.750,1.559740
36.000,21.750,1.565184
36.250,21.750,1.570609
36.500,21.750,1.576016
36.750,21.750,1.581404
37.000,21.750,1.586774
37.250,21.750,1.592125
37.500,21.750,1.597459
37.750,21.750,1.602775
38.000,21.750,1.608074
38.250,21.750,1.613355
38.500,21.750,1.618619
38.750,21.750,1.623865
39.000,21.750,1.629095
39.250,21.750,1.634308
39.500,21.750,1.639505
39.750,21.750,1.644685
40.000,21.750,1.649849
40.250,21.750,1.654997
40.500,21.750,1.660128
40.750,21.750,1.665244
41.000,21.750,1.670345
41.250,21.750,1.675429
41.500,21.750,1.680499
41.750,21.750,1.685553
42.000,21.750,1.690592
42.250,21.750,1.695616
42.500,21.750,1.700625
42.750,21.750,1.705620
43.000,21.750,1.710600
43.250,21.750,1.715565
43.500,21.750,1.720516
43.750,21.750,1.725453
44.000,21.750,1.730376
44.250,21.750,1.735285
44.500,21.750,1.740180
44.750,21.750,1.745061
45.000,21.750,1.749929
1.000,21.875,0.262512
1.250,21.875,0.293497
1.500,21.875,0.321510
1.750,21.875,0.347271
2.000,21.875,0.371248
2.250,21.875,0.393768
2.500,21.875,0.415068
2.750,21.875,0.435327
3.000,21.875,0.454684
3.250,21.875,0.473250
3.500,21.875,0.491115
3.750,21.875,0.508352
4.000,21.875,0.525024
4.250,21.875,0.541182
4.500,21.875,0.556872
4.750,21.875,0.572131
5.000,21.875,0.586994
5.250,21.875,0.601490
5.500,21.875,0.615645
5.750,21.875,0.629481
6.000,21.875,0.643020
6.250,21.875,0.656280
6.500,21.875,0.669277
6.750,21.875,0.682026
7.000,21.875,0.694541
7.250,21.875,0.706835
7.500,21.875,0.718918
7.750,21.875,0.730802
8.000,21.875,0.742496
8.250,21.875,0.754008
8.500,21.875,0.765347
8.750,21.875,0.776521
9.000,21.875,0.787536
9.250,21.875,0.798399
9.500,21.875,0.809116
9.750,21.875,0.819693
10.000,21.875,0.830135
10.250,21.875,0.840448
10.500,21.875,0.850636
10.750,21.875,0.860703
11.000,21.875,0.870653
11.250,21.875,0.880492
11.500,21.875,0.890221
11.750,21.875,0.899845
12.000,21.875,0.909368
12.250,21.875,0.918792
12.500,21.875,0.928120
12.750,21.875,0.937355
13.000,21.875,0.946500
13.250,21.875,0.955558
13.500,21.875,0.964530
13.750,21.875,0.973420
14.000,21.875,0.982229
14.250,21.875,0.990961
14.500,21.875,0.999615
14.750,21.875,1.008196
15.000,21.875,1.016704
15.250,21.875,1.025142
15.500,21.875,1.033510
15.750,21.875,1.041812
16.000,21.875,1.050047
16.250,21.875,1.058219
16.500,21.875,1.066328
16.750,21.875,1.074376
17.000,21.875,1.082364
17.250,21.875,1.090294
17.500,21.875,1.098166
17.750,21.875,1.105982
18.000,21.875,1.113744
18.250,21.875,1.121451
18.500,21.875,1.129106
18.750,21.875,1.136710
19.000,21.875,1.144263
19.250,21.875,1.151766
19.500,21.875,1.159221
19.750,21.875,1.166628
20.000,21.875,1.173989
20.250,21.875,1.181303
20.500,21.875,1.188573
20.750,21.875,1.195798
21.000,21.875,1.202981
21.250,21.875,1.210120
21.500,21.875,1.217217
21.750,21.875,1.224274
22.000,21.875,1.231290
22.250,21.875,1.238266
22.500,21.875,1.245203
22.750,21.875,1.252102
23.000,21.875,1.258963
23.250,21.875,1.265786
23.500,21.875,1.272574
23.750,21.875,1.279325
24.000,21.875,1.286040
24.250,21.875,1.292721
24.500,21.875,1.299367
24.750,21.875,1.305980
25.000,21.875,1.312559
25.250,21.875,1.319106
25.500,21.875,1.325620
25.750,21.875,1.332102
26.000,21.875,1.338553
26.250,21.875,1.344973
26.500,21.875,1.351363
26.750,21.875,1.357722
27.000,21.875,1.364052
27.250,21.875,1.370352
27.500,21.875,1.376624
27.750,21.875,1.382867
28.000,21.875,1.389082
28.250,21.875,1.395270
28.500,21.875,1.401430
28.750,21.875,1.407563
29.000,21.875,1.413670
29.250,21.875,1.419750
29.500,21.875,1.425804
29.750,21.875,1.431833
30.000,21.875,1.437837
30.250,21.875,1.443815
30.500,21.875,1.449769
30.750,21.875,1.455699
31.000,21.875,1.461604
31.250,21.875,1.467486
31.500,21.875,1.473344
31.750,21.875,1.479179
32.000,21.875,1.484991
32.250,21.875,1.490781
32.500,21.875,1.496548
32.750,21.875,1.502293
33.000,21.875,1.508016
33.250,21.875,1.513717
33.500,21.875,1.519397
33.750,21.875,1.525056
34.000,21.875,1.530694
34.250,21.875,1.536311
34.500,21.875,1.541908
34.750,21.875,1.547485
35.000,21.875,1.553041
35.250,21.875,1.558578
35.500,21.875,1.564095
35.750,21.875,1.569593
36.000,21.875,1.575071
36.250,21.875,1.580531
36.500,21.875,1.585972
36.750,21.875,1.591394
37.000,21.875,1.596797
37.250,21.875,1.602183
37.500,21.875,1.607550
37.750,21.875,1.612900
38.000,21.875,1.618232
38.250,21.875,1.623546
38.500,21.875,1.628843
38.750,21.875,1.634123
39.000,21.875,1.639386
39.250,21.875,1.644632
39.500,21.875,1.649862
39.750,21.875,1.655074
40.000,21.875,1.660271
40.250,21.875,1.665451
40.500,21.875,1.670615
40.750,21.875,1.675764
41.000,21.875,1.680896
41.250,21.875,1.686013
41.500,21.875,1.691114
41.750,21.875,1.696201
42.000,21.875,1.701271
42.250,21.875,1.706327
42.500,21.875,1.711368
42.750,21.875,1.716394
43.000,21.875,1.721405
43.250,21.875,1.726402
43.500,21.875,1.731385
43.750,21.875,1.736353
44.000,21.875,1.741307
44.250,21.875,1.746247
44.500,21.875,1.751173
44.750,21.875,1.756085
45.000,21.875,1.760983
1.000,22.000,0.264160
1.250,22.000,0.295340
1.500,22.000,0.323528
1.750,22.000,0.349450
2.000,22.000,0.373578
2.250,22.000,0.396240
2.500,22.000,0.417673
2.750,22.000,0.438059
3.000,22.000,0.457538
3.250,22.000,0.476221
3.500,22.000,0.494198
3.750,22.000,0.511543
4.000,22.000,0.528319
4.250,22.000,0.544579
4.500,22.000,0.560367
4.750,22.000,0.575723
5.000,22.000,0.590679
5.250,22.000,0.605266
5.500,22.000,0.619510
5.750,22.000,0.633433
6.000,22.000,0.647057
6.250,22.000,0.660399
6.500,22.000,0.673478
6.750,22.000,0.686307
7.000,22.000,0.698901
7.250,22.000,0.711272
7.500,22.000,0.723431
7.750,22.000,0.735390
8.000,22.000,0.747157
8.250,22.000,0.758741
8.500,22.000,0.770151
8.750,22.000,0.781395
9.000,22.000,0.792479
9.250,22.000,0.803410
9.500,22.000,0.814195
9.750,22.000,0.824839
10.000,22.000,0.835346
10.250,22.000,0.845724
10.500,22.000,0.855975
10.750,22.000,0.866106
11.000,22.000,0.876119
11.250,22.000,0.886019
11.500,22.000,0.895809
11.750,22.000,0.905494
12.000,22.000,0.915076
12.250,22.000,0.924559
12.500,22.000,0.933946
12.750,22.000,0.943239
13.000,22.000,0.952441
13.250,22.000,0.961556
13.500,22.000,0.970585
13.750,22.000,0.979531
14.000,22.000,0.988395
14.250,22.000,0.997181
14.500,22.000,1.005890
14.750,22.000,1.014525
15.000,22.000,1.023086
15.250,22.000,1.031577
15.500,22.000,1.039998
15.750,22.000,1.048351
16.000,22.000,1.056639
16.250,22.000,1.064862
16.500,22.000,1.073022
16.750,22.000,1.081120
17.000,22.000,1.089159
17.250,22.000,1.097138
17.500,22.000,1.105059
17.750,22.000,1.112925
18.000,22.000,1.120735
18.250,22.000,1.128491
18.500,22.000,1.136194
18.750,22.000,1.143845
19.000,22.000,1.151446
19.250,22.000,1.158996
19.500,22.000,1.166498
19.750,22.000,1.173952
20.000,22.000,1.181358
20.250,22.000,1.188719
20.500,22.000,1.196034
20.750,22.000,1.203305
21.000,22.000,1.210532
21.250,22.000,1.217716
21.500,22.000,1.224858
21.750,22.000,1.231959
22.000,22.000,1.239019
22.250,22.000,1.246039
22.500,22.000,1.253020
22.750,22.000,1.259962
23.000,22.000,1.266866
23.250,22.000,1.273732
23.500,22.000,1.280562
23.750,22.000,1.287355
24.000,22.000,1.294113
24.250,22.000,1.300836
24.500,22.000,1.307524
24.750,22.000,1.314178
25.000,22.000,1.320799
25.250,22.000,1.327386
25.500,22.000,1.333941
25.750,22.000,1.340464
26.000,22.000,1.346956
26.250,22.000,1.353416
26.500,22.000,1.359845
26.750,22.000,1.366245
27.000,22.000,1.372614
27.250,22.000,1.378954
27.500,22.000,1.385265
27.750,22.000,1.391548
28.000,22.000,1.397802
28.250,22.000,1.404028
28.500,22.000,1.410227
28.750,22.000,1.416399
29.000,22.000,1.422544
29.250,22.000,1.428662
29.500,22.000,1.434755
29.750,22.000,1.440821
30.000,22.000,1.446862
30.250,22.000,1.452879
30.500,22.000,1.458870
30.750,22.000,1.464837
31.000,22.000,1.470779
31.250,22.000,1.476698
31.500,22.000,1.482593
31.750,22.000,1.488465
32.000,22.000,1.494313
32.250,22.000,1.500139
32.500,22.000,1.505942
32.750,22.000,1.511723
33.000,22.000,1.517482
33.250,22.000,1.523219
33.500,22.000,1.528935
33.750,22.000,1.534629
34.000,22.000,1.540303
34.250,22.000,1.545955
34.500,22.000,1.551587
34.750,22.000,1.557199
35.000,22.000,1.562790
35.250,22.000,1.568362
35.500,22.000,1.573913
35.750,22.000,1.579446
36.000,22.000,1.584958
36.250,22.000,1.590452
36.500,22.000,1.595927
36.750,22.000,1.601383
37.000,22.000,1.606821
37.250,22.000,1.612240
37.500,22.000,1.617641
37.750,22.000,1.623025
38.000,22.000,1.628390
38.250,22.000,1.633738
38.500,22.000,1.639068
38.750,22.000,1.644381
39.000,22.000,1.649677
39.250,22.000,1.654956
39.500,22.000,1.660218
39.750,22.000,1.665464
40.000,22.000,1.670693
40.250,22.000,1.675906
40.500,22.000,1.681102
40.750,22.000,1.686283
41.000,22.000,1.691448
41.250,22.000,1.696597
41.500,22.000,1.701730
41.750,22.000,1.706848
42.000,22.000,1.711951
42.250,22.000,1.717038
42.500,22.000,1.722111
42.750,22.000,1.727168
43.000,22.000,1.732211
43.250,22.000,1.737239
43.500,22.000,1.742253
43.750,22.000,1.747252
44.000,22.000,1.752237
44.250,22.000,1.757208
44.500,22.000,1.762165
44.750,22.000,1.767108
45.000,22.000,1.772037
1.000,22.125,0.265808
1.250,22.125,0.297182
1.500,22.125,0.325547
1.750,22.125,0.351630
2.000,22.125,0.375909
2.250,22.125,0.398711
2.500,22.125,0.420279
2.750,22.125,0.440792
3.000,22.125,0.460392
3.250,22.125,0.479191
3.500,22.125,0.497280
3.750,22.125,0.514734
4.000,22.125,0.531615
4.250,22.125,0.547976
4.500,22.125,0.563863
4.750,22.125,0.579314
5.000,22.125,0.594364
5.250,22.125,0.609042
5.500,22.125,0.623374
5.750,22.125,0.637384
6.000,22.125,0.651093
6.250,22.125,0.664519
6.500,22.125,0.677679
6.750,22.125,0.690588
7.000,22.125,0.703261
7.250,22.125,0.715709
7.500,22.125,0.727944
7.750,22.125,0.739977
8.000,22.125,0.751817
8.250,22.125,0.763474
8.500,22.125,0.774956
8.750,22.125,0.786270
9.000,22.125,0.797423
9.250,22.125,0.808422
9.500,22.125,0.819274
9.750,22.125,0.829984
10.000,22.125,0.840557
10.250,22.125,0.851000
10.500,22.125,0.861315
10.750,22.125,0.871509
11.000,22.125,0.881584
11.250,22.125,0.891546
11.500,22.125,0.901397
11.750,22.125,0.911143
12.000,22.125,0.920785
12.250,22.125,0.930327
12.500,22.125,0.939772
12.750,22.125,0.949123
13.000,22.125,0.958383
13.250,22.125,0.967554
13.500,22.125,0.976640
13.750,22.125,0.985641
14.000,22.125,0.994561
14.250,22.125,1.003402
14.500,22.125,1.012165
14.750,22.125,1.020853
15.000,22.125,1.029468
15.250,22.125,1.038012
15.500,22.125,1.046486
15.750,22.125,1.054891
16.000,22.125,1.063230
16.250,22.125,1.071505
16.500,22.125,1.079716
16.750,22.125,1.087865
17.000,22.125,1.095953
17.250,22.125,1.103982
17.500,22.125,1.111953
17.750,22.125,1.119867
18.000,22.125,1.127726
18.250,22.125,1.135531
18.500,22.125,1.143282
18.750,22.125,1.150981
19.000,22.125,1.158628
19.250,22.125,1.166226
19.500,22.125,1.173775
19.750,22.125,1.181275
20.000,22.125,1.188728
20.250,22.125,1.196134
20.500,22.125,1.203495
20.750,22.125,1.210811
21.000,22.125,1.218083
21.250,22.125,1.225313
21.500,22.125,1.232499
21.750,22.125,1.239644
22.000,22.125,1.246748
22.250,22.125,1.253812
22.500,22.125,1.260836
22.750,22.125,1.267821
23.000,22.125,1.274768
23.250,22.125,1.281678
23.500,22.125,1.288550
23.750,22.125,1.295386
24.000,22.125,1.302186
24.250,22.125,1.308951
24.500,22.125,1.315681
24.750,22.125,1.322376
25.000,22.125,1.329038
25.250,22.125,1.335667
25.500,22.125,1.342263
25.750,22.125,1.348826
26.000,22.125,1.355358
26.250,22.125,1.361859
26.500,22.125,1.368328
26.750,22.125,1.374768
27.000,22.125,1.381177
27.250,22.125,1.387556
27.500,22.125,1.393907
27.750,22.125,1.400228
28.000,22.125,1.406522
28.250,22.125,1.412787
28.500,22.125,1.419024
28.750,22.125,1.425235
29.000,22.125,1.431418
29.250,22.125,1.437574
29.500,22.125,1.443705
29.750,22.125,1.449809
30.000,22.125,1.455888
30.250,22.125,1.461942
30.500,22.125,1.467970
30.750,22.125,1.473974
31.000,22.125,1.479954
31.250,22.125,1.485910
31.500,22.125,1.491841
31.750,22.125,1.497750
32.000,22.125,1.503635
32.250,22.125,1.509497
32.500,22.125,1.515337
32.750,22.125,1.521154
33.000,22.125,1.526948
33.250,22.125,1.532721
33.500,22.125,1.538473
33.750,22.125,1.544203
34.000,22.125,1.549911
34.250,22.125,1.555599
34.500,22.125,1.561266
34.750,22.125,1.566913
35.000,22.125,1.572539
35.250,22.125,1.578145
35.500,22.125,1.583732
35.750,22.125,1.589298
36.000,22.125,1.594846
36.250,22.125,1.600374
36.500,22.125,1.605883
36.750,22.125,1.611373
37.000,22.125,1.616845
37.250,22.125,1.622298
37.500,22.125,1.627733
37.750,22.125,1.633149
38.000,22.125,1.638548
38.250,22.125,1.643929
38.500,22.125,1.649293
38.750,22.125,1.654639
39.000,22.125,1.659968
39.250,22.125,1.665280
39.500,22.125,1.670575
39.750,22.125,1.675853
40.000,22.125,1.681115
40.250,22.125,1.686360
40.500,22.125,1.691589
40.750,22.125,1.696802
41.000,22.125,1.701999
41.250,22.125,1.707180
41.500,22.125,1.712346
41.750,22.125,1.717496
42.000,22.125,1.722630
42.250,22.125,1.727749
42.500,22.125,1.732854
42.750,22.125,1.737943
43.000,22.125,1.743017
43.250,22.125,1.748077
43.500,22.125,1.753122
43.750,22.125,1.758152
44.000,22.125,1.763168
44.250,22.125,1.768170
44.500,22.125,1.773158
44.750,22.125,1.778132
45.000,22.125,1.783092
1.000,22.250,0.267455
1.250,22.250,0.299024
1.500,22.250,0.327565
1.750,22.250,0.353810
2.000,22.250,0.378239
2.250,22.250,0.401183
2.500,22.250,0.422884
2.750,22.250,0.443525
3.000,22.250,0.463246
3.250,22.250,0.482162
3.500,22.250,0.500363
3.750,22.250,0.517925
4.000,22.250,0.534911
4.250,22.250,0.551374
4.500,22.250,0.567359
4.750,22.250,0.582906
5.000,22.250,0.598049
5.250,22.250,0.612817
5.500,22.250,0.627239
5.750,22.250,0.641336
6.000,22.250,0.655129
6.250,22.250,0.668639
6.500,22.250,0.681880
6.750,22.250,0.694870
7.000,22.250,0.707621
7.250,22.250,0.720146
7.500,22.250,0.732457
7.750,22.250,0.744565
8.000,22.250,0.756478
8.250,22.250,0.768207
8.500,22.250,0.779760
8.750,22.250,0.791144
9.000,22.250,0.802366
9.250,22.250,0.813434
9.500,22.250,0.824353
9.750,22.250,0.835129
10.000,22.250,0.845768
10.250,22.250,0.856275
10.500,22.250,0.866655
10.750,22.250,0.876911
11.000,22.250,0.887049
11.250,22.250,0.897073
11.500,22.250,0.906986
11.750,22.250,0.916791
12.000,22.250,0.926493
12.250,22.250,0.936094
12.500,22.250,0.945598
12.750,22.250,0.955007
13.000,22.250,0.964324
13.250,22.250,0.973553
13.500,22.250,0.982694
13.750,22.250,0.991751
14.000,22.250,1.000727
14.250,22.250,1.009622
14.500,22.250,1.018440
14.750,22.250,1.027182
15.000,22.250,1.035851
15.250,22.250,1.044447
15.500,22.250,1.052973
15.750,22.250,1.061431
16.000,22.250,1.069822
16.250,22.250,1.078147
16.500,22.250,1.086409
16.750,22.250,1.094609
17.000,22.250,1.102747
17.250,22.250,1.110826
17.500,22.250,1.118847
17.750,22.250,1.126810
18.000,22.250,1.134717
18.250,22.250,1.142570
18.500,22.250,1.150369
18.750,22.250,1.158116
19.000,22.250,1.165811
19.250,22.250,1.173456
19.500,22.250,1.181051
19.750,22.250,1.188598
20.000,22.250,1.196097
20.250,22.250,1.203550
20.500,22.250,1.210956
20.750,22.250,1.218318
21.000,22.250,1.225635
21.250,22.250,1.232909
21.500,22.250,1.240140
21.750,22.250,1.247329
22.000,22.250,1.254477
22.250,22.250,1.261585
22.500,22.250,1.268653
22.750,22.250,1.275681
23.000,22.250,1.282671
23.250,22.250,1.289624
23.500,22.250,1.296539
23.750,22.250,1.303417
24.000,22.250,1.310259
24.250,22.250,1.317065
24.500,22.250,1.323837
24.750,22.250,1.330574
25.000,22.250,1.337277
25.250,22.250,1.343947
25.500,22.250,1.350584
25.750,22.250,1.357188
26.000,22.250,1.363761
26.250,22.250,1.370302
26.500,22.250,1.376811
26.750,22.250,1.383290
27.000,22.250,1.389739
27.250,22.250,1.396159
27.500,22.250,1.402548
27.750,22.250,1.408909
28.000,22.250,1.415241
28.250,22.250,1.421545
28.500,22.250,1.427822
28.750,22.250,1.434070
29.000,22.250,1.440292
29.250,22.250,1.446487
29.500,22.250,1.452655
29.750,22.250,1.458797
30.000,22.250,1.464914
30.250,22.250,1.471005
30.500,22.250,1.477071
30.750,22.250,1.483112
31.000,22.250,1.489129
31.250,22.250,1.495122
31.500,22.250,1.501090
31.750,22.250,1.507035
32.000,22.250,1.512957
32.250,22.250,1.518855
32.500,22.250,1.524731
32.750,22.250,1.530584
33.000,22.250,1.536415
33.250,22.250,1.542223
33.500,22.250,1.548010
33.750,22.250,1.553776
34.000,22.250,1.559520
34.250,22.250,1.565243
34.500,22.250,1.570945
34.750,22.250,1.576627
35.000,22.250,1.582288
35.250,22.250,1.587929
35.500,22.250,1.593550
35.750,22.250,1.599151
36.000,22.250,1.604733
36.250,22.250,1.610295
36.500,22.250,1.615838
36.750,22.250,1.621363
37.000,22.250,1.626868
37.250,22.250,1.632355
37.500,22.250,1.637824
37.750,22.250,1.643274
38.000,22.250,1.648706
38.250,22.250,1.654121
38.500,22.250,1.659518
38.750,22.250,1.664897
39.000,22.250,1.670259
39.250,22.250,1.675604
39.500,22.250,1.680932
39.750,22.250,1.686243
40.000,22.250,1.691537
40.250,22.250,1.696815
40.500,22.250,1.702076
40.750,22.250,1.707321
41.000,22.250,1.712551
41.250,22.250,1.717764
41.500,22.250,1.722961
41.750,22.250,1.728143
42.000,22.250,1.733310
42.250,22.250,1.738461
42.500,22.250,1.743596
42.750,22.250,1.748717
43.000,22.250,1.753823
43.250,22.250,1.758914
43.500,22.250,1.763990
43.750,22.250,1.769052
44.000,22.250,1.774099
44.250,22.250,1.779132
44.500,22.250,1.784151
44.750,22.250,1.789155
45.000,22.250,1.794146
1.000,22.375,0.269103
1.250,22.375,0.300867
1.500,22.375,0.329583
1.750,22.375,0.355990
2.000,22.375,0.380570
2.250,22.375,0.403655
2.500,22.375,0.425490
2.750,22.375,0.446257
3.000,22.375,0.466101
3.250,22.375,0.485133
3.500,22.375,0.503446
3.750,22.375,0.521116
4.000,22.375,0.538207
4.250,22.375,0.554771
4.500,22.375,0.570854
4.750,22.375,0.586497
5.000,22.375,0.601733
5.250,22.375,0.616593
5.500,22.375,0.631103
5.750,22.375,0.645287
6.000,22.375,0.659166
6.250,22.375,0.672758
6.500,22.375,0.686082
6.750,22.375,0.699151
7.000,22.375,0.711981
7.250,22.375,0.724583
7.500,22.375,0.736970
7.750,22.375,0.749152
8.000,22.375,0.761139
8.250,22.375,0.772940
8.500,22.375,0.784564
8.750,22.375,0.796018
9.000,22.375,0.807310
9.250,22.375,0.818446
9.500,22.375,0.829432
9.750,22.375,0.840275
10.000,22.375,0.850979
10.250,22.375,0.861551
10.500,22.375,0.871994
10.750,22.375,0.882314
11.000,22.375,0.892515
11.250,22.375,0.902600
11.500,22.375,0.912574
11.750,22.375,0.922440
12.000,22.375,0.932201
12.250,22.375,0.941862
12.500,22.375,0.951424
12.750,22.375,0.960891
13.000,22.375,0.970266
13.250,22.375,0.979551
13.500,22.375,0.988749
13.750,22.375,0.997862
14.000,22.375,1.006893
14.250,22.375,1.015843
14.500,22.375,1.024715
14.750,22.375,1.033511
15.000,22.375,1.042233
15.250,22.375,1.050882
15.500,22.375,1.059461
15.750,22.375,1.067971
16.000,22.375,1.076413
16.250,22.375,1.084790
16.500,22.375,1.093103
16.750,22.375,1.101353
17.000,22.375,1.109541
17.250,22.375,1.117670
17.500,22.375,1.125740
17.750,22.375,1.133753
18.000,22.375,1.141709
18.250,22.375,1.149610
18.500,22.375,1.157457
18.750,22.375,1.165252
19.000,22.375,1.172994
19.250,22.375,1.180686
19.500,22.375,1.188328
19.750,22.375,1.195921
20.000,22.375,1.203467
20.250,22.375,1.210965
20.500,22.375,1.218417
20.750,22.375,1.225824
21.000,22.375,1.233186
21.250,22.375,1.240505
21.500,22.375,1.247781
21.750,22.375,1.255014
22.000,22.375,1.262207
22.250,22.375,1.269358
22.500,22.375,1.276469
22.750,22.375,1.283541
23.000,22.375,1.290574
23.250,22.375,1.297569
23.500,22.375,1.304527
23.750,22.375,1.311447
24.000,22.375,1.318332
24.250,22.375,1.325180
24.500,22.375,1.331994
24.750,22.375,1.338772
25.000,22.375,1.345517
25.250,22.375,1.352228
25.500,22.375,1.358905
25.750,22.375,1.365550
26.000,22.375,1.372163
26.250,22.375,1.378744
26.500,22.375,1.385294
26.750,22.375,1.391813
27.000,22.375,1.398302
27.250,22.375,1.404761
27.500,22.375,1.411190
27.750,22.375,1.417590
28.000,22.375,1.423961
28.250,22.375,1.430304
28.500,22.375,1.436619
28.750,22.375,1.442906
29.000,22.375,1.449166
29.250,22.375,1.455399
29.500,22.375,1.461605
29.750,22.375,1.467785
30.000,22.375,1.473940
30.250,22.375,1.480068
30.500,22.375,1.486172
30.750,22.375,1.492250
31.000,22.375,1.498304
31.250,22.375,1.504333
31.500,22.375,1.510339
31.750,22.375,1.516320
32.000,22.375,1.522278
32.250,22.375,1.528213
32.500,22.375,1.534125
32.750,22.375,1.540014
33.000,22.375,1.545881
33.250,22.375,1.551726
33.500,22.375,1.557548
33.750,22.375,1.563349
34.000,22.375,1.569129
34.250,22.375,1.574887
34.500,22.375,1.580624
34.750,22.375,1.586341
35.000,22.375,1.592037
35.250,22.375,1.597713
35.500,22.375,1.603368
35.750,22.375,1.609004
36.000,22.375,1.614620
36.250,22.375,1.620217
36.500,22.375,1.625794
36.750,22.375,1.631352
37.000,22.375,1.636892
37.250,22.375,1.642412
37.500,22.375,1.647915
37.750,22.375,1.653399
38.000,22.375,1.658864
38.250,22.375,1.664312
38.500,22.375,1.669742
38.750,22.375,1.675155
39.000,22.375,1.680550
39.250,22.375,1.685928
39.500,22.375,1.691288
39.750,22.375,1.696632
40.000,22.375,1.701959
40.250,22.375,1.707269
40.500,22.375,1.712563
40.750,22.375,1.717841
41.000,22.375,1.723102
41.250,22.375,1.728347
41.500,22.375,1.733577
41.750,22.375,1.738791
42.000,22.375,1.743989
42.250,22.375,1.749172
42.500,22.375,1.754339
42.750,22.375,1.759491
43.000,22.375,1.764629
43.250,22.375,1.769751
43.500,22.375,1.774858
43.750,22.375,1.779951
44.000,22.375,1.785030
44.250,22.375,1.790094
44.500,22.375,1.795143
44.750,22.375,1.800179
45.000,22.375,1.805200
1.000,22.500,0.270751
1.250,22.500,0.302709
1.500,22.500,0.331601
1.750,22.500,0.358170
2.000,22.500,0.382900
2.250,22.500,0.406127
2.500,22.500,0.428095
2.750,22.500,0.448990
3.000,22.500,0.468955
3.250,22.500,0.488104
3.500,22.500,0.506529
3.750,22.500,0.524307
4.000,22.500,0.541502
4.250,22.500,0.558168
4.500,22.500,0.574350
4.750,22.500,0.590089
5.000,22.500,0.605418
5.250,22.500,0.620369
5.500,22.500,0.634968
5.750,22.500,0.649239
6.000,22.500,0.663202
6.250,22.500,0.676878
6.500,22.500,0.690283
6.750,22.500,0.703432
7.000,22.500,0.716340
7.250,22.500,0.729020
7.500,22.500,0.741483
7.750,22.500,0.753739
8.000,22.500,0.765800
8.250,22.500,0.777674
8.500,22.500,0.789369
8.750,22.500,0.800893
9.000,22.500,0.812254
9.250,22.500,0.823458
9.500,22.500,0.834511
9.750,22.500,0.845420
10.000,22.500,0.856190
10.250,22.500,0.866827
10.500,22.500,0.877334
10.750,22.500,0.887717
11.000,22.500,0.897980
11.250,22.500,0.908127
11.500,22.500,0.918162
11.750,22.500,0.928088
12.000,22.500,0.937910
12.250,22.500,0.947629
12.500,22.500,0.957250
12.750,22.500,0.966775
13.000,22.500,0.976207
13.250,22.500,0.985549
13.500,22.500,0.994803
13.750,22.500,1.003972
14.000,22.500,1.013058
14.250,22.500,1.022063
14.500,22.500,1.030990
14.750,22.500,1.039840
15.000,22.500,1.048615
15.250,22.500,1.057317
15.500,22.500,1.065949
15.750,22.500,1.074511
16.000,22.500,1.083005
16.250,22.500,1.091433
16.500,22.500,1.099797
16.750,22.500,1.108097
17.000,22.500,1.116336
17.250,22.500,1.124514
17.500,22.500,1.132634
17.750,22.500,1.140695
18.000,22.500,1.148700
18.250,22.500,1.156650
18.500,22.500,1.164545
18.750,22.500,1.172387
19.000,22.500,1.180177
19.250,22.500,1.187916
19.500,22.500,1.195605
19.750,22.500,1.203245
20.000,22.500,1.210836
20.250,22.500,1.218380
20.500,22.500,1.225878
20.750,22.500,1.233330
21.000,22.500,1.240738
21.250,22.500,1.248101
21.500,22.500,1.255422
21.750,22.500,1.262700
22.000,22.500,1.269936
22.250,22.500,1.277131
22.500,22.500,1.284286
22.750,22.500,1.291401
23.000,22.500,1.298477
23.250,22.500,1.305515
23.500,22.500,1.312515
23.750,22.500,1.319478
24.000,22.500,1.326405
24.250,22.500,1.333295
24.500,22.500,1.340150
24.750,22.500,1.346970
25.000,22.500,1.353756
25.250,22.500,1.360508
25.500,22.500,1.367227
25.750,22.500,1.373912
26.000,22.500,1.380566
26.250,22.500,1.387187
26.500,22.500,1.393777
26.750,22.500,1.400336
27.000,22.500,1.406865
27.250,22.500,1.413363
27.500,22.500,1.419831
27.750,22.500,1.426270
28.000,22.500,1.432681
28.250,22.500,1.439062
28.500,22.500,1.445416
28.750,22.500,1.451742
29.000,22.500,1.458040
29.250,22.500,1.464311
29.500,22.500,1.470555
29.750,22.500,1.476773
30.000,22.500,1.482965
30.250,22.500,1.489132
30.500,22.500,1.495272
30.750,22.500,1.501388
31.000,22.500,1.507479
31.250,22.500,1.513545
31.500,22.500,1.519587
31.750,22.500,1.525606
32.000,22.500,1.531600
32.250,22.500,1.537571
32.500,22.500,1.543519
32.750,22.500,1.549445
33.000,22.500,1.555347
33.250,22.500,1.561228
33.500,22.500,1.567086
33.750,22.500,1.572922
34.000,22.500,1.578737
34.250,22.500,1.584531
34.500,22.500,1.590303
34.750,22.500,1.596055
35.000,22.500,1.601786
35.250,22.500,1.607496
35.500,22.500,1.613187
35.750,22.500,1.618857
36.000,22.500,1.624507
36.250,22.500,1.630138
36.500,22.500,1.635750
36.750,22.500,1.641342
37.000,22.500,1.646915
37.250,22.500,1.652470
37.500,22.500,1.658006
37.750,22.500,1.663523
38.000,22.500,1.669023
38.250,22.500,1.674504
38.500,22.500,1.679967
38.750,22.500,1.685413
39.000,22.500,1.690841
39.250,22.500,1.696251
39.500,22.500,1.701645
39.750,22.500,1.707021
40.000,22.500,1.712381
40.250,22.500,1.717724
40.500,22.500,1.723050
40.750,22.500,1.728360
41.000,22.500,1.733654
41.250,22.500,1.738931
41.500,22.500,1.744193
41.750,22.500,1.749438
42.000,22.500,1.754668
42.250,22.500,1.759883
42.500,22.500,1.765082
42.750,22.500,1.770266
43.000,22.500,1.775434
43.250,22.500,1.780588
43.500,22.500,1.785727
43.750,22.500,1.790851
44.000,22.500,1.795960
44.250,22.500,1.801055
44.500,22.500,1.806136
44.750,22.500,1.811202
45.000,22.500,1.816254
1.000,22.625,0.272399
1.250,22.625,0.304551
1.500,22.625,0.333619
1.750,22.625,0.360350
2.000,22.625,0.385230
2.250,22.625,0.408599
2.500,22.625,0.430701
2.750,22.625,0.451723
3.000,22.625,0.471809
3.250,22.625,0.491074
3.500,22.625,0.509612
3.750,22.625,0.527499
4.000,22.625,0.544798
4.250,22.625,0.561565
4.500,22.625,0.577846
4.750,22.625,0.593680
5.000,22.625,0.609103
5.250,22.625,0.624145
5.500,22.625,0.638832
5.750,22.625,0.653190
6.000,22.625,0.667239
6.250,22.625,0.680998
6.500,22.625,0.694484
6.750,22.625,0.707714
7.000,22.625,0.720700
7.250,22.625,0.733457
7.500,22.625,0.745996
7.750,22.625,0.758327
8.000,22.625,0.770461
8.250,22.625,0.782407
8.500,22.625,0.794173
8.750,22.625,0.805767
9.000,22.625,0.817197
9.250,22.625,0.828469
9.500,22.625,0.839590
9.750,22.625,0.850566
10.000,22.625,0.861402
10.250,22.625,0.872103
10.500,22.625,0.882674
10.750,22.625,0.893120
11.000,22.625,0.903446
11.250,22.625,0.913654
11.500,22.625,0.923750
11.750,22.625,0.933737
12.000,22.625,0.943618
12.250,22.625,0.953397
12.500,22.625,0.963076
12.750,22.625,0.972659
13.000,22.625,0.982149
13.250,22.625,0.991548
13.500,22.625,1.000858
13.750,22.625,1.010083
14.000,22.625,1.019224
14.250,22.625,1.028284
14.500,22.625,1.037265
14.750,22.625,1.046169
15.000,22.625,1.054997
15.250,22.625,1.063752
15.500,22.625,1.072436
15.750,22.625,1.081050
16.000,22.625,1.089596
16.250,22.625,1.098076
16.500,22.625,1.106490
16.750,22.625,1.114841
17.000,22.625,1.123130
17.250,22.625,1.131358
17.500,22.625,1.139527
17.750,22.625,1.147638
18.000,22.625,1.155691
18.250,22.625,1.163689
18.500,22.625,1.171633
18.750,22.625,1.179523
19.000,22.625,1.187360
19.250,22.625,1.195146
19.500,22.625,1.202882
19.750,22.625,1.210568
20.000,22.625,1.218206
20.250,22.625,1.225796
20.500,22.625,1.233339
20.750,22.625,1.240837
21.000,22.625,1.248289
21.250,22.625,1.255698
21.500,22.625,1.263063
21.750,22.625,1.270385
22.000,22.625,1.277665
22.250,22.625,1.284904
22.500,22.625,1.292102
22.750,22.625,1.299261
23.000,22.625,1.306380
23.250,22.625,1.313461
23.500,22.625,1.320504
23.750,22.625,1.327509
24.000,22.625,1.334477
24.250,22.625,1.341410
24.500,22.625,1.348307
24.750,22.625,1.355168
25.000,22.625,1.361995
25.250,22.625,1.368788
25.500,22.625,1.375548
25.750,22.625,1.382274
26.000,22.625,1.388968
26.250,22.625,1.395630
26.500,22.625,1.402260
26.750,22.625,1.408859
27.000,22.625,1.415427
27.250,22.625,1.421965
27.500,22.625,1.428473
27.750,22.625,1.434951
28.000,22.625,1.441400
28.250,22.625,1.447821
28.500,22.625,1.454213
28.750,22.625,1.460577
29.000,22.625,1.466914
29.250,22.625,1.473223
29.500,22.625,1.479506
29.750,22.625,1.485762
30.000,22.625,1.491991
30.250,22.625,1.498195
30.500,22.625,1.504373
30.750,22.625,1.510526
31.000,22.625,1.516654
31.250,22.625,1.522757
31.500,22.625,1.528836
31.750,22.625,1.534891
32.000,22.625,1.540922
32.250,22.625,1.546929
32.500,22.625,1.552914
32.750,22.625,1.558875
33.000,22.625,1.564814
33.250,22.625,1.570730
33.500,22.625,1.576624
33.750,22.625,1.582496
34.000,22.625,1.588346
34.250,22.625,1.594175
34.500,22.625,1.599982
34.750,22.625,1.605769
35.000,22.625,1.611535
35.250,22.625,1.617280
35.500,22.625,1.623005
35.750,22.625,1.628710
36.000,22.625,1.634394
36.250,22.625,1.640060
36.500,22.625,1.645705
36.750,22.625,1.651332
37.000,22.625,1.656939
37.250,22.625,1.662527
37.500,22.625,1.668097
37.750,22.625,1.673648
38.000,22.625,1.679181
38.250,22.625,1.684695
38.500,22.625,1.690192
38.750,22.625,1.695671
39.000,22.625,1.701132
39.250,22.625,1.706575
39.500,22.625,1.712002
39.750,22.625,1.717411
40.000,22.625,1.722803
40.250,22.625,1.728178
40.500,22.625,1.733537
40.750,22.625,1.738879
41.000,22.625,1.744205
41.250,22.625,1.749515
41.500,22.625,1.754808
41.750,22.625,1.760086
42.000,22.625,1.765348
42.250,22.625,1.770594
42.500,22.625,1.775825
42.750,22.625,1.781040
43.000,22.625,1.786240
43.250,22.625,1.791425
43.500,22.625,1.796595
43.750,22.625,1.801751
44.000,22.625,1.806891
44.250,22.625,1.812017
44.500,22.625,1.817128
44.750,22.625,1.822226
45.000,22.625,1.827309
1.000,22.750,0.274047
1.250,22.750,0.306394
1.500,22.750,0.335638
1.750,22.750,0.362530
2.000,22.750,0.387561
2.250,22.750,0.411070
2.500,22.750,0.433306
2.750,22.750,0.454455
3.000,22.750,0.474663
3.250,22.750,0.494045
3.500,22.750,0.512695
3.750,22.750,0.530690
4.000,22.750,0.548094
4.250,22.750,0.564962
4.500,22.750,0.581341
4.750,22.750,0.597271
5.000,22.750,0.612788
5.250,22.750,0.627920
5.500,22.750,0.642697
5.750,22.750,0.657141
6.000,22.750,0.671275
6.250,22.750,0.685117
6.500,22.750,0.698685
6.750,22.750,0.711995
7.000,22.750,0.725060
7.250,22.750,0.737894
7.500,22.750,0.750508
7.750,22.750,0.762914
8.000,22.750,0.775122
8.250,22.750,0.787140
8.500,22.750,0.798977
8.750,22.750,0.810642
9.000,22.750,0.822141
9.250,22.750,0.833481
9.500,22.750,0.844669
9.750,22.750,0.855711
10.000,22.750,0.866613
10.250,22.750,0.877378
10.500,22.750,0.888014
10.750,22.750,0.898523
11.000,22.750,0.908911
11.250,22.750,0.919181
11.500,22.750,0.929338
11.750,22.750,0.939386
12.000,22.750,0.949326
12.250,22.750,0.959164
12.500,22.750,0.968902
12.750,22.750,0.978543
13.000,22.750,0.988090
13.250,22.750,0.997546
13.500,22.750,1.006913
13.750,22.750,1.016193
14.000,22.750,1.025390
14.250,22.750,1.034505
14.500,22.750,1.043540
14.750,22.750,1.052497
15.000,22.750,1.061379
15.250,22.750,1.070188
15.500,22.750,1.078924
15.750,22.750,1.087590
16.000,22.750,1.096188
16.250,22.750,1.104719
16.500,22.750,1.113184
16.750,22.750,1.121585
17.000,22.750,1.129924
17.250,22.750,1.138202
17.500,22.750,1.146421
17.750,22.750,1.154580
18.000,22.750,1.162683
18.250,22.750,1.170729
18.500,22.750,1.178720
18.750,22.750,1.186658
19.000,22.750,1.194543
19.250,22.750,1.202376
19.500,22.750,1.210159
19.750,22.750,1.217891
20.000,22.750,1.225575
20.250,22.750,1.233211
20.500,22.750,1.240800
20.750,22.750,1.248343
21.000,22.750,1.255841
21.250,22.750,1.263294
21.500,22.750,1.270703
21.750,22.750,1.278070
22.000,22.750,1.285394
22.250,22.750,1.292677
22.500,22.750,1.299919
22.750,22.750,1.307121
23.000,22.750,1.314283
23.250,22.750,1.321407
23.500,22.750,1.328492
23.750,22.750,1.335540
24.000,22.750,1.342550
24.250,22.750,1.349525
24.500,22.750,1.356463
24.750,22.750,1.363366
25.000,22.750,1.370235
25.250,22.750,1.377069
25.500,22.750,1.383869
25.750,22.750,1.390636
26.000,22.750,1.397371
26.250,22.750,1.404073
26.500,22.750,1.410743
26.750,22.750,1.417382
27.000,22.750,1.423990
27.250,22.750,1.430567
27.500,22.750,1.437114
27.750,22.750,1.443632
28.000,22.750,1.450120
28.250,22.750,1.456579
28.500,22.750,1.463010
28.750,22.750,1.469413
29.000,22.750,1.475788
29.250,22.750,1.482135
29.500,22.750,1.488456
29.750,22.750,1.494750
30.000,22.750,1.501017
30.250,22.750,1.507258
30.500,22.750,1.513474
30.750,22.750,1.519664
31.000,22.750,1.525829
31.250,22.750,1.531969
31.500,22.750,1.538085
31.750,22.750,1.544176
32.000,22.750,1.550244
32.250,22.750,1.556287
32.500,22.750,1.562308
32.750,22.750,1.568305
33.000,22.750,1.574280
33.250,22.750,1.580232
33.500,22.750,1.586161
33.750,22.750,1.592069
34.000,22.750,1.597955
34.250,22.750,1.603819
34.500,22.750,1.609661
34.750,22.750,1.615483
35.000,22.750,1.621284
35.250,22.750,1.627064
35.500,22.750,1.632823
35.750,22.750,1.638562
36.000,22.750,1.644282
36.250,22.750,1.649981
36.500,22.750,1.655661
36.750,22.750,1.661321
37.000,22.750,1.666962
37.250,22.750,1.672585
37.500,22.750,1.678188
37.750,22.750,1.683773
38.000,22.750,1.689339
38.250,22.750,1.694887
38.500,22.750,1.700417
38.750,22.750,1.705928
39.000,22.750,1.711423
39.250,22.750,1.716899
39.500,22.750,1.722358
39.750,22.750,1.727800
40.000,22.750,1.733225
40.250,22.750,1.738633
40.500,22.750,1.744024
40.750,22.750,1.749399
41.000,22.750,1.754757
41.250,22.750,1.760098
41.500,22.750,1.765424
41.750,22.750,1.770733
42.000,22.750,1.776027
42.250,22.750,1.781305
42.500,22.750,1.786567
42.750,22.750,1.791814
43.000,22.750,1.797046
43.250,22.750,1.802262
43.500,22.750,1.807464
43.750,22.750,1.812650
44.000,22.750,1.817822
44.250,22.750,1.822979
44.500,22.750,1.828121
44.750,22.750,1.833249
45.000,22.750,1.838363
1.000,22.875,0.275695
1.250,22.875,0.308236
1.500,22.875,0.337656
1.750,22.875,0.364710
2.000,22.875,0.389891
2.250,22.875,0.413542
2.500,22.875,0.435912
2.750,22.875,0.457188
3.000,22.875,0.477517
3.250,22.875,0.497016
3.500,22.875,0.515778
3.750,22.875,0.533881
4.000,22.875,0.551390
4.250,22.875,0.568359
4.500,22.875,0.584837
4.750,22.875,0.600863
5.000,22.875,0.616472
5.250,22.875,0.631696
5.500,22.875,0.646562
5.750,22.875,0.661093
6.000,22.875,0.675312
6.250,22.875,0.689237
6.500,22.875,0.702887
6.750,22.875,0.716276
7.000,22.875,0.729420
7.250,22.875,0.742331
7.500,22.875,0.755021
7.750,22.875,0.767502
8.000,22.875,0.779783
8.250,22.875,0.791873
8.500,22.875,0.803782
8.750,22.875,0.815516
9.000,22.875,0.827084
9.250,22.875,0.838493
9.500,22.875,0.849748
9.750,22.875,0.860857
10.000,22.875,0.871824
10.250,22.875,0.882654
10.500,22.875,0.893353
10.750,22.875,0.903926
11.000,22.875,0.914376
11.250,22.875,0.924709
11.500,22.875,0.934927
11.750,22.875,0.945034
12.000,22.875,0.955035
12.250,22.875,0.964932
12.500,22.875,0.974728
12.750,22.875,0.984427
13.000,22.875,0.994032
13.250,22.875,1.003544
13.500,22.875,1.012967
13.750,22.875,1.022304
14.000,22.875,1.031556
14.250,22.875,1.040725
14.500,22.875,1.049815
14.750,22.875,1.058826
15.000,22.875,1.067761
15.250,22.875,1.076623
15.500,22.875,1.085412
15.750,22.875,1.094130
16.000,22.875,1.102779
16.250,22.875,1.111361
16.500,22.875,1.119878
16.750,22.875,1.128330
17.000,22.875,1.136719
17.250,22.875,1.145047
17.500,22.875,1.153314
17.750,22.875,1.161523
18.000,22.875,1.169674
18.250,22.875,1.177769
18.500,22.875,1.185808
18.750,22.875,1.193794
19.000,22.875,1.201726
19.250,22.875,1.209606
19.500,22.875,1.217435
19.750,22.875,1.225215
20.000,22.875,1.232945
20.250,22.875,1.240627
20.500,22.875,1.248261
20.750,22.875,1.255850
21.000,22.875,1.263392
21.250,22.875,1.270890
21.500,22.875,1.278344
21.750,22.875,1.285755
22.000,22.875,1.293123
22.250,22.875,1.300450
22.500,22.875,1.307735
22.750,22.875,1.314980
23.000,22.875,1.322186
23.250,22.875,1.329352
23.500,22.875,1.336480
23.750,22.875,1.343570
24.000,22.875,1.350623
24.250,22.875,1.357639
24.500,22.875,1.364620
24.750,22.875,1.371564
25.000,22.875,1.378474
25.250,22.875,1.385349
25.500,22.875,1.392191
25.750,22.875,1.398998
26.000,22.875,1.405773
26.250,22.875,1.412516
26.500,22.875,1.419226
26.750,22.875,1.425905
27.000,22.875,1.432552
27.250,22.875,1.439169
27.500,22.875,1.445756
27.750,22.875,1.452313
28.000,22.875,1.458840
28.250,22.875,1.465338
28.500,22.875,1.471808
28.750,22.875,1.478249
29.000,22.875,1.484662
29.250,22.875,1.491048
29.500,22.875,1.497406
29.750,22.875,1.503738
30.000,22.875,1.510043
30.250,22.875,1.516321
30.500,22.875,1.522574
30.750,22.875,1.528802
31.000,22.875,1.535004
31.250,22.875,1.541181
31.500,22.875,1.547333
31.750,22.875,1.553461
32.000,22.875,1.559565
32.250,22.875,1.565646
32.500,22.875,1.571702
32.750,22.875,1.577736
33.000,22.875,1.583746
33.250,22.875,1.589734
33.500,22.875,1.595699
33.750,22.875,1.601642
34.000,22.875,1.607563
34.250,22.875,1.613463
34.500,22.875,1.619340
34.750,22.875,1.625197
35.000,22.875,1.631032
35.250,22.875,1.636847
35.500,22.875,1.642641
35.750,22.875,1.648415
36.000,22.875,1.654169
36.250,22.875,1.659903
36.500,22.875,1.665617
36.750,22.875,1.671311
37.000,22.875,1.676986
37.250,22.875,1.682642
37.500,22.875,1.688279
37.750,22.875,1.693897
38.000,22.875,1.699497
38.250,22.875,1.705078
38.500,22.875,1.710641
38.750,22.875,1.716186
39.000,22.875,1.721714
39.250,22.875,1.727223
39.500,22.875,1.732715
39.750,22.875,1.738190
40.000,22.875,1.743647
40.250,22.875,1.749087
40.500,22.875,1.754511
40.750,22.875,1.759918
41.000,22.875,1.765308
41.250,22.875,1.770682
41.500,22.875,1.776040
41.750,22.875,1.781381
42.000,22.875,1.786707
42.250,22.875,1.792016
42.500,22.875,1.797310
42.750,22.875,1.802589
43.000,22.875,1.807852
43.250,22.875,1.813100
43.500,22.875,1.818332
43.750,22.875,1.823550
44.000,22.875,1.828752
44.250,22.875,1.833940
44.500,22.875,1.839114
44.750,22.875,1.844273
45.000,22.875,1.849417
1.000,23.000,0.277343
1.250,23.000,0.310079
1.500,23.000,0.339674
1.750,23.000,0.366890
2.000,23.000,0.392222
2.250,23.000,0.416014
2.500,23.000,0.438517
2.750,23.000,0.459921
3.000,23.000,0.480372
3.250,23.000,0.499987
3.500,23.000,0.518861
3.750,23.000,0.537072
4.000,23.000,0.554685
4.250,23.000,0.571757
4.500,23.000,0.588333
4.750,23.000,0.604454
5.000,23.000,0.620157
5.250,23.000,0.635472
5.500,23.000,0.650426
5.750,23.000,0.665044
6.000,23.000,0.679348
6.250,23.000,0.693357
6.500,23.000,0.707088
6.750,23.000,0.720557
7.000,23.000,0.733780
7.250,23.000,0.746768
7.500,23.000,0.759534
7.750,23.000,0.772089
8.000,23.000,0.784444
8.250,23.000,0.796606
8.500,23.000,0.808586
8.750,23.000,0.820391
9.000,23.000,0.832028
9.250,23.000,0.843505
9.500,23.000,0.854828
9.750,23.000,0.866002
10.000,23.000,0.877035
10.250,23.000,0.887930
10.500,23.000,0.898693
10.750,23.000,0.909329
11.000,23.000,0.919842
11.250,23.000,0.930236
11.500,23.000,0.940515
11.750,23.000,0.950683
12.000,23.000,0.960743
12.250,23.000,0.970699
12.500,23.000,0.980554
12.750,23.000,0.990311
13.000,23.000,0.999973
13.250,23.000,1.009543
13.500,23.000,1.019022
13.750,23.000,1.028414
14.000,23.000,1.037721
14.250,23.000,1.046946
14.500,23.000,1.056089
14.750,23.000,1.065155
15.000,23.000,1.074144
15.250,23.000,1.083058
15.500,23.000,1.091899
15.750,23.000,1.100670
16.000,23.000,1.109371
16.250,23.000,1.118004
16.500,23.000,1.126571
16.750,23.000,1.135074
17.000,23.000,1.143513
17.250,23.000,1.151891
17.500,23.000,1.160208
17.750,23.000,1.168465
18.000,23.000,1.176665
18.250,23.000,1.184808
18.500,23.000,1.192896
18.750,23.000,1.200929
19.000,23.000,1.208909
19.250,23.000,1.216836
19.500,23.000,1.224712
19.750,23.000,1.232538
20.000,23.000,1.240314
20.250,23.000,1.248042
20.500,23.000,1.255722
20.750,23.000,1.263356
21.000,23.000,1.270944
21.250,23.000,1.278487
21.500,23.000,1.285985
21.750,23.000,1.293440
22.000,23.000,1.300852
22.250,23.000,1.308223
22.500,23.000,1.315552
22.750,23.000,1.322840
23.000,23.000,1.330089
23.250,23.000,1.337298
23.500,23.000,1.344469
23.750,23.000,1.351601
24.000,23.000,1.358696
24.250,23.000,1.365754
24.500,23.000,1.372776
24.750,23.000,1.379762
25.000,23.000,1.386713
25.250,23.000,1.393630
25.500,23.000,1.400512
25.750,23.000,1.407360
26.000,23.000,1.414176
26.250,23.000,1.420958
26.500,23.000,1.427709
26.750,23.000,1.434427
27.000,23.000,1.441115
27.250,23.000,1.447771
27.500,23.000,1.454397
27.750,23.000,1.460993
28.000,23.000,1.467560
28.250,23.000,1.474097
28.500,23.000,1.480605
28.750,23.000,1.487084
29.000,23.000,1.493536
29.250,23.000,1.499960
29.500,23.000,1.506356
29.750,23.000,1.512726
30.000,23.000,1.519068
30.250,23.000,1.525385
30.500,23.000,1.531675
30.750,23.000,1.537940
31.000,23.000,1.544179
31.250,23.000,1.550393
31.500,23.000,1.556582
31.750,23.000,1.562747
32.000,23.000,1.568887
32.250,23.000,1.575004
32.500,23.000,1.581097
32.750,23.000,1.587166
33.000,23.000,1.593212
33.250,23.000,1.599236
33.500,23.000,1.605237
33.750,23.000,1.611215
34.000,23.000,1.617172
34.250,23.000,1.623106
34.500,23.000,1.629019
34.750,23.000,1.634911
35.000,23.000,1.640781
35.250,23.000,1.646631
35.500,23.000,1.652460
35.750,23.000,1.658268
36.000,23.000,1.664056
36.250,23.000,1.669824
36.500,23.000,1.675572
36.750,23.000,1.681301
37.000,23.000,1.687010
37.250,23.000,1.692699
37.500,23.000,1.698370
37.750,23.000,1.704022
38.000,23.000,1.709655
38.250,23.000,1.715270
38.500,23.000,1.720866
38.750,23.000,1.726444
39.000,23.000,1.732004
39.250,23.000,1.737547
39.500,23.000,1.743072
39.750,23.000,1.748579
40.000,23.000,1.754069
40.250,23.000,1.759542
40.500,23.000,1.764998
40.750,23.000,1.770437
41.000,23.000,1.775860
41.250,23.000,1.781266
41.500,23.000,1.786655
41.750,23.000,1.792029
42.000,23.000,1.797386
42.250,23.000,1.802727
42.500,23.000,1.808053
42.750,23.000,1.813363
43.000,23.000,1.818658
43.250,23.000,1.823937
43.500,23.000,1.829201
43.750,23.000,1.834449
44.000,23.000,1.839683
44.250,23.000,1.844902
44.500,23.000,1.850106
44.750,23.000,1.855296
45.000,23.000,1.860471
1.000,23.125,0.278991
1.250,23.125,0.311921
1.500,23.125,0.341692
1.750,23.125,0.369070
2.000,23.125,0.394552
2.250,23.125,0.418486
2.500,23.125,0.441123
2.750,23.125,0.462653
3.000,23.125,0.483226
3.250,23.125,0.502957
3.500,23.125,0.521944
3.750,23.125,0.540263
4.000,23.125,0.557981
4.250,23.125,0.575154
4.500,23.125,0.591828
4.750,23.125,0.608046
5.000,23.125,0.623842
5.250,23.125,0.639248
5.500,23.125,0.654291
5.750,23.125,0.668996
6.000,23.125,0.683384
6.250,23.125,0.697476
6.500,23.125,0.711289
6.750,23.125,0.724839
7.000,23.125,0.738140
7.250,23.125,0.751205
7.500,23.125,0.764047
7.750,23.125,0.776677
8.000,23.125,0.789104
8.250,23.125,0.801339
8.500,23.125,0.813390
8.750,23.125,0.825265
9.000,23.125,0.836972
9.250,23.125,0.848517
9.500,23.125,0.859907
9.750,23.125,0.871148
10.000,23.125,0.882246
10.250,23.125,0.893206
10.500,23.125,0.904033
10.750,23.125,0.914732
11.000,23.125,0.925307
11.250,23.125,0.935763
11.500,23.125,0.946103
11.750,23.125,0.956331
12.000,23.125,0.966452
12.250,23.125,0.976467
12.500,23.125,0.986381
12.750,23.125,0.996196
13.000,23.125,1.005915
13.250,23.125,1.015541
13.500,23.125,1.025077
13.750,23.125,1.034525
14.000,23.125,1.043887
14.250,23.125,1.053166
14.500,23.125,1.062364
14.750,23.125,1.071484
15.000,23.125,1.080526
15.250,23.125,1.089493
15.500,23.125,1.098387
15.750,23.125,1.107209
16.000,23.125,1.115962
16.250,23.125,1.124647
16.500,23.125,1.133265
16.750,23.125,1.141818
17.000,23.125,1.150307
17.250,23.125,1.158735
17.500,23.125,1.167101
17.750,23.125,1.175408
18.000,23.125,1.183657
18.250,23.125,1.191848
18.500,23.125,1.199984
18.750,23.125,1.208064
19.000,23.125,1.216092
19.250,23.125,1.224066
19.500,23.125,1.231989
19.750,23.125,1.239861
20.000,23.125,1.247684
20.250,23.125,1.255457
20.500,23.125,1.263183
20.750,23.125,1.270862
21.000,23.125,1.278495
21.250,23.125,1.286083
21.500,23.125,1.293626
21.750,23.125,1.301125
22.000,23.125,1.308582
22.250,23.125,1.315996
22.500,23.125,1.323368
22.750,23.125,1.330700
23.000,23.125,1.337992
23.250,23.125,1.345244
23.500,23.125,1.352457
23.750,23.125,1.359632
24.000,23.125,1.366769
24.250,23.125,1.373869
24.500,23.125,1.380933
24.750,23.125,1.387960
25.000,23.125,1.394953
25.250,23.125,1.401910
25.500,23.125,1.408833
25.750,23.125,1.415722
26.000,23.125,1.422578
26.250,23.125,1.429401
26.500,23.125,1.436192
26.750,23.125,1.442950
27.000,23.125,1.449677
27.250,23.125,1.456373
27.500,23.125,1.463039
27.750,23.125,1.469674
28.000,23.125,1.476279
28.250,23.125,1.482855
28.500,23.125,1.489402
28.750,23.125,1.495920
29.000,23.125,1.502410
29.250,23.125,1.508872
29.500,23.125,1.515307
29.750,23.125,1.521714
30.000,23.125,1.528094
30.250,23.125,1.534448
30.500,23.125,1.540776
30.750,23.125,1.547077
31.000,23.125,1.553354
31.250,23.125,1.559605
31.500,23.125,1.565831
31.750,23.125,1.572032
32.000,23.125,1.578209
32.250,23.125,1.584362
32.500,23.125,1.590491
32.750,23.125,1.596596
33.000,23.125,1.602679
33.250,23.125,1.608738
33.500,23.125,1.614775
33.750,23.125,1.620789
34.000,23.125,1.626780
34.250,23.125,1.632750
34.500,23.125,1.638698
34.750,23.125,1.644625
35.000,23.125,1.650530
35.250,23.125,1.656415
35.500,23.125,1.662278
35.750,23.125,1.668121
36.000,23.125,1.673943
36.250,23.125,1.679746
36.500,23.125,1.685528
36.750,23.125,1.691290
37.000,23.125,1.697033
37.250,23.125,1.702757
37.500,23.125,1.708461
37.750,23.125,1.714147
38.000,23.125,1.719813
38.250,23.125,1.725461
38.500,23.125,1.731091
38.750,23.125,1.736702
39.000,23.125,1.742295
39.250,23.125,1.747871
39.500,23.125,1.753428
39.750,23.125,1.758968
40.000,23.125,1.764491
40.250,23.125,1.769997
40.500,23.125,1.775485
40.750,23.125,1.780956
41.000,23.125,1.786411
41.250,23.125,1.791849
41.500,23.125,1.797271
41.750,23.125,1.802676
42.000,23.125,1.808065
42.250,23.125,1.813439
42.500,23.125,1.818796
42.750,23.125,1.824137
43.000,23.125,1.829463
43.250,23.125,1.834774
43.500,23.125,1.840069
43.750,23.125,1.845349
44.000,23.125,1.850614
44.250,23.125,1.855864
44.500,23.125,1.861099
44.750,23.125,1.866320
45.000,23.125,1.871525
1.000,23.250,0.280638
1.250,23.250,0.313763
1.500,23.250,0.343710
1.750,23.250,0.371250
2.000,23.250,0.396883
2.250,23.250,0.420958
2.500,23.250,0.443728
2.750,23.250,0.465386
3.000,23.250,0.486080
3.250,23.250,0.505928
3.500,23.250,0.525026
3.750,23.250,0.543454
4.000,23.250,0.561277
4.250,23.250,0.578551
4.500,23.250,0.595324
4.750,23.250,0.611637
5.000,23.250,0.627527
5.250,23.250,0.643023
5.500,23.250,0.658155
5.750,23.250,0.672947
6.000,23.250,0.687421
6.250,23.250,0.701596
6.500,23.250,0.715490
6.750,23.250,0.729120
7.000,23.250,0.742499
7.250,23.250,0.755642
7.500,23.250,0.768560
7.750,23.250,0.781264
8.000,23.250,0.793765
8.250,23.250,0.806072
8.500,23.250,0.818195
8.750,23.250,0.830140
9.000,23.250,0.841915
9.250,23.250,0.853528
9.500,23.250,0.864986
9.750,23.250,0.876293
10.000,23.250,0.887457
10.250,23.250,0.898481
10.500,23.250,0.909372
10.750,23.250,0.920135
11.000,23.250,0.930772
11.250,23.250,0.941290
11.500,23.250,0.951691
11.750,23.250,0.961980
12.000,23.250,0.972160
12.250,23.250,0.982234
12.500,23.250,0.992207
12.750,23.250,1.002080
13.000,23.250,1.011856
13.250,23.250,1.021539
13.500,23.250,1.031131
13.750,23.250,1.040635
14.000,23.250,1.050053
14.250,23.250,1.059387
14.500,23.250,1.068639
14.750,23.250,1.077812
15.000,23.250,1.086908
15.250,23.250,1.095928
15.500,23.250,1.104875
15.750,23.250,1.113749
16.000,23.250,1.122554
16.250,23.250,1.131290
16.500,23.250,1.139959
16.750,23.250,1.148562
17.000,23.250,1.157102
17.250,23.250,1.165579
17.500,23.250,1.173995
17.750,23.250,1.182351
18.000,23.250,1.190648
18.250,23.250,1.198888
18.500,23.250,1.207071
18.750,23.250,1.215200
19.000,23.250,1.223274
19.250,23.250,1.231296
19.500,23.250,1.239266
19.750,23.250,1.247184
20.000,23.250,1.255053
20.250,23.250,1.262873
20.500,23.250,1.270644
20.750,23.250,1.278369
21.000,23.250,1.286047
21.250,23.250,1.293679
21.500,23.250,1.301267
21.750,23.250,1.308810
22.000,23.250,1.316311
22.250,23.250,1.323769
22.500,23.250,1.331185
22.750,23.250,1.338560
23.000,23.250,1.345895
23.250,23.250,1.353189
23.500,23.250,1.360445
23.750,23.250,1.367662
24.000,23.250,1.374842
24.250,23.250,1.381984
24.500,23.250,1.389089
24.750,23.250,1.396158
25.000,23.250,1.403192
25.250,23.250,1.410191
25.500,23.250,1.417155
25.750,23.250,1.424084
26.000,23.250,1.430981
26.250,23.250,1.437844
26.500,23.250,1.444675
26.750,23.250,1.451473
27.000,23.250,1.458240
27.250,23.250,1.464976
27.500,23.250,1.471680
27.750,23.250,1.478355
28.000,23.250,1.484999
28.250,23.250,1.491614
28.500,23.250,1.498199
28.750,23.250,1.504756
29.000,23.250,1.511284
29.250,23.250,1.517784
29.500,23.250,1.524257
29.750,23.250,1.530702
30.000,23.250,1.537120
30.250,23.250,1.543511
30.500,23.250,1.549876
30.750,23.250,1.556215
31.000,23.250,1.562529
31.250,23.250,1.568816
31.500,23.250,1.575079
31.750,23.250,1.581317
32.000,23.250,1.587531
32.250,23.250,1.593720
32.500,23.250,1.599885
32.750,23.250,1.606027
33.000,23.250,1.612145
33.250,23.250,1.618240
33.500,23.250,1.624312
33.750,23.250,1.630362
34.000,23.250,1.636389
34.250,23.250,1.642394
34.500,23.250,1.648377
34.750,23.250,1.654339
35.000,23.250,1.660279
35.250,23.250,1.666198
35.500,23.250,1.672096
35.750,23.250,1.677974
36.000,23.250,1.683830
36.250,23.250,1.689667
36.500,23.250,1.695483
36.750,23.250,1.701280
37.000,23.250,1.707057
37.250,23.250,1.712814
37.500,23.250,1.718552
37.750,23.250,1.724271
38.000,23.250,1.729971
38.250,23.250,1.735653
38.500,23.250,1.741316
38.750,23.250,1.746960
39.000,23.250,1.752586
39.250,23.250,1.758195
39.500,23.250,1.763785
39.750,23.250,1.769358
40.000,23.250,1.774913
40.250,23.250,1.780451
40.500,23.250,1.785972
40.750,23.250,1.791476
41.000,23.250,1.796963
41.250,23.250,1.802433
41.500,23.250,1.807887
41.750,23.250,1.813324
42.000,23.250,1.818745
42.250,23.250,1.824150
42.500,23.250,1.829539
42.750,23.250,1.834912
43.000,23.250,1.840269
43.250,23.250,1.845611
43.500,23.250,1.850937
43.750,23.250,1.856249
44.000,23.250,1.861545
44.250,23.250,1.866826
44.500,23.250,1.872092
44.750,23.250,1.877343
45.000,23.250,1.882580
1.000,23.375,0.282286
1.250,23.375,0.315606
1.500,23.375,0.345729
1.750,23.375,0.373430
2.000,23.375,0.399213
2.250,23.375,0.423429
2.500,23.375,0.446334
2.750,23.375,0.468119
3.000,23.375,0.488934
3.250,23.375,0.508899
3.500,23.375,0.528109
3.750,23.375,0.546645
4.000,23.375,0.564573
4.250,23.375,0.581948
4.500,23.375,0.598820
4.750,23.375,0.615229
5.000,23.375,0.631211
5.250,23.375,0.646799
5.500,23.375,0.662020
5.750,23.375,0.676899
6.000,23.375,0.691457
6.250,23.375,0.705716
6.500,23.375,0.719692
6.750,23.375,0.733401
7.000,23.375,0.746859
7.250,23.375,0.760079
7.500,23.375,0.773073
7.750,23.375,0.785852
8.000,23.375,0.798426
8.250,23.375,0.810806
8.500,23.375,0.822999
8.750,23.375,0.835014
9.000,23.375,0.846859
9.250,23.375,0.858540
9.500,23.375,0.870065
9.750,23.375,0.881439
10.000,23.375,0.892668
10.250,23.375,0.903757
10.500,23.375,0.914712
10.750,23.375,0.925537
11.000,23.375,0.936238
11.250,23.375,0.946817
11.500,23.375,0.957279
11.750,23.375,0.967629
12.000,23.375,0.977868
12.250,23.375,0.988002
12.500,23.375,0.998033
12.750,23.375,1.007964
13.000,23.375,1.017798
13.250,23.375,1.027538
13.500,23.375,1.037186
13.750,23.375,1.046746
14.000,23.375,1.056219
14.250,23.375,1.065607
14.500,23.375,1.074914
14.750,23.375,1.084141
15.000,23.375,1.093290
15.250,23.375,1.102363
15.500,23.375,1.111362
15.750,23.375,1.120289
16.000,23.375,1.129145
16.250,23.375,1.137932
16.500,23.375,1.146652
16.750,23.375,1.155306
17.000,23.375,1.163896
17.250,23.375,1.172423
17.500,23.375,1.180888
17.750,23.375,1.189293
18.000,23.375,1.197639
18.250,23.375,1.205928
18.500,23.375,1.214159
18.750,23.375,1.222335
19.000,23.375,1.230457
19.250,23.375,1.238526
19.500,23.375,1.246542
19.750,23.375,1.254508
20.000,23.375,1.262423
20.250,23.375,1.270288
20.500,23.375,1.278105
20.750,23.375,1.285875
21.000,23.375,1.293598
21.250,23.375,1.301275
21.500,23.375,1.308908
21.750,23.375,1.316496
22.000,23.375,1.324040
22.250,23.375,1.331542
22.500,23.375,1.339001
22.750,23.375,1.346420
23.000,23.375,1.353797
23.250,23.375,1.361135
23.500,23.375,1.368434
23.750,23.375,1.375693
24.000,23.375,1.382915
24.250,23.375,1.390099
24.500,23.375,1.397246
24.750,23.375,1.404357
25.000,23.375,1.411431
25.250,23.375,1.418471
25.500,23.375,1.425476
25.750,23.375,1.432446
26.000,23.375,1.439383
26.250,23.375,1.446287
26.500,23.375,1.453158
26.750,23.375,1.459996
27.000,23.375,1.466803
27.250,23.375,1.473578
27.500,23.375,1.480322
27.750,23.375,1.487035
28.000,23.375,1.493719
28.250,23.375,1.500372
28.500,23.375,1.506996
28.750,23.375,1.513592
29.000,23.375,1.520158
29.250,23.375,1.526696
29.500,23.375,1.533207
29.750,23.375,1.539690
30.000,23.375,1.546146
30.250,23.375,1.552575
30.500,23.375,1.558977
30.750,23.375,1.565353
31.000,23.375,1.571703
31.250,23.375,1.578028
31.500,23.375,1.584328
31.750,23.375,1.590602
32.000,23.375,1.596852
32.250,23.375,1.603078
32.500,23.375,1.609279
32.750,23.375,1.615457
33.000,23.375,1.621611
33.250,23.375,1.627742
33.500,23.375,1.633850
33.750,23.375,1.639935
34.000,23.375,1.645998
34.250,23.375,1.652038
34.500,23.375,1.658056
34.750,23.375,1.664053
35.000,23.375,1.670028
35.250,23.375,1.675982
35.500,23.375,1.681915
35.750,23.375,1.687826
36.000,23.375,1.693718
36.250,23.375,1.699588
36.500,23.375,1.705439
36.750,23.375,1.711270
37.000,23.375,1.717080
37.250,23.375,1.722872
37.500,23.375,1.728643
37.750,23.375,1.734396
38.000,23.375,1.740129
38.250,23.375,1.745844
38.500,23.375,1.751540
38.750,23.375,1.757218
39.000,23.375,1.762877
39.250,23.375,1.768518
39.500,23.375,1.774142
39.750,23.375,1.779747
40.000,23.375,1.785335
40.250,23.375,1.790906
40.500,23.375,1.796459
40.750,23.375,1.801995
41.000,23.375,1.807514
41.250,23.375,1.813016
41.500,23.375,1.818502
41.750,23.375,1.823971
42.000,23.375,1.829424
42.250,23.375,1.834861
42.500,23.375,1.840281
42.750,23.375,1.845686
43.000,23.375,1.851075
43.250,23.375,1.856448
43.500,23.375,1.861806
43.750,23.375,1.867148
44.000,23.375,1.872475
44.250,23.375,1.877787
44.500,23.375,1.883084
44.750,23.375,1.888367
45.000,23.375,1.893634
1.000,23.500,0.283934
1.250,23.500,0.317448
1.500,23.500,0.347747
1.750,23.500,0.375610
2.000,23.500,0.401544
2.250,23.500,0.425901
2.500,23.500,0.448939
2.750,23.500,0.470852
3.000,23.500,0.491788
3.250,23.500,0.511870
3.500,23.500,0.531192
3.750,23.500,0.549836
4.000,23.500,0.567868
4.250,23.500,0.585345
4.500,23.500,0.602315
4.750,23.500,0.618820
5.000,23.500,0.634896
5.250,23.500,0.650575
5.500,23.500,0.665885
5.750,23.500,0.680850
6.000,23.500,0.695494
6.250,23.500,0.709835
6.500,23.500,0.723893
6.750,23.500,0.737683
7.000,23.500,0.751219
7.250,23.500,0.764516
7.500,23.500,0.777586
7.750,23.500,0.790439
8.000,23.500,0.803087
8.250,23.500,0.815539
8.500,23.500,0.827803
8.750,23.500,0.839889
9.000,23.500,0.851802
9.250,23.500,0.863552
9.500,23.500,0.875144
9.750,23.500,0.886584
10.000,23.500,0.897879
10.250,23.500,0.909033
10.500,23.500,0.920052
10.750,23.500,0.930940
11.000,23.500,0.941703
11.250,23.500,0.952344
11.500,23.500,0.962868
11.750,23.500,0.973277
12.000,23.500,0.983577
12.250,23.500,0.993770
12.500,23.500,1.003859
12.750,23.500,1.013848
13.000,23.500,1.023739
13.250,23.500,1.033536
13.500,23.500,1.043241
13.750,23.500,1.052856
14.000,23.500,1.062384
14.250,23.500,1.071828
14.500,23.500,1.081189
14.750,23.500,1.090470
15.000,23.500,1.099672
15.250,23.500,1.108798
15.500,23.500,1.117850
15.750,23.500,1.126829
16.000,23.500,1.135737
16.250,23.500,1.144575
16.500,23.500,1.153346
16.750,23.500,1.162051
17.000,23.500,1.170690
17.250,23.500,1.179267
17.500,23.500,1.187782
17.750,23.500,1.196236
18.000,23.500,1.204631
18.250,23.500,1.212967
18.500,23.500,1.221247
18.750,23.500,1.229471
19.000,23.500,1.237640
19.250,23.500,1.245756
19.500,23.500,1.253819
19.750,23.500,1.261831
20.000,23.500,1.269792
20.250,23.500,1.277704
20.500,23.500,1.285567
20.750,23.500,1.293382
21.000,23.500,1.301150
21.250,23.500,1.308872
21.500,23.500,1.316548
21.750,23.500,1.324181
22.000,23.500,1.331769
22.250,23.500,1.339315
22.500,23.500,1.346818
22.750,23.500,1.354280
23.000,23.500,1.361700
23.250,23.500,1.369081
23.500,23.500,1.376422
23.750,23.500,1.383724
24.000,23.500,1.390988
24.250,23.500,1.398214
24.500,23.500,1.405402
24.750,23.500,1.412555
25.000,23.500,1.419671
25.250,23.500,1.426751
25.500,23.500,1.433797
25.750,23.500,1.440808
26.000,23.500,1.447786
26.250,23.500,1.454730
26.500,23.500,1.461640
26.750,23.500,1.468519
27.000,23.500,1.475365
27.250,23.500,1.482180
27.500,23.500,1.488963
27.750,23.500,1.495716
28.000,23.500,1.502438
28.250,23.500,1.509131
28.500,23.500,1.515794
28.750,23.500,1.522427
29.000,23.500,1.529032
29.250,23.500,1.535609
29.500,23.500,1.542157
29.750,23.500,1.548678
30.000,23.500,1.555171
30.250,23.500,1.561638
30.500,23.500,1.568078
30.750,23.500,1.574491
31.000,23.500,1.580878
31.250,23.500,1.587240
31.500,23.500,1.593576
31.750,23.500,1.599888
32.000,23.500,1.606174
32.250,23.500,1.612436
32.500,23.500,1.618674
32.750,23.500,1.624887
33.000,23.500,1.631077
33.250,23.500,1.637244
33.500,23.500,1.643388
33.750,23.500,1.649508
34.000,23.500,1.655606
34.250,23.500,1.661682
34.500,23.500,1.667736
34.750,23.500,1.673767
35.000,23.500,1.679777
35.250,23.500,1.685766
35.500,23.500,1.691733
35.750,23.500,1.697679
36.000,23.500,1.703605
36.250,23.500,1.709510
36.500,23.500,1.715395
36.750,23.500,1.721259
37.000,23.500,1.727104
37.250,23.500,1.732929
37.500,23.500,1.738734
37.750,23.500,1.744521
38.000,23.500,1.750288
38.250,23.500,1.756036
38.500,23.500,1.761765
38.750,23.500,1.767476
39.000,23.500,1.773168
39.250,23.500,1.778842
39.500,23.500,1.784498
39.750,23.500,1.790137
40.000,23.500,1.795757
40.250,23.500,1.801360
40.500,23.500,1.806946
40.750,23.500,1.812514
41.000,23.500,1.818066
41.250,23.500,1.823600
41.500,23.500,1.829118
41.750,23.500,1.834619
42.000,23.500,1.840104
42.250,23.500,1.845572
42.500,23.500,1.851024
42.750,23.500,1.856460
43.000,23.500,1.861881
43.250,23.500,1.867285
43.500,23.500,1.872674
43.750,23.500,1.878048
44.000,23.500,1.883406
44.250,23.500,1.888749
44.500,23.500,1.894077
44.750,23.500,1.899390
45.000,23.500,1.904688
1.000,23.625,0.285582
1.250,23.625,0.319290
1.500,23.625,0.349765
1.750,23.625,0.377789
2.000,23.625,0.403874
2.250,23.625,0.428373
2.500,23.625,0.451545
2.750,23.625,0.473584
3.000,23.625,0.494643
3.250,23.625,0.514840
3.500,23.625,0.534275
3.750,23.625,0.553027
4.000,23.625,0.571164
4.250,23.625,0.588742
4.500,23.625,0.605811
4.750,23.625,0.622412
5.000,23.625,0.638581
5.250,23.625,0.654351
5.500,23.625,0.669749
5.750,23.625,0.684802
6.000,23.625,0.699530
6.250,23.625,0.713955
6.500,23.625,0.728094
6.750,23.625,0.741964
7.000,23.625,0.755579
7.250,23.625,0.768953
7.500,23.625,0.782099
7.750,23.625,0.795027
8.000,23.625,0.807748
8.250,23.625,0.820272
8.500,23.625,0.832607
8.750,23.625,0.844763
9.000,23.625,0.856746
9.250,23.625,0.868564
9.500,23.625,0.880223
9.750,23.625,0.891730
10.000,23.625,0.903090
10.250,23.625,0.914309
10.500,23.625,0.925391
10.750,23.625,0.936343
11.000,23.625,0.947168
11.250,23.625,0.957871
11.500,23.625,0.968456
11.750,23.625,0.978926
12.000,23.625,0.989285
12.250,23.625,0.999537
12.500,23.625,1.009685
12.750,23.625,1.019732
13.000,23.625,1.029681
13.250,23.625,1.039534
13.500,23.625,1.049295
13.750,23.625,1.058966
14.000,23.625,1.068550
14.250,23.625,1.078048
14.500,23.625,1.087464
14.750,23.625,1.096799
15.000,23.625,1.106054
15.250,23.625,1.115233
15.500,23.625,1.124338
15.750,23.625,1.133368
16.000,23.625,1.142328
16.250,23.625,1.151218
16.500,23.625,1.160040
16.750,23.625,1.168795
17.000,23.625,1.177485
17.250,23.625,1.186111
17.500,23.625,1.194675
17.750,23.625,1.203178
18.000,23.625,1.211622
18.250,23.625,1.220007
18.500,23.625,1.228335
18.750,23.625,1.236606
19.000,23.625,1.244823
19.250,23.625,1.252986
19.500,23.625,1.261096
19.750,23.625,1.269154
20.000,23.625,1.277162
20.250,23.625,1.285119
20.500,23.625,1.293028
20.750,23.625,1.300888
21.000,23.625,1.308701
21.250,23.625,1.316468
21.500,23.625,1.324189
21.750,23.625,1.331866
22.000,23.625,1.339498
22.250,23.625,1.347088
22.500,23.625,1.354634
22.750,23.625,1.362139
23.000,23.625,1.369603
23.250,23.625,1.377027
23.500,23.625,1.384410
23.750,23.625,1.391755
24.000,23.625,1.399060
24.250,23.625,1.406328
24.500,23.625,1.413559
24.750,23.625,1.420753
25.000,23.625,1.427910
25.250,23.625,1.435032
25.500,23.625,1.442118
25.750,23.625,1.449170
26.000,23.625,1.456188
26.250,23.625,1.463172
26.500,23.625,1.470123
26.750,23.625,1.477042
27.000,23.625,1.483928
27.250,23.625,1.490782
27.500,23.625,1.497605
27.750,23.625,1.504397
28.000,23.625,1.511158
28.250,23.625,1.517889
28.500,23.625,1.524591
28.750,23.625,1.531263
29.000,23.625,1.537906
29.250,23.625,1.544521
29.500,23.625,1.551107
29.750,23.625,1.557666
30.000,23.625,1.564197
30.250,23.625,1.570701
30.500,23.625,1.577178
30.750,23.625,1.583629
31.000,23.625,1.590053
31.250,23.625,1.596452
31.500,23.625,1.602825
31.750,23.625,1.609173
32.000,23.625,1.615496
32.250,23.625,1.621794
32.500,23.625,1.628068
32.750,23.625,1.634318
33.000,23.625,1.640544
33.250,23.625,1.646746
33.500,23.625,1.652925
33.750,23.625,1.659082
34.000,23.625,1.665215
34.250,23.625,1.671326
34.500,23.625,1.677415
34.750,23.625,1.683481
35.000,23.625,1.689526
35.250,23.625,1.695549
35.500,23.625,1.701551
35.750,23.625,1.707532
36.000,23.625,1.713492
36.250,23.625,1.719431
36.500,23.625,1.725350
36.750,23.625,1.731249
37.000,23.625,1.737128
37.250,23.625,1.742986
37.500,23.625,1.748826
37.750,23.625,1.754645
38.000,23.625,1.760446
38.250,23.625,1.766227
38.500,23.625,1.771990
38.750,23.625,1.777734
39.000,23.625,1.783459
39.250,23.625,1.789166
39.500,23.625,1.794855
39.750,23.625,1.800526
40.000,23.625,1.806179
40.250,23.625,1.811815
40.500,23.625,1.817433
40.750,23.625,1.823034
41.000,23.625,1.828617
41.250,23.625,1.834184
41.500,23.625,1.839733
41.750,23.625,1.845266
42.000,23.625,1.850783
42.250,23.625,1.856283
42.500,23.625,1.861767
42.750,23.625,1.867235
43.000,23.625,1.872687
43.250,23.625,1.878122
43.500,23.625,1.883543
43.750,23.625,1.888947
44.000,23.625,1.894337
44.250,23.625,1.899711
44.500,23.625,1.905070
44.750,23.625,1.910413
45.000,23.625,1.915742
1.000,23.750,0.287230
1.250,23.750,0.321133
1.500,23.750,0.351783
1.750,23.750,0.379969
2.000,23.750,0.406204
2.250,23.750,0.430845
2.500,23.750,0.454150
2.750,23.750,0.476317
3.000,23.750,0.497497
3.250,23.750,0.517811
3.500,23.750,0.537358
3.750,23.750,0.556218
4.000,23.750,0.574460
4.250,23.750,0.592140
4.500,23.750,0.609307
4.750,23.750,0.626003
5.000,23.750,0.642266
5.250,23.750,0.658126
5.500,23.750,0.673614
5.750,23.750,0.688753
6.000,23.750,0.703567
6.250,23.750,0.718075
6.500,23.750,0.732295
6.750,23.750,0.746245
7.000,23.750,0.759939
7.250,23.750,0.773390
7.500,23.750,0.786611
7.750,23.750,0.799614
8.000,23.750,0.812409
8.250,23.750,0.825005
8.500,23.750,0.837412
8.750,23.750,0.849637
9.000,23.750,0.861690
9.250,23.750,0.873576
9.500,23.750,0.885302
9.750,23.750,0.896875
10.000,23.750,0.908301
10.250,23.750,0.919584
10.500,23.750,0.930731
10.750,23.750,0.941746
11.000,23.750,0.952634
11.250,23.750,0.963398
11.500,23.750,0.974044
11.750,23.750,0.984574
12.000,23.750,0.994993
12.250,23.750,1.005305
12.500,23.750,1.015511
12.750,23.750,1.025616
13.000,23.750,1.035622
13.250,23.750,1.045533
13.500,23.750,1.055350
13.750,23.750,1.065077
14.000,23.750,1.074716
14.250,23.750,1.084269
14.500,23.750,1.093739
14.750,23.750,1.103127
15.000,23.750,1.112437
15.250,23.750,1.121669
15.500,23.750,1.130825
15.750,23.750,1.139908
16.000,23.750,1.148920
16.250,23.750,1.157861
16.500,23.750,1.166733
16.750,23.750,1.175539
17.000,23.750,1.184279
17.250,23.750,1.192955
17.500,23.750,1.201569
17.750,23.750,1.210121
18.000,23.750,1.218613
18.250,23.750,1.227047
18.500,23.750,1.235422
18.750,23.750,1.243742
19.000,23.750,1.252006
19.250,23.750,1.260216
19.500,23.750,1.268373
19.750,23.750,1.276478
20.000,23.750,1.284531
20.250,23.750,1.292534
20.500,23.750,1.300489
20.750,23.750,1.308394
21.000,23.750,1.316253
21.250,23.750,1.324064
21.500,23.750,1.331830
21.750,23.750,1.339551
22.000,23.750,1.347228
22.250,23.750,1.354861
22.500,23.750,1.362451
22.750,23.750,1.369999
23.000,23.750,1.377506
23.250,23.750,1.384972
23.500,23.750,1.392399
23.750,23.750,1.399785
24.000,23.750,1.407133
24.250,23.750,1.414443
24.500,23.750,1.421715
24.750,23.750,1.428951
25.000,23.750,1.436149
25.250,23.750,1.443312
25.500,23.750,1.450440
25.750,23.750,1.457532
26.000,23.750,1.464591
26.250,23.750,1.471615
26.500,23.750,1.478606
26.750,23.750,1.485565
27.000,23.750,1.492490
27.250,23.750,1.499384
27.500,23.750,1.506246
27.750,23.750,1.513077
28.000,23.750,1.519878
28.250,23.750,1.526648
28.500,23.750,1.533388
28.750,23.750,1.540099
29.000,23.750,1.546780
29.250,23.750,1.553433
29.500,23.750,1.560058
29.750,23.750,1.566654
30.000,23.750,1.573223
30.250,23.750,1.579764
30.500,23.750,1.586279
30.750,23.750,1.592767
31.000,23.750,1.599228
31.250,23.750,1.605664
31.500,23.750,1.612074
31.750,23.750,1.618458
32.000,23.750,1.624818
32.250,23.750,1.631152
32.500,23.750,1.637462
32.750,23.750,1.643748
33.000,23.750,1.650010
33.250,23.750,1.656248
33.500,23.750,1.662463
33.750,23.750,1.668655
34.000,23.750,1.674824
34.250,23.750,1.680970
34.500,23.750,1.687094
34.750,23.750,1.693195
35.000,23.750,1.699275
35.250,23.750,1.705333
35.500,23.750,1.711370
35.750,23.750,1.717385
36.000,23.750,1.723379
36.250,23.750,1.729353
36.500,23.750,1.735306
36.750,23.750,1.741239
37.000,23.750,1.747151
37.250,23.750,1.753044
37.500,23.750,1.758917
37.750,23.750,1.764770
38.000,23.750,1.770604
38.250,23.750,1.776419
38.500,23.750,1.782215
38.750,23.750,1.787992
39.000,23.750,1.793750
39.250,23.750,1.799490
39.500,23.750,1.805212
39.750,23.750,1.810916
40.000,23.750,1.816601
40.250,23.750,1.822269
40.500,23.750,1.827920
40.750,23.750,1.833553
41.000,23.750,1.839169
41.250,23.750,1.844767
41.500,23.750,1.850349
41.750,23.750,1.855914
42.000,23.750,1.861462
42.250,23.750,1.866994
42.500,23.750,1.872510
42.750,23.750,1.878009
43.000,23.750,1.883492
43.250,23.750,1.888960
43.500,23.750,1.894411
43.750,23.750,1.899847
44.000,23.750,1.905267
44.250,23.750,1.910673
44.500,23.750,1.916062
44.750,23.750,1.921437
45.000,23.750,1.926797
1.000,23.875,0.288878
1.250,23.875,0.322975
1.500,23.875,0.353802
1.750,23.875,0.382149
2.000,23.875,0.408535
2.250,23.875,0.433317
2.500,23.875,0.456756
2.750,23.875,0.479050
3.000,23.875,0.500351
3.250,23.875,0.520782
3.500,23.875,0.540441
3.750,23.875,0.559409
4.000,23.875,0.577755
4.250,23.875,0.595537
4.500,23.875,0.612802
4.750,23.875,0.629594
5.000,23.875,0.645950
5.250,23.875,0.661902
5.500,23.875,0.677478
5.750,23.875,0.692705
6.000,23.875,0.707603
6.250,23.875,0.722194
6.500,23.875,0.736497
6.750,23.875,0.750526
7.000,23.875,0.764299
7.250,23.875,0.777827
7.500,23.875,0.791124
7.750,23.875,0.804202
8.000,23.875,0.817070
8.250,23.875,0.829738
8.500,23.875,0.842216
8.750,23.875,0.854512
9.000,23.875,0.866633
9.250,23.875,0.878587
9.500,23.875,0.890381
9.750,23.875,0.902020
10.000,23.875,0.913512
10.250,23.875,0.924860
10.500,23.875,0.936071
10.750,23.875,0.947149
11.000,23.875,0.958099
11.250,23.875,0.968925
11.500,23.875,0.979632
11.750,23.875,0.990223
12.000,23.875,1.000702
12.250,23.875,1.011072
12.500,23.875,1.021337
12.750,23.875,1.031500
13.000,23.875,1.041564
13.250,23.875,1.051531
13.500,23.875,1.061405
13.750,23.875,1.071187
14.000,23.875,1.080882
14.250,23.875,1.090490
14.500,23.875,1.100014
14.750,23.875,1.109456
15.000,23.875,1.118819
15.250,23.875,1.128104
15.500,23.875,1.137313
15.750,23.875,1.146448
16.000,23.875,1.155511
16.250,23.875,1.164503
16.500,23.875,1.173427
16.750,23.875,1.182283
17.000,23.875,1.191073
17.250,23.875,1.199799
17.500,23.875,1.208462
17.750,23.875,1.217064
18.000,23.875,1.225604
18.250,23.875,1.234086
18.500,23.875,1.242510
18.750,23.875,1.250877
19.000,23.875,1.259189
19.250,23.875,1.267446
19.500,23.875,1.275650
19.750,23.875,1.283801
20.000,23.875,1.291901
20.250,23.875,1.299950
20.500,23.875,1.307950
20.750,23.875,1.315901
21.000,23.875,1.323804
21.250,23.875,1.331661
21.500,23.875,1.339471
21.750,23.875,1.347236
22.000,23.875,1.354957
22.250,23.875,1.362634
22.500,23.875,1.370267
22.750,23.875,1.377859
23.000,23.875,1.385409
23.250,23.875,1.392918
23.500,23.875,1.400387
23.750,23.875,1.407816
24.000,23.875,1.415206
24.250,23.875,1.422558
24.500,23.875,1.429872
24.750,23.875,1.437149
25.000,23.875,1.444389
25.250,23.875,1.451593
25.500,23.875,1.458761
25.750,23.875,1.465894
26.000,23.875,1.472993
26.250,23.875,1.480058
26.500,23.875,1.487089
26.750,23.875,1.494087
27.000,23.875,1.501053
27.250,23.875,1.507986
27.500,23.875,1.514888
27.750,23.875,1.521758
28.000,23.875,1.528597
28.250,23.875,1.535406
28.500,23.875,1.542185
28.750,23.875,1.548934
29.000,23.875,1.555654
29.250,23.875,1.562345
29.500,23.875,1.569008
29.750,23.875,1.575642
30.000,23.875,1.582249
30.250,23.875,1.588828
30.500,23.875,1.595380
30.750,23.875,1.601905
31.000,23.875,1.608403
31.250,23.875,1.614876
31.500,23.875,1.621322
31.750,23.875,1.627743
32.000,23.875,1.634139
32.250,23.875,1.640510
32.500,23.875,1.646857
32.750,23.875,1.653178
33.000,23.875,1.659476
33.250,23.875,1.665750
33.500,23.875,1.672001
33.750,23.875,1.678228
34.000,23.875,1.684432
34.250,23.875,1.690614
34.500,23.875,1.696773
34.750,23.875,1.702909
35.000,23.875,1.709024
35.250,23.875,1.715117
35.500,23.875,1.721188
35.750,23.875,1.727238
36.000,23.875,1.733266
36.250,23.875,1.739274
36.500,23.875,1.745262
36.750,23.875,1.751228
37.000,23.875,1.757175
37.250,23.875,1.763101
37.500,23.875,1.769008
37.750,23.875,1.774895
38.000,23.875,1.780762
38.250,23.875,1.786610
38.500,23.875,1.792439
38.750,23.875,1.798249
39.000,23.875,1.804041
39.250,23.875,1.809814
39.500,23.875,1.815569
39.750,23.875,1.821305
40.000,23.875,1.827023
40.250,23.875,1.832724
40.500,23.875,1.838407
40.750,23.875,1.844072
41.000,23.875,1.849720
41.250,23.875,1.855351
41.500,23.875,1.860965
41.750,23.875,1.866562
42.000,23.875,1.872142
42.250,23.875,1.877705
42.500,23.875,1.883253
42.750,23.875,1.888783
43.000,23.875,1.894298
43.250,23.875,1.899797
43.500,23.875,1.905280
43.750,23.875,1.910747
44.000,23.875,1.916198
44.250,23.875,1.921634
44.500,23.875,1.927055
44.750,23.875,1.932460
45.000,23.875,1.937851
1.000,24.000,0.290526
1.250,24.000,0.324818
1.500,24.000,0.355820
1.750,24.000,0.384329
2.000,24.000,0.410865
2.250,24.000,0.435788
2.500,24.000,0.459361
2.750,24.000,0.481782
3.000,24.000,0.503205
3.250,24.000,0.523753
3.500,24.000,0.543524
3.750,24.000,0.562600
4.000,24.000,0.581051
4.250,24.000,0.598934
4.500,24.000,0.616298
4.750,24.000,0.633186
5.000,24.000,0.649635
5.250,24.000,0.665678
5.500,24.000,0.681343
5.750,24.000,0.696656
6.000,24.000,0.711640
6.250,24.000,0.726314
6.500,24.000,0.740698
6.750,24.000,0.754808
7.000,24.000,0.768659
7.250,24.000,0.782264
7.500,24.000,0.795637
7.750,24.000,0.808789
8.000,24.000,0.821731
8.250,24.000,0.834471
8.500,24.000,0.847020
8.750,24.000,0.859386
9.000,24.000,0.871577
9.250,24.000,0.883599
9.500,24.000,0.895460
9.750,24.000,0.907166
10.000,24.000,0.918723
10.250,24.000,0.930136
10.500,24.000,0.941411
10.750,24.000,0.952552
11.000,24.000,0.963564
11.250,24.000,0.974453
11.500,24.000,0.985220
11.750,24.000,0.995872
12.000,24.000,1.006410
12.250,24.000,1.016840
12.500,24.000,1.027163
12.750,24.000,1.037384
13.000,24.000,1.047505
13.250,24.000,1.057529
13.500,24.000,1.067459
13.750,24.000,1.077298
14.000,24.000,1.087047
14.250,24.000,1.096710
14.500,24.000,1.106289
14.750,24.000,1.115785
15.000,24.000,1.125201
15.250,24.000,1.134539
15.500,24.000,1.143800
15.750,24.000,1.152988
16.000,24.000,1.162102
16.250,24.000,1.171146
16.500,24.000,1.180121
16.750,24.000,1.189027
17.000,24.000,1.197868
17.250,24.000,1.206644
17.500,24.000,1.215356
17.750,24.000,1.224006
18.000,24.000,1.232596
18.250,24.000,1.241126
18.500,24.000,1.249598
18.750,24.000,1.258013
19.000,24.000,1.266372
19.250,24.000,1.274676
19.500,24.000,1.282926
19.750,24.000,1.291124
20.000,24.000,1.299270
20.250,24.000,1.307365
20.500,24.000,1.315411
20.750,24.000,1.323407
21.000,24.000,1.331356
21.250,24.000,1.339257
21.500,24.000,1.347112
21.750,24.000,1.354921
22.000,24.000,1.362686
22.250,24.000,1.370407
22.500,24.000,1.378084
22.750,24.000,1.385719
23.000,24.000,1.393312
23.250,24.000,1.400864
23.500,24.000,1.408375
23.750,24.000,1.415847
24.000,24.000,1.423279
24.250,24.000,1.430673
24.500,24.000,1.438028
24.750,24.000,1.445347
25.000,24.000,1.452628
25.250,24.000,1.459873
25.500,24.000,1.467082
25.750,24.000,1.474256
26.000,24.000,1.481396
26.250,24.000,1.488501
26.500,24.000,1.495572
26.750,24.000,1.502610
27.000,24.000,1.509615
27.250,24.000,1.516588
27.500,24.000,1.523529
27.750,24.000,1.530439
28.000,24.000,1.537317
28.250,24.000,1.544165
28.500,24.000,1.550982
28.750,24.000,1.557770
29.000,24.000,1.564528
29.250,24.000,1.571258
29.500,24.000,1.577958
29.750,24.000,1.584630
30.000,24.000,1.591274
30.250,24.000,1.597891
30.500,24.000,1.604480
30.750,24.000,1.611042
31.000,24.000,1.617578
31.250,24.000,1.624088
31.500,24.000,1.630571
31.750,24.000,1.637029
32.000,24.000,1.643461
32.250,24.000,1.649868
32.500,24.000,1.656251
32.750,24.000,1.662609
33.000,24.000,1.668943
33.250,24.000,1.675252
33.500,24.000,1.681539
33.750,24.000,1.687801
34.000,24.000,1.694041
34.250,24.000,1.700258
34.500,24.000,1.706452
34.750,24.000,1.712623
35.000,24.000,1.718773
35.250,24.000,1.724900
35.500,24.000,1.731006
35.750,24.000,1.737091
36.000,24.000,1.743154
36.250,24.000,1.749196
36.500,24.000,1.755217
36.750,24.000,1.761218
37.000,24.000,1.767198
37.250,24.000,1.773159
37.500,24.000,1.779099
37.750,24.000,1.785019
38.000,24.000,1.790920
38.250,24.000,1.796802
38.500,24.000,1.802664
38.750,24.000,1.808507
39.000,24.000,1.814332
39.250,24.000,1.820138
39.500,24.000,1.825925
39.750,24.000,1.831694
40.000,24.000,1.837445
40.250,24.000,1.843178
40.500,24.000,1.848894
40.750,24.000,1.854591
41.000,24.000,1.860272
41.250,24.000,1.865935
41.500,24.000,1.871580
41.750,24.000,1.877209
42.000,24.000,1.882821
42.250,24.000,1.888417
42.500,24.000,1.893995
42.750,24.000,1.899558
43.000,24.000,1.905104
43.250,24.000,1.910634
43.500,24.000,1.916148
43.750,24.000,1.921646
44.000,24.000,1.927129
44.250,24.000,1.932596
44.500,24.000,1.938048
44.750,24.000,1.943484
45.000,24.000,1.948905
1.000,24.125,0.292173
1.250,24.125,0.326660
1.500,24.125,0.357838
1.750,24.125,0.386509
2.000,24.125,0.413196
2.250,24.125,0.438260
2.500,24.125,0.461967
2.750,24.125,0.484515
3.000,24.125,0.506059
3.250,24.125,0.526723
3.500,24.125,0.546607
3.750,24.125,0.565792
4.000,24.125,0.584347
4.250,24.125,0.602331
4.500,24.125,0.619794
4.750,24.125,0.636777
5.000,24.125,0.653320
5.250,24.125,0.669454
5.500,24.125,0.685208
5.750,24.125,0.700607
6.000,24.125,0.715676
6.250,24.125,0.730434
6.500,24.125,0.744899
6.750,24.125,0.759089
7.000,24.125,0.773018
7.250,24.125,0.786701
7.500,24.125,0.800150
7.750,24.125,0.813377
8.000,24.125,0.826391
8.250,24.125,0.839204
8.500,24.125,0.851825
8.750,24.125,0.864261
9.000,24.125,0.876520
9.250,24.125,0.888611
9.500,24.125,0.900539
9.750,24.125,0.912311
10.000,24.125,0.923934
10.250,24.125,0.935412
10.500,24.125,0.946750
10.750,24.125,0.957955
11.000,24.125,0.969030
11.250,24.125,0.979980
11.500,24.125,0.990808
11.750,24.125,1.001520
12.000,24.125,1.012119
12.250,24.125,1.022607
12.500,24.125,1.032989
12.750,24.125,1.043268
13.000,24.125,1.053446
13.250,24.125,1.063528
13.500,24.125,1.073514
13.750,24.125,1.083408
14.000,24.125,1.093213
14.250,24.125,1.102931
14.500,24.125,1.112563
14.750,24.125,1.122114
15.000,24.125,1.131583
15.250,24.125,1.140974
15.500,24.125,1.150288
15.750,24.125,1.159528
16.000,24.125,1.168694
16.250,24.125,1.177789
16.500,24.125,1.186814
16.750,24.125,1.195772
17.000,24.125,1.204662
17.250,24.125,1.213488
17.500,24.125,1.222249
17.750,24.125,1.230949
18.000,24.125,1.239587
18.250,24.125,1.248166
18.500,24.125,1.256686
18.750,24.125,1.265148
19.000,24.125,1.273555
19.250,24.125,1.281906
19.500,24.125,1.290203
19.750,24.125,1.298447
20.000,24.125,1.306640
20.250,24.125,1.314781
20.500,24.125,1.322872
20.750,24.125,1.330914
21.000,24.125,1.338907
21.250,24.125,1.346853
21.500,24.125,1.354753
21.750,24.125,1.362606
22.000,24.125,1.370415
22.250,24.125,1.378180
22.500,24.125,1.385901
22.750,24.125,1.393579
23.000,24.125,1.401215
23.250,24.125,1.408810
23.500,24.125,1.416364
23.750,24.125,1.423877
24.000,24.125,1.431352
24.250,24.125,1.438788
24.500,24.125,1.446185
24.750,24.125,1.453545
25.000,24.125,1.460867
25.250,24.125,1.468154
25.500,24.125,1.475404
25.750,24.125,1.482619
26.000,24.125,1.489798
26.250,24.125,1.496944
26.500,24.125,1.504055
26.750,24.125,1.511133
27.000,24.125,1.518178
27.250,24.125,1.525190
27.500,24.125,1.532171
27.750,24.125,1.539119
28.000,24.125,1.546037
28.250,24.125,1.552923
28.500,24.125,1.559780
28.750,24.125,1.566606
29.000,24.125,1.573402
29.250,24.125,1.580170
29.500,24.125,1.586908
29.750,24.125,1.593618
30.000,24.125,1.600300
30.250,24.125,1.606954
30.500,24.125,1.613581
30.750,24.125,1.620180
31.000,24.125,1.626753
31.250,24.125,1.633299
31.500,24.125,1.639820
31.750,24.125,1.646314
32.000,24.125,1.652783
32.250,24.125,1.659226
32.500,24.125,1.665645
32.750,24.125,1.672039
33.000,24.125,1.678409
33.250,24.125,1.684754
33.500,24.125,1.691076
33.750,24.125,1.697375
34.000,24.125,1.703650
34.250,24.125,1.709901
34.500,24.125,1.716131
34.750,24.125,1.722337
35.000,24.125,1.728522
35.250,24.125,1.734684
35.500,24.125,1.740824
35.750,24.125,1.746943
36.000,24.125,1.753041
36.250,24.125,1.759117
36.500,24.125,1.765173
36.750,24.125,1.771208
37.000,24.125,1.777222
37.250,24.125,1.783216
37.500,24.125,1.789190
37.750,24.125,1.795144
38.000,24.125,1.801078
38.250,24.125,1.806993
38.500,24.125,1.812889
38.750,24.125,1.818765
39.000,24.125,1.824623
39.250,24.125,1.830462
39.500,24.125,1.836282
39.750,24.125,1.842084
40.000,24.125,1.847867
40.250,24.125,1.853633
40.500,24.125,1.859381
40.750,24.125,1.865111
41.000,24.125,1.870823
41.250,24.125,1.876518
41.500,24.125,1.882196
41.750,24.125,1.887857
42.000,24.125,1.893501
42.250,24.125,1.899128
42.500,24.125,1.904738
42.750,24.125,1.910332
43.000,24.125,1.915910
43.250,24.125,1.921471
43.500,24.125,1.927016
43.750,24.125,1.932546
44.000,24.125,1.938060
44.250,24.125,1.943558
44.500,24.125,1.949040
44.750,24.125,1.954507
45.000,24.125,1.959959
1.000,24.250,0.293821
1.250,24.250,0.328502
1.500,24.250,0.359856
1.750,24.250,0.388689
2.000,24.250,0.415526
2.250,24.250,0.440732
2.500,24.250,0.464572
2.750,24.250,0.487248
3.000,24.250,0.508914
3.250,24.250,0.529694
3.500,24.250,0.549689
3.750,24.250,0.568983
4.000,24.250,0.587643
4.250,24.250,0.605728
4.500,24.250,0.623289
4.750,24.250,0.640369
5.000,24.250,0.657005
5.250,24.250,0.673229
5.500,24.250,0.689072
5.750,24.250,0.704559
6.000,24.250,0.719712
6.250,24.250,0.734553
6.500,24.250,0.749100
6.750,24.250,0.763370
7.000,24.250,0.777378
7.250,24.250,0.791138
7.500,24.250,0.804663
7.750,24.250,0.817964
8.000,24.250,0.831052
8.250,24.250,0.843938
8.500,24.250,0.856629
8.750,24.250,0.869135
9.000,24.250,0.881464
9.250,24.250,0.893623
9.500,24.250,0.905618
9.750,24.250,0.917457
10.000,24.250,0.929145
10.250,24.250,0.940687
10.500,24.250,0.952090
10.750,24.250,0.963358
11.000,24.250,0.974495
11.250,24.250,0.985507
11.500,24.250,0.996397
11.750,24.250,1.007169
12.000,24.250,1.017827
12.250,24.250,1.028375
12.500,24.250,1.038815
12.750,24.250,1.049152
13.000,24.250,1.059388
13.250,24.250,1.069526
13.500,24.250,1.079569
13.750,24.250,1.089519
14.000,24.250,1.099379
14.250,24.250,1.109151
14.500,24.250,1.118838
14.750,24.250,1.128442
15.000,24.250,1.137965
15.250,24.250,1.147409
15.500,24.250,1.156776
15.750,24.250,1.166067
16.000,24.250,1.175285
16.250,24.250,1.184432
16.500,24.250,1.193508
16.750,24.250,1.202516
17.000,24.250,1.211456
17.250,24.250,1.220332
17.500,24.250,1.229143
17.750,24.250,1.237891
18.000,24.250,1.246578
18.250,24.250,1.255205
18.500,24.250,1.263773
18.750,24.250,1.272284
19.000,24.250,1.280738
19.250,24.250,1.289136
19.500,24.250,1.297480
19.750,24.250,1.305771
20.000,24.250,1.314009
20.250,24.250,1.322196
20.500,24.250,1.330333
20.750,24.250,1.338420
21.000,24.250,1.346459
21.250,24.250,1.354450
21.500,24.250,1.362394
21.750,24.250,1.370292
22.000,24.250,1.378144
22.250,24.250,1.385953
22.500,24.250,1.393717
22.750,24.250,1.401439
23.000,24.250,1.409118
23.250,24.250,1.416755
23.500,24.250,1.424352
23.750,24.250,1.431908
24.000,24.250,1.439425
24.250,24.250,1.446902
24.500,24.250,1.454341
24.750,24.250,1.461743
25.000,24.250,1.469107
25.250,24.250,1.476434
25.500,24.250,1.483725
25.750,24.250,1.490981
26.000,24.250,1.498201
26.250,24.250,1.505386
26.500,24.250,1.512538
26.750,24.250,1.519656
27.000,24.250,1.526741
27.250,24.250,1.533792
27.500,24.250,1.540812
27.750,24.250,1.547800
28.000,24.250,1.554756
28.250,24.250,1.561682
28.500,24.250,1.568577
28.750,24.250,1.575441
29.000,24.250,1.582276
29.250,24.250,1.589082
29.500,24.250,1.595858
29.750,24.250,1.602606
30.000,24.250,1.609326
30.250,24.250,1.616017
30.500,24.250,1.622681
30.750,24.250,1.629318
31.000,24.250,1.635928
31.250,24.250,1.642511
31.500,24.250,1.649068
31.750,24.250,1.655599
32.000,24.250,1.662105
32.250,24.250,1.668585
32.500,24.250,1.675039
32.750,24.250,1.681470
33.000,24.250,1.687875
33.250,24.250,1.694257
33.500,24.250,1.700614
33.750,24.250,1.706948
34.000,24.250,1.713258
34.250,24.250,1.719545
34.500,24.250,1.725810
34.750,24.250,1.732051
35.000,24.250,1.738271
35.250,24.250,1.744468
35.500,24.250,1.750643
35.750,24.250,1.756796
36.000,24.250,1.762928
36.250,24.250,1.769039
36.500,24.250,1.775128
36.750,24.250,1.781197
37.000,24.250,1.787246
37.250,24.250,1.793273
37.500,24.250,1.799281
37.750,24.250,1.805269
38.000,24.250,1.811236
38.250,24.250,1.817185
38.500,24.250,1.823114
38.750,24.250,1.829023
39.000,24.250,1.834914
39.250,24.250,1.840785
39.500,24.250,1.846639
39.750,24.250,1.852473
40.000,24.250,1.858289
40.250,24.250,1.864088
40.500,24.250,1.869868
40.750,24.250,1.875630
41.000,24.250,1.881375
41.250,24.250,1.887102
41.500,24.250,1.892812
41.750,24.250,1.898504
42.000,24.250,1.904180
42.250,24.250,1.909839
42.500,24.250,1.915481
42.750,24.250,1.921106
43.000,24.250,1.926715
43.250,24.250,1.932308
43.500,24.250,1.937885
43.750,24.250,1.943446
44.000,24.250,1.948990
44.250,24.250,1.954519
44.500,24.250,1.960033
44.750,24.250,1.965531
45.000,24.250,1.971014
1.000,24.375,0.295469
1.250,24.375,0.330345
1.500,24.375,0.361874
1.750,24.375,0.390869
2.000,24.375,0.417857
2.250,24.375,0.443204
2.500,24.375,0.467178
2.750,24.375,0.489980
3.000,24.375,0.511768
3.250,24.375,0.532665
3.500,24.375,0.552772
3.750,24.375,0.572174
4.000,24.375,0.590938
4.250,24.375,0.609125
4.500,24.375,0.626785
4.750,24.375,0.643960
5.000,24.375,0.660689
5.250,24.375,0.677005
5.500,24.375,0.692937
5.750,24.375,0.708510
6.000,24.375,0.723749
6.250,24.375,0.738673
6.500,24.375,0.753302
6.750,24.375,0.767652
7.000,24.375,0.781738
7.250,24.375,0.795575
7.500,24.375,0.809176
7.750,24.375,0.822551
8.000,24.375,0.835713
8.250,24.375,0.848671
8.500,24.375,0.861433
8.750,24.375,0.874010
9.000,24.375,0.886408
9.250,24.375,0.898635
9.500,24.375,0.910697
9.750,24.375,0.922602
10.000,24.375,0.934356
10.250,24.375,0.945963
10.500,24.375,0.957430
10.750,24.375,0.968761
11.000,24.375,0.979961
11.250,24.375,0.991034
11.500,24.375,1.001985
11.750,24.375,1.012817
12.000,24.375,1.023535
12.250,24.375,1.034142
12.500,24.375,1.044641
12.750,24.375,1.055036
13.000,24.375,1.065329
13.250,24.375,1.075524
13.500,24.375,1.085623
13.750,24.375,1.095629
14.000,24.375,1.105545
14.250,24.375,1.115372
14.500,24.375,1.125113
14.750,24.375,1.134771
15.000,24.375,1.144347
15.250,24.375,1.153844
15.500,24.375,1.163263
15.750,24.375,1.172607
16.000,24.375,1.181877
16.250,24.375,1.191075
16.500,24.375,1.200202
16.750,24.375,1.209260
17.000,24.375,1.218251
17.250,24.375,1.227176
17.500,24.375,1.236036
17.750,24.375,1.244834
18.000,24.375,1.253570
18.250,24.375,1.262245
18.500,24.375,1.270861
18.750,24.375,1.279419
19.000,24.375,1.287920
19.250,24.375,1.296366
19.500,24.375,1.304757
19.750,24.375,1.313094
20.000,24.375,1.321379
20.250,24.375,1.329611
20.500,24.375,1.337794
20.750,24.375,1.345926
21.000,24.375,1.354010
21.250,24.375,1.362046
21.500,24.375,1.370034
21.750,24.375,1.377977
22.000,24.375,1.385873
22.250,24.375,1.393726
22.500,24.375,1.401534
22.750,24.375,1.409298
23.000,24.375,1.417021
23.250,24.375,1.424701
23.500,24.375,1.432340
23.750,24.375,1.439939
24.000,24.375,1.447498
24.250,24.375,1.455017
24.500,24.375,1.462498
24.750,24.375,1.469941
25.000,24.375,1.477346
25.250,24.375,1.484714
25.500,24.375,1.492046
25.750,24.375,1.499343
26.000,24.375,1.506603
26.250,24.375,1.513829
26.500,24.375,1.521021
26.750,24.375,1.528179
27.000,24.375,1.535303
27.250,24.375,1.542395
27.500,24.375,1.549454
27.750,24.375,1.556481
28.000,24.375,1.563476
28.250,24.375,1.570440
28.500,24.375,1.577374
28.750,24.375,1.584277
29.000,24.375,1.591150
29.250,24.375,1.597994
29.500,24.375,1.604809
29.750,24.375,1.611594
30.000,24.375,1.618352
30.250,24.375,1.625081
30.500,24.375,1.631782
30.750,24.375,1.638456
31.000,24.375,1.645103
31.250,24.375,1.651723
31.500,24.375,1.658317
31.750,24.375,1.664884
32.000,24.375,1.671426
32.250,24.375,1.677943
32.500,24.375,1.684434
32.750,24.375,1.690900
33.000,24.375,1.697341
33.250,24.375,1.703759
33.500,24.375,1.710152
33.750,24.375,1.716521
34.000,24.375,1.722867
34.250,24.375,1.729189
34.500,24.375,1.735489
34.750,24.375,1.741765
35.000,24.375,1.748019
35.250,24.375,1.754251
35.500,24.375,1.760461
35.750,24.375,1.766649
36.000,24.375,1.772815
36.250,24.375,1.778960
36.500,24.375,1.785084
36.750,24.375,1.791187
37.000,24.375,1.797269
37.250,24.375,1.803331
37.500,24.375,1.809372
37.750,24.375,1.815393
38.000,24.375,1.821395
38.250,24.375,1.827376
38.500,24.375,1.833338
38.750,24.375,1.839281
39.000,24.375,1.845205
39.250,24.375,1.851109
39.500,24.375,1.856995
39.750,24.375,1.862863
40.000,24.375,1.868711
40.250,24.375,1.874542
40.500,24.375,1.880355
40.750,24.375,1.886149
41.000,24.375,1.891926
41.250,24.375,1.897685
41.500,24.375,1.903427
41.750,24.375,1.909152
42.000,24.375,1.914859
42.250,24.375,1.920550
42.500,24.375,1.926224
42.750,24.375,1.931881
43.000,24.375,1.937521
43.250,24.375,1.943145
43.500,24.375,1.948753
43.750,24.375,1.954345
44.000,24.375,1.959921
44.250,24.375,1.965481
44.500,24.375,1.971026
44.750,24.375,1.976554
45.000,24.375,1.982068
1.000,24.500,0.297117
1.250,24.500,0.332187
1.500,24.500,0.363893
1.750,24.500,0.393049
2.000,24.500,0.420187
2.250,24.500,0.445676
2.500,24.500,0.469783
2.750,24.500,0.492713
3.000,24.500,0.514622
3.250,24.500,0.535635
3.500,24.500,0.555855
3.750,24.500,0.575365
4.000,24.500,0.594234
4.250,24.500,0.612523
4.500,24.500,0.630281
4.750,24.500,0.647552
5.000,24.500,0.664374
5.250,24.500,0.680781
5.500,24.500,0.696801
5.750,24.500,0.712462
6.000,24.500,0.727785
6.250,24.500,0.742793
6.500,24.500,0.757503
6.750,24.500,0.771933
7.000,24.500,0.786098
7.250,24.500,0.800012
7.500,24.500,0.813689
7.750,24.500,0.827139
8.000,24.500,0.840374
8.250,24.500,0.853404
8.500,24.500,0.866238
8.750,24.500,0.878884
9.000,24.500,0.891351
9.250,24.500,0.903646
9.500,24.500,0.915776
9.750,24.500,0.927748
10.000,24.500,0.939567
10.250,24.500,0.951239
10.500,24.500,0.962769
10.750,24.500,0.974164
11.000,24.500,0.985426
11.250,24.500,0.996561
11.500,24.500,1.007573
11.750,24.500,1.018466
12.000,24.500,1.029244
12.250,24.500,1.039910
12.500,24.500,1.050468
12.750,24.500,1.060920
13.000,24.500,1.071271
13.250,24.500,1.081523
13.500,24.500,1.091678
13.750,24.500,1.101740
14.000,24.500,1.111710
14.250,24.500,1.121592
14.500,24.500,1.131388
14.750,24.500,1.141100
15.000,24.500,1.150730
15.250,24.500,1.160279
15.500,24.500,1.169751
15.750,24.500,1.179147
16.000,24.500,1.188468
16.250,24.500,1.197717
16.500,24.500,1.206895
16.750,24.500,1.216004
17.000,24.500,1.225045
17.250,24.500,1.234020
17.500,24.500,1.242930
17.750,24.500,1.251777
18.000,24.500,1.260561
18.250,24.500,1.269285
18.500,24.500,1.277949
18.750,24.500,1.286555
19.000,24.500,1.295103
19.250,24.500,1.303596
19.500,24.500,1.312034
19.750,24.500,1.320417
20.000,24.500,1.328748
20.250,24.500,1.337027
20.500,24.500,1.345255
20.750,24.500,1.353433
21.000,24.500,1.361562
21.250,24.500,1.369642
21.500,24.500,1.377675
21.750,24.500,1.385662
22.000,24.500,1.393603
22.250,24.500,1.401498
22.500,24.500,1.409350
22.750,24.500,1.417158
23.000,24.500,1.424923
23.250,24.500,1.432647
23.500,24.500,1.440329
23.750,24.500,1.447970
24.000,24.500,1.455571
24.250,24.500,1.463132
24.500,24.500,1.470655
24.750,24.500,1.478139
25.000,24.500,1.485585
25.250,24.500,1.492995
25.500,24.500,1.500368
25.750,24.500,1.507705
26.000,24.500,1.515006
26.250,24.500,1.522272
26.500,24.500,1.529504
26.750,24.500,1.536702
27.000,24.500,1.543866
27.250,24.500,1.550997
27.500,24.500,1.558095
27.750,24.500,1.565161
28.000,24.500,1.572196
28.250,24.500,1.579199
28.500,24.500,1.586171
28.750,24.500,1.593113
29.000,24.500,1.600024
29.250,24.500,1.606906
29.500,24.500,1.613759
29.750,24.500,1.620582
30.000,24.500,1.627377
30.250,24.500,1.634144
30.500,24.500,1.640883
30.750,24.500,1.647594
31.000,24.500,1.654278
31.250,24.500,1.660935
31.500,24.500,1.667566
31.750,24.500,1.674170
32.000,24.500,1.680748
32.250,24.500,1.687301
32.500,24.500,1.693828
32.750,24.500,1.700330
33.000,24.500,1.706808
33.250,24.500,1.713261
33.500,24.500,1.719689
33.750,24.500,1.726094
34.000,24.500,1.732475
34.250,24.500,1.738833
34.500,24.500,1.745168
34.750,24.500,1.751479
35.000,24.500,1.757768
35.250,24.500,1.764035
35.500,24.500,1.770279
35.750,24.500,1.776502
36.000,24.500,1.782703
36.250,24.500,1.788882
36.500,24.500,1.795040
36.750,24.500,1.801177
37.000,24.500,1.807293
37.250,24.500,1.813388
37.500,24.500,1.819463
37.750,24.500,1.825518
38.000,24.500,1.831553
38.250,24.500,1.837568
38.500,24.500,1.843563
38.750,24.500,1.849539
39.000,24.500,1.855496
39.250,24.500,1.861433
39.500,24.500,1.867352
39.750,24.500,1.873252
40.000,24.500,1.879133
40.250,24.500,1.884997
40.500,24.500,1.890842
40.750,24.500,1.896669
41.000,24.500,1.902478
41.250,24.500,1.908269
41.500,24.500,1.914043
41.750,24.500,1.919799
42.000,24.500,1.925539
42.250,24.500,1.931261
42.500,24.500,1.936966
42.750,24.500,1.942655
43.000,24.500,1.948327
43.250,24.500,1.953983
43.500,24.500,1.959622
43.750,24.500,1.965245
44.000,24.500,1.970852
44.250,24.500,1.976443
44.500,24.500,1.982018
44.750,24.500,1.987578
45.000,24.500,1.993122
1.000,24.625,0.298765
1.250,24.625,0.334029
1.500,24.625,0.365911
1.750,24.625,0.395229
2.000,24.625,0.422517
2.250,24.625,0.448147
2.500,24.625,0.472389
2.750,24.625,0.495446
3.000,24.625,0.517476
3.250,24.625,0.538606
3.500,24.625,0.558938
3.750,24.625,0.578556
4.000,24.625,0.597530
4.250,24.625,0.615920
4.500,24.625,0.633776
4.750,24.625,0.651143
5.000,24.625,0.668059
5.250,24.625,0.684557
5.500,24.625,0.700666
5.750,24.625,0.716413
6.000,24.625,0.731822
6.250,24.625,0.746912
6.500,24.625,0.761704
6.750,24.625,0.776214
7.000,24.625,0.790458
7.250,24.625,0.804449
7.500,24.625,0.818202
7.750,24.625,0.831726
8.000,24.625,0.845035
8.250,24.625,0.858137
8.500,24.625,0.871042
8.750,24.625,0.883759
9.000,24.625,0.896295
9.250,24.625,0.908658
9.500,24.625,0.920855
9.750,24.625,0.932893
10.000,24.625,0.944778
10.250,24.625,0.956515
10.500,24.625,0.968109
10.750,24.625,0.979566
11.000,24.625,0.990891
11.250,24.625,1.002088
11.500,24.625,1.013161
11.750,24.625,1.024115
12.000,24.625,1.034952
12.250,24.625,1.045677
12.500,24.625,1.056294
12.750,24.625,1.066804
13.000,24.625,1.077212
13.250,24.625,1.087521
13.500,24.625,1.097733
13.750,24.625,1.107850
14.000,24.625,1.117876
14.250,24.625,1.127813
14.500,24.625,1.137663
14.750,24.625,1.147429
15.000,24.625,1.157112
15.250,24.625,1.166714
15.500,24.625,1.176239
15.750,24.625,1.185687
16.000,24.625,1.195060
16.250,24.625,1.204360
16.500,24.625,1.213589
16.750,24.625,1.222748
17.000,24.625,1.231839
17.250,24.625,1.240864
17.500,24.625,1.249823
17.750,24.625,1.258719
18.000,24.625,1.267552
18.250,24.625,1.276324
18.500,24.625,1.285037
18.750,24.625,1.293690
19.000,24.625,1.302286
19.250,24.625,1.310826
19.500,24.625,1.319310
19.750,24.625,1.327740
20.000,24.625,1.336117
20.250,24.625,1.344442
20.500,24.625,1.352716
20.750,24.625,1.360939
21.000,24.625,1.369113
21.250,24.625,1.377238
21.500,24.625,1.385316
21.750,24.625,1.393347
22.000,24.625,1.401332
22.250,24.625,1.409271
22.500,24.625,1.417167
22.750,24.625,1.425018
23.000,24.625,1.432826
23.250,24.625,1.440592
23.500,24.625,1.448317
23.750,24.625,1.456000
24.000,24.625,1.463643
24.250,24.625,1.471247
24.500,24.625,1.478811
24.750,24.625,1.486337
25.000,24.625,1.493825
25.250,24.625,1.501275
25.500,24.625,1.508689
25.750,24.625,1.516067
26.000,24.625,1.523408
26.250,24.625,1.530715
26.500,24.625,1.537987
26.750,24.625,1.545224
27.000,24.625,1.552428
27.250,24.625,1.559599
27.500,24.625,1.566737
27.750,24.625,1.573842
28.000,24.625,1.580916
28.250,24.625,1.587958
28.500,24.625,1.594968
28.750,24.625,1.601949
29.000,24.625,1.608899
29.250,24.625,1.615819
29.500,24.625,1.622709
29.750,24.625,1.629570
30.000,24.625,1.636403
30.250,24.625,1.643207
30.500,24.625,1.649983
30.750,24.625,1.656732
31.000,24.625,1.663453
31.250,24.625,1.670147
31.500,24.625,1.676814
31.750,24.625,1.683455
32.000,24.625,1.690070
32.250,24.625,1.696659
32.500,24.625,1.703222
32.750,24.625,1.709761
33.000,24.625,1.716274
33.250,24.625,1.722763
33.500,24.625,1.729227
33.750,24.625,1.735668
34.000,24.625,1.742084
34.250,24.625,1.748477
34.500,24.625,1.754847
34.750,24.625,1.761193
35.000,24.625,1.767517
35.250,24.625,1.773819
35.500,24.625,1.780098
35.750,24.625,1.786355
36.000,24.625,1.792590
36.250,24.625,1.798803
36.500,24.625,1.804995
36.750,24.625,1.811166
37.000,24.625,1.817316
37.250,24.625,1.823446
37.500,24.625,1.829554
37.750,24.625,1.835643
38.000,24.625,1.841711
38.250,24.625,1.847759
38.500,24.625,1.853788
38.750,24.625,1.859797
39.000,24.625,1.865787
39.250,24.625,1.871757
39.500,24.625,1.877709
39.750,24.625,1.883641
40.000,24.625,1.889555
40.250,24.625,1.895451
40.500,24.625,1.901329
40.750,24.625,1.907188
41.000,24.625,1.913029
41.250,24.625,1.918853
41.500,24.625,1.924659
41.750,24.625,1.930447
42.000,24.625,1.936218
42.250,24.625,1.941972
42.500,24.625,1.947709
42.750,24.625,1.953429
43.000,24.625,1.959133
43.250,24.625,1.964820
43.500,24.625,1.970490
43.750,24.625,1.976144
44.000,24.625,1.981783
44.250,24.625,1.987405
44.500,24.625,1.993011
44.750,24.625,1.998601
45.000,24.625,2.004176
1.000,24.750,0.300413
1.250,24.750,0.335872
1.500,24.750,0.367929
1.750,24.750,0.397409
2.000,24.750,0.424848
2.250,24.750,0.450619
2.500,24.750,0.474994
2.750,24.750,0.498178
3.000,24.750,0.520330
3.250,24.750,0.541577
3.500,24.750,0.562021
3.750,24.750,0.581747
4.000,24.750,0.600826
4.250,24.750,0.619317
4.500,24.750,0.637272
4.750,24.750,0.654735
5.000,24.750,0.671743
5.250,24.750,0.688332
5.500,24.750,0.704531
5.750,24.750,0.720365
6.000,24.750,0.735858
6.250,24.750,0.751032
6.500,24.750,0.765905
6.750,24.750,0.780495
7.000,24.750,0.794818
7.250,24.750,0.808886
7.500,24.750,0.822714
7.750,24.750,0.836314
8.000,24.750,0.849696
8.250,24.750,0.862870
8.500,24.750,0.875846
8.750,24.750,0.888633
9.000,24.750,0.901238
9.250,24.750,0.913670
9.500,24.750,0.925935
9.750,24.750,0.938039
10.000,24.750,0.949989
10.250,24.750,0.961790
10.500,24.750,0.973449
10.750,24.750,0.984969
11.000,24.750,0.996357
11.250,24.750,1.007615
11.500,24.750,1.018749
11.750,24.750,1.029763
12.000,24.750,1.040661
12.250,24.750,1.051445
12.500,24.750,1.062120
12.750,24.750,1.072688
13.000,24.750,1.083154
13.250,24.750,1.093519
13.500,24.750,1.103787
13.750,24.750,1.113961
14.000,24.750,1.124042
14.250,24.750,1.134034
14.500,24.750,1.143938
14.750,24.750,1.153757
15.000,24.750,1.163494
15.250,24.750,1.173150
15.500,24.750,1.182726
15.750,24.750,1.192226
16.000,24.750,1.201651
16.250,24.750,1.211003
16.500,24.750,1.220283
16.750,24.750,1.229492
17.000,24.750,1.238634
17.250,24.750,1.247708
17.500,24.750,1.256717
17.750,24.750,1.265662
18.000,24.750,1.274544
18.250,24.750,1.283364
18.500,24.750,1.292124
18.750,24.750,1.300826
19.000,24.750,1.309469
19.250,24.750,1.318056
19.500,24.750,1.326587
19.750,24.750,1.335064
20.000,24.750,1.343487
20.250,24.750,1.351858
20.500,24.750,1.360177
20.750,24.750,1.368446
21.000,24.750,1.376664
21.250,24.750,1.384835
21.500,24.750,1.392957
21.750,24.750,1.401032
22.000,24.750,1.409061
22.250,24.750,1.417044
22.500,24.750,1.424983
22.750,24.750,1.432878
23.000,24.750,1.440729
23.250,24.750,1.448538
23.500,24.750,1.456305
23.750,24.750,1.464031
24.000,24.750,1.471716
24.250,24.750,1.479362
24.500,24.750,1.486968
24.750,24.750,1.494535
25.000,24.750,1.502064
25.250,24.750,1.509556
25.500,24.750,1.517010
25.750,24.750,1.524429
26.000,24.750,1.531811
26.250,24.750,1.539158
26.500,24.750,1.546470
26.750,24.750,1.553747
27.000,24.750,1.560991
27.250,24.750,1.568201
27.500,24.750,1.575378
27.750,24.750,1.582523
28.000,24.750,1.589635
28.250,24.750,1.596716
28.500,24.750,1.603766
28.750,24.750,1.610784
29.000,24.750,1.617773
29.250,24.750,1.624731
29.500,24.750,1.631659
29.750,24.750,1.638558
30.000,24.750,1.645429
30.250,24.750,1.652271
30.500,24.750,1.659084
30.750,24.750,1.665870
31.000,24.750,1.672628
31.250,24.750,1.679359
31.500,24.750,1.686063
31.750,24.750,1.692740
32.000,24.750,1.699392
32.250,24.750,1.706017
32.500,24.750,1.712617
32.750,24.750,1.719191
33.000,24.750,1.725740
33.250,24.750,1.732265
33.500,24.750,1.738765
33.750,24.750,1.745241
34.000,24.750,1.751693
34.250,24.750,1.758121
34.500,24.750,1.764526
34.750,24.750,1.770907
35.000,24.750,1.777266
35.250,24.750,1.783602
35.500,24.750,1.789916
35.750,24.750,1.796207
36.000,24.750,1.802477
36.250,24.750,1.808725
36.500,24.750,1.814951
36.750,24.750,1.821156
37.000,24.750,1.827340
37.250,24.750,1.833503
37.500,24.750,1.839645
37.750,24.750,1.845767
38.000,24.750,1.851869
38.250,24.750,1.857951
38.500,24.750,1.864013
38.750,24.750,1.870055
39.000,24.750,1.876077
39.250,24.750,1.882081
39.500,24.750,1.888065
39.750,24.750,1.894031
40.000,24.750,1.899978
40.250,24.750,1.905906
40.500,24.750,1.911815
40.750,24.750,1.917707
41.000,24.750,1.923581
41.250,24.750,1.929436
41.500,24.750,1.935274
41.750,24.750,1.941095
42.000,24.750,1.946898
42.250,24.750,1.952683
42.500,24.750,1.958452
42.750,24.750,1.964204
43.000,24.750,1.969939
43.250,24.750,1.975657
43.500,24.750,1.981359
43.750,24.750,1.987044
44.000,24.750,1.992713
44.250,24.750,1.998366
44.500,24.750,2.004003
44.750,24.750,2.009625
45.000,24.750,2.015230
1.000,24.875,0.302061
1.250,24.875,0.337714
1.500,24.875,0.369947
1.750,24.875,0.399589
2.000,24.875,0.427178
2.250,24.875,0.453091
2.500,24.875,0.477600
2.750,24.875,0.500911
3.000,24.875,0.523184
3.250,24.875,0.544548
3.500,24.875,0.565104
3.750,24.875,0.584938
4.000,24.875,0.604121
4.250,24.875,0.622714
4.500,24.875,0.640767
4.750,24.875,0.658326
5.000,24.875,0.675428
5.250,24.875,0.692108
5.500,24.875,0.708395
5.750,24.875,0.724316
6.000,24.875,0.739895
6.250,24.875,0.755152
6.500,24.875,0.770107
6.750,24.875,0.784777
7.000,24.875,0.799177
7.250,24.875,0.813323
7.500,24.875,0.827227
7.750,24.875,0.840901
8.000,24.875,0.854357
8.250,24.875,0.867603
8.500,24.875,0.880651
8.750,24.875,0.893508
9.000,24.875,0.906182
9.250,24.875,0.918682
9.500,24.875,0.931014
9.750,24.875,0.943184
10.000,24.875,0.955200
10.250,24.875,0.967066
10.500,24.875,0.978789
10.750,24.875,0.990372
11.000,24.875,1.001822
11.250,24.875,1.013142
11.500,24.875,1.024338
11.750,24.875,1.035412
12.000,24.875,1.046369
12.250,24.875,1.057212
12.500,24.875,1.067946
12.750,24.875,1.078572
13.000,24.875,1.089095
13.250,24.875,1.099518
13.500,24.875,1.109842
13.750,24.875,1.120071
14.000,24.875,1.130208
14.250,24.875,1.140254
14.500,24.875,1.150213
14.750,24.875,1.160086
15.000,24.875,1.169876
15.250,24.875,1.179585
15.500,24.875,1.189214
15.750,24.875,1.198766
16.000,24.875,1.208243
16.250,24.875,1.217646
16.500,24.875,1.226976
16.750,24.875,1.236237
17.000,24.875,1.245428
17.250,24.875,1.254552
17.500,24.875,1.263611
17.750,24.875,1.272604
18.000,24.875,1.281535
18.250,24.875,1.290404
18.500,24.875,1.299212
18.750,24.875,1.307961
19.000,24.875,1.316652
19.250,24.875,1.325286
19.500,24.875,1.333864
19.750,24.875,1.342387
20.000,24.875,1.350856
20.250,24.875,1.359273
20.500,24.875,1.367638
20.750,24.875,1.375952
21.000,24.875,1.384216
21.250,24.875,1.392431
21.500,24.875,1.400598
21.750,24.875,1.408717
22.000,24.875,1.416790
22.250,24.875,1.424817
22.500,24.875,1.432800
22.750,24.875,1.440738
23.000,24.875,1.448632
23.250,24.875,1.456484
23.500,24.875,1.464294
23.750,24.875,1.472062
24.000,24.875,1.479789
24.250,24.875,1.487476
24.500,24.875,1.495124
24.750,24.875,1.502733
25.000,24.875,1.510303
25.250,24.875,1.517836
25.500,24.875,1.525332
25.750,24.875,1.532791
26.000,24.875,1.540213
26.250,24.875,1.547601
26.500,24.875,1.554953
26.750,24.875,1.562270
27.000,24.875,1.569553
27.250,24.875,1.576803
27.500,24.875,1.584020
27.750,24.875,1.591203
28.000,24.875,1.598355
28.250,24.875,1.605475
28.500,24.875,1.612563
28.750,24.875,1.619620
29.000,24.875,1.626647
29.250,24.875,1.633643
29.500,24.875,1.640609
29.750,24.875,1.647547
30.000,24.875,1.654455
30.250,24.875,1.661334
30.500,24.875,1.668185
30.750,24.875,1.675008
31.000,24.875,1.681803
31.250,24.875,1.688571
31.500,24.875,1.695311
31.750,24.875,1.702026
32.000,24.875,1.708713
32.250,24.875,1.715375
32.500,24.875,1.722011
32.750,24.875,1.728621
33.000,24.875,1.735207
33.250,24.875,1.741767
33.500,24.875,1.748303
33.750,24.875,1.754814
34.000,24.875,1.761301
34.250,24.875,1.767765
34.500,24.875,1.774205
34.750,24.875,1.780622
35.000,24.875,1.787015
35.250,24.875,1.793386
35.500,24.875,1.799734
35.750,24.875,1.806060
36.000,24.875,1.812364
36.250,24.875,1.818646
36.500,24.875,1.824907
36.750,24.875,1.831146
37.000,24.875,1.837363
37.250,24.875,1.843560
37.500,24.875,1.849736
37.750,24.875,1.855892
38.000,24.875,1.862027
38.250,24.875,1.868142
38.500,24.875,1.874237
38.750,24.875,1.880313
39.000,24.875,1.886368
39.250,24.875,1.892405
39.500,24.875,1.898422
39.750,24.875,1.904420
40.000,24.875,1.910400
40.250,24.875,1.916360
40.500,24.875,1.922302
40.750,24.875,1.928226
41.000,24.875,1.934132
41.250,24.875,1.940020
41.500,24.875,1.945890
41.750,24.875,1.951742
42.000,24.875,1.957577
42.250,24.875,1.963394
42.500,24.875,1.969195
42.750,24.875,1.974978
43.000,24.875,1.980744
43.250,24.875,1.986494
43.500,24.875,1.992227
43.750,24.875,1.997944
44.000,24.875,2.003644
44.250,24.875,2.009328
44.500,24.875,2.014996
44.750,24.875,2.020648
45.000,24.875,2.026285
1.000,25.000,0.303709
1.250,25.000,0.339556
1.500,25.000,0.371965
1.750,25.000,0.401769
2.000,25.000,0.429509
2.250,25.000,0.455563
2.500,25.000,0.480205
2.750,25.000,0.503644
3.000,25.000,0.526039
3.250,25.000,0.547518
3.500,25.000,0.568187
3.750,25.000,0.588129
4.000,25.000,0.607417
4.250,25.000,0.626111
4.500,25.000,0.644263
4.750,25.000,0.661917
5.000,25.000,0.679113
5.250,25.000,0.695884
5.500,25.000,0.712260
5.750,25.000,0.728268
6.000,25.000,0.743931
6.250,25.000,0.759271
6.500,25.000,0.774308
6.750,25.000,0.789058
7.000,25.000,0.803537
7.250,25.000,0.817760
7.500,25.000,0.831740
7.750,25.000,0.845489
8.000,25.000,0.859018
8.250,25.000,0.872336
8.500,25.000,0.885455
8.750,25.000,0.898382
9.000,25.000,0.911126
9.250,25.000,0.923694
9.500,25.000,0.936093
9.750,25.000,0.948330
10.000,25.000,0.960411
10.250,25.000,0.972342
10.500,25.000,0.984128
10.750,25.000,0.995775
11.000,25.000,1.007287
11.250,25.000,1.018669
11.500,25.000,1.029926
11.750,25.000,1.041060
12.000,25.000,1.052077
12.250,25.000,1.062980
12.500,25.000,1.073772
12.750,25.000,1.084456
13.000,25.000,1.095037
13.250,25.000,1.105516
13.500,25.000,1.115896
13.750,25.000,1.126181
14.000,25.000,1.136373
14.250,25.000,1.146475
14.500,25.000,1.156488
14.750,25.000,1.166415
15.000,25.000,1.176258
15.250,25.000,1.186020
15.500,25.000,1.195702
15.750,25.000,1.205306
16.000,25.000,1.214834
16.250,25.000,1.224288
16.500,25.000,1.233670
16.750,25.000,1.242981
17.000,25.000,1.252222
17.250,25.000,1.261396
17.500,25.000,1.270504
17.750,25.000,1.279547
18.000,25.000,1.288526
18.250,25.000,1.297444
18.500,25.000,1.306300
18.750,25.000,1.315097
19.000,25.000,1.323835
19.250,25.000,1.332516
19.500,25.000,1.341141
19.750,25.000,1.349710
20.000,25.000,1.358226
20.250,25.000,1.366689
20.500,25.000,1.375099
20.750,25.000,1.383458
21.000,25.000,1.391767
21.250,25.000,1.400027
21.500,25.000,1.408239
21.750,25.000,1.416402
22.000,25.000,1.424519
22.250,25.000,1.432590
22.500,25.000,1.440616
22.750,25.000,1.448597
23.000,25.000,1.456535
23.250,25.000,1.464430
23.500,25.000,1.472282
23.750,25.000,1.480092
24.000,25.000,1.487862
24.250,25.000,1.495591
24.500,25.000,1.503281
24.750,25.000,1.510931
25.000,25.000,1.518543
25.250,25.000,1.526117
25.500,25.000,1.533653
25.750,25.000,1.541153
26.000,25.000,1.548616
26.250,25.000,1.556043
26.500,25.000,1.563435
26.750,25.000,1.570793
27.000,25.000,1.578116
27.250,25.000,1.585405
27.500,25.000,1.592661
27.750,25.000,1.599884
28.000,25.000,1.607075
28.250,25.000,1.614233
28.500,25.000,1.621360
28.750,25.000,1.628456
29.000,25.000,1.635521
29.250,25.000,1.642555
29.500,25.000,1.649560
29.750,25.000,1.656535
30.000,25.000,1.663480
30.250,25.000,1.670397
30.500,25.000,1.677285
30.750,25.000,1.684145
31.000,25.000,1.690978
31.250,25.000,1.697782
31.500,25.000,1.704560
31.750,25.000,1.711311
32.000,25.000,1.718035
32.250,25.000,1.724733
32.500,25.000,1.731405
32.750,25.000,1.738052
33.000,25.000,1.744673
33.250,25.000,1.751269
33.500,25.000,1.757840
33.750,25.000,1.764387
34.000,25.000,1.770910
34.250,25.000,1.777409
34.500,25.000,1.783884
34.750,25.000,1.790336
35.000,25.000,1.796764
35.250,25.000,1.803170
35.500,25.000,1.809553
35.750,25.000,1.815913
36.000,25.000,1.822251
36.250,25.000,1.828568
36.500,25.000,1.834862
36.750,25.000,1.841135
37.000,25.000,1.847387
37.250,25.000,1.853618
37.500,25.000,1.859827
37.750,25.000,1.866017
38.000,25.000,1.872185
38.250,25.000,1.878334
38.500,25.000,1.884462
38.750,25.000,1.890571
39.000,25.000,1.896659
39.250,25.000,1.902729
39.500,25.000,1.908779
39.750,25.000,1.914810
40.000,25.000,1.920822
40.250,25.000,1.926815
40.500,25.000,1.932789
40.750,25.000,1.938746
41.000,25.000,1.944684
41.250,25.000,1.950604
41.500,25.000,1.956506
41.750,25.000,1.962390
42.000,25.000,1.968256
42.250,25.000,1.974106
42.500,25.000,1.979938
42.750,25.000,1.985752
43.000,25.000,1.991550
43.250,25.000,1.997331
43.500,25.000,2.003096
43.750,25.000,2.008843
44.000,25.000,2.014575
44.250,25.000,2.020290
44.500,25.000,2.025989
44.750,25.000,2.031672
45.000,25.000,2.037339
